village,subdistrict
hadnal,chikodi
sulagaon,chikodi
mattiwade,chikodi
bhatnaganur,chikodi
kurli,chikodi
appachiwadi,chikodi
koganoli,chikodi
hanabarawadi,chikodi
hanchinal (k.s.),chikodi
benadi,chikodi
bolewadi,chikodi
akkol,chikodi
padlihal,chikodi
lakhanapur,chikodi
jatrat,chikodi
adi,chikodi
bhivashi,chikodi
naganur,chikodi
yamagarni,chikodi
soundalga,chikodi
budihal,chikodi
kodni,chikodi
gayakanawadi,chikodi
shirguppi,chikodi
pangeri (b),chikodi
budulmukh,chikodi
shendur,chikodi
gondikuppi,chikodi
yarnal,chikodi
nippani (rural),chikodi
amalzari,chikodi
gavan,chikodi
tavadi,chikodi
manakapur,chikodi
kasanal,chikodi
donewadi,chikodi
boragaon,chikodi
boragaonwadi,chikodi
sadalaga (rural),chikodi
janwad,chikodi
shiradwad,chikodi
karadaga,chikodi
barwad,chikodi
mangur,chikodi
kunnur,chikodi
gajabarwadi,chikodi
shivapurawadi,chikodi
bhoj,chikodi
hunnaragi,chikodi
sidnal,chikodi
mamadapur (kl),chikodi
bhimapurwadi,chikodi
galatga,chikodi
dilalapurwadi,chikodi
bedkihal,chikodi
shamanewadi,chikodi
nej,chikodi
nagaral,chikodi
nanadiwadi,chikodi
nanadi,chikodi
malikwad,chikodi
examba,chikodi
kallol,chikodi
yadyanawadi,chikodi
yadurwadi,chikodi
chandur,chikodi
chandur - tek,chikodi
yadur,chikodi
hosa yedur,chikodi
ingali,chikodi
manjari,chikodi
manjariwadi,chikodi
ankali,chikodi
shiddapurwadi,chikodi
kadapur,chikodi
jodakurli,chikodi
kerur,chikodi
roopanal,chikodi
hirekudi,chikodi
chikodi (rural),chikodi
kuppanawadi,chikodi
girgaon,chikodi
shirgaon,chikodi
shiragaonwadi,chikodi
khadaklat,chikodi
thapakarwadi,chikodi
pangire (a),chikodi
rampur,chikodi
chikalwal,chikodi
manuchiwadi,chikodi
sankanwadi,chikodi
navalihal,chikodi
peerawadi,chikodi
pattankudi,chikodi
walki,chikodi
nainglaj,chikodi
dhulaganawadi,chikodi
kuthali,chikodi
kothali,chikodi
chinchani,chikodi
handyanwadi,chikodi
umrani,chikodi
itnal,chikodi
nagaramunnoli,chikodi
belkud,chikodi
bambalwad,chikodi
kungatolli,chikodi
karoshi,chikodi
jainapur,chikodi
toranahalli,chikodi
bidrahalli,chikodi
hattarwat,chikodi
mangnur,chikodi
wadral,chikodi
majalatti,chikodi
khajagoudanhatti,chikodi
mugali,chikodi
kamatyanahatti,chikodi
bennihalli,chikodi
karagaon,chikodi
donawad,chikodi
hanchinal (k.k.),chikodi
belagali,chikodi
kenchanatti,chikodi
meerapurhatti,chikodi
kabbur,chikodi
jodatti,chikodi
vijayanagar,chikodi
pogatyanatti,chikodi
jaganur,chikodi
mamadapur (kk),chikodi
pandegaon,athni
khilegaon,athni
ajur,athni
anantapur,athni
malabad,athni
bevanoor,athni
tawashi,athni
naganur p.a.,athni
shirur,athni
sambaragi,athni
aralihatti,athni
bammanal,athni
vishnuvadi,athni
jakkaratti,athni
jambagi,athni
kallotti,athni
kiranagi,athni
balligeri,athni
gundewadi,athni
shivanoor,athni
madabhavi,athni
tevaratti,athni
siddewadi,athni
hanamapur,athni
agrani-ingalgaon,athni
abbihal,athni
parthanahalli,athni
mavinahatti,athni
chamakeri,athni
bedarahatti,athni
kagawad,athni
mangavati,athni
jugul,athni
shahapur,athni
shiraguppi,athni
molwad,athni
kusnal,athni
ugar budruk,athni
ugar khurd,athni
farida khanawadi,athni
shedbal,athni
lokur,athni
mangasuli,athni
kempwad,athni
navalihal,athni
koulgudd,athni
mole,athni
katral,athni
ainapur,athni
krishna kittur,athni
banajawad,athni
muragundi,athni
masarguppi,athni
devaradderahatti,athni
athani (rural) (part),athni
tangadi,athni
shinal,athni
sankonahatti,athni
hulagabali,athni
nadi-ingalgaon,athni
teerth,athni
saptasagar,athni
chikkud,athni
darur,athni
halyal,athni
avarkhod,athni
naganur p.k.,athni
khavatkoppa,athni
sankaratti,athni
shegunshi,athni
dodwad,athni
satti,athni
radderahatti,athni
nandeshwar,athni
mahishwadgi,athni
janawad,athni
savadi,athni
ramateerth,athni
kakamari,athni
kottalgi,athni
bannur,athni
telsang,athni
kannal,athni
fadatarawadi,athni
aigali,athni
kohalli,athni
keskaradaddi,athni
adalatti,athni
adahalli,athni
yelihadalagi,athni
yakkanchi,athni
badachi,athni
desairatti,athni
khotanatti,athni
aratal,athni
halalli,athni
badagi,athni
yallammawadi,athni
dhabadhabahatti,athni
kokatnoor,athni
buralatti,athni
katageri,athni
kodaganoor,athni
nandagaon,athni
ghatanatti,athni
balawad,athni
shirahatti,athni
junjarwad,athni
suttatti,athni
athni (og) (part),athni
soundatti,raybag
diggewadi (old),raybag
jalalpur,raybag
bhiradi,raybag
chinchali,raybag
raibag (rural),raybag
kanchakarawadi,raybag
yadrav,raybag
nasalapur,raybag
nandikurali,raybag
kempatti,raybag
mekhali,raybag
maradi,raybag
devanakatti,raybag
budihal,raybag
bavachi,raybag
hubbarwadi,raybag
nagaral,raybag
bommanal,raybag
biranal,raybag
byakud,raybag
mavinhonda,raybag
girinaikwadi,raybag
jodahatti,raybag
bhendwad,raybag
mantur,raybag
nipanal,raybag
kankanawadi,raybag
kudachi (rural),raybag
gundwad,raybag
shiragur,raybag
paramanandwadi,raybag
khemalapur,raybag
yelpratti,raybag
siddapur,raybag
koligudda,raybag
yabaratti,raybag
harugeri,raybag
badabyakud,raybag
alakhanur,raybag
nilaji,raybag
suttatti,raybag
morab,raybag
bekkeri,raybag
nidagundi,raybag
alagawadi,raybag
bastwad,raybag
hidakal,raybag
mugalkhod,raybag
khanadal,raybag
savasuddi,raybag
katakbhavi,raybag
devapurhatti,raybag
itanal,raybag
marakudi,raybag
palbhavi,raybag
sultanpur,raybag
handigund,raybag
kappalguddi,raybag
dandapur,gokak
tukkanatti,gokak
naganur,gokak
mudalgi (rural),gokak
gurlapur,gokak
hallur,gokak
shivapur,gokak
khanatti,gokak
munyal,gokak
kamaladinni,gokak
rangapur,gokak
dharmatti,gokak
patagundi,gokak
gujanatti,gokak
jokanatti,gokak
kallolli,gokak
rajapur,gokak
duradundi,gokak
ganeshwadi,gokak
badigwad,gokak
pamaladinni,gokak
mallapur (p.g.),gokak
khanapur,gokak
mutnal,gokak
nandagaon,gokak
konnur (rural),gokak
molmanatti,gokak
dhupadal,gokak
shindikurbet,gokak
arabhavi,gokak
lolasur,gokak
basaligundi,gokak
nallanatti,gokak
sanganakeri,gokak
hanamapur,gokak
balobal,gokak
beerangaddi,gokak
hunshyal (p.g.),gokak
waderatti,gokak
fulagaddi,gokak
masaguppi,gokak
godachinamalaki,gokak
shingalapur,gokak
gokak (rural),gokak
maladinni,gokak
upparatti,gokak
maradishivapur,gokak
mamadapur,gokak
ajjanakatti,gokak
benachinamaradi,gokak
kolavi,gokak
tavag,gokak
benachinamardi,gokak
urabinahatti,gokak
shigiholi,gokak
gaddiholi,gokak
kundargi,gokak
dhasanatti,gokak
musalamari,gokak
mallapur. s.a.,gokak
dum urabinahatti,gokak
akkatangerahal,gokak
madawal,gokak
iranattti,gokak
telaginahatti,gokak
kaitanal,gokak
ginimar hosur,gokak
hulikatti,gokak
panchanaikanatti,gokak
chikkanandi,gokak
herenandi,gokak
makkalageri,gokak
pudakalkatti,gokak
khanagaon,gokak
midakanatti,gokak
rajanakatti,gokak
arabhavi-dhavalatti,gokak
ankalgi,gokak
lagameshwar,gokak
gujanal,gokak
yaddalgudd,gokak
budihal,gokak
suladhal,gokak
panjanatti,gokak
kesappanatti,gokak
nabapur,gokak
devagoudanahatti,gokak
shiltibhavi,gokak
hirehatti,gokak
jamanal,gokak
hunshyal (p.y.),gokak
bisanakoppa,gokak
dhavaleshwar,gokak
aralimatti,gokak
avaradi,gokak
hale yaragudri,gokak
venkatapur,gokak
yaragudri,gokak
gulaganjikoppa,gokak
kamankatti,gokak
kopadatti,gokak
yadwad,gokak
timmapur,gokak
kuligod,gokak
hosatti,gokak
bairanatti,gokak
sunadholi,gokak
lakshmeshwar,gokak
honakuppi,gokak
shiddapurahatti,gokak
tigadi,gokak
talakatnal,gokak
udagatti,gokak
hadiginal,gokak
kalarkoppa,gokak
melavanki,gokak
chigadolli,gokak
adibatti,gokak
tapashi,gokak
betageri,gokak
kemmankol,gokak
kaparatti,gokak
bilakundi,gokak
gosabal,gokak
bagarnal,gokak
mannikeri,gokak
koujalgi,gokak
radderatti,gokak
kalliguddi,gokak
shippur,hukeri
hittani,hukeri
mattiwade,hukeri
naganur k.s.,hukeri
rashing,hukeri
bugatealur,hukeri
hadalga,hukeri
bhairapur,hukeri
shekinhosur,hukeri
konankeri,hukeri
honnihalli,hukeri
kanagale,hukeri
karajage,hukeri
sollapur,hukeri
haragapur,hukeri
bad,hukeri
alur (k.m),hukeri
akkiwat,hukeri
kesti,hukeri
borgal,hukeri
amminbhavi,hukeri
handigud,hukeri
ammanagi,hukeri
nidasoshi,hukeri
ankale,hukeri
sankeshwar (r),hukeri
kamatanur,hukeri
nerli,hukeri
masarguppi,hukeri
gavanal,hukeri
gotur,hukeri
hebbal,hukeri
kochari,hukeri
chikalgud,hukeri
u khanapur,hukeri
hanchinal,hukeri
kurniwadi,hukeri
kurni,hukeri
arjunwad,hukeri
yadgud,hukeri
shelapur,hukeri
bellambi,hukeri
shirhatti (bk),hukeri
sarapur,hukeri
shirhatti (kh),hukeri
bagewadi,hukeri
kadhatti,hukeri
shirdhan,hukeri
zangatihal,hukeri
gudas,hukeri
kotabagi,hukeri
hulloli,hukeri
hullolihatti,hukeri
hanjanatti,hukeri
yalimunoli,hukeri
jabapur (r),hukeri
hukkeri (rural),hukeri
madihalli,hukeri
raxi,hukeri
shiragaon,hukeri
awargol,hukeri
noginhal,hukeri
sultanpur,hukeri
beniwad,hukeri
madamakkanal,hukeri
bastawad,hukeri
goudawad,hukeri
badkundri,hukeri
yargatti,hukeri
yarnal,hukeri
hosur,hukeri
ingali,hukeri
hidkal,hukeri
hospet,hukeri
chilbhavi,hukeri
aralikatti,hukeri
shindihatti,hukeri
hattialur,hukeri
nadigudiketra,hukeri
ankalgudiketra,hukeri
ghodageri,hukeri
thanahattargi,hukeri
yemakanmardi,hukeri
jinaral,hukeri
gudaganahatti,hukeri
mastiholi,hukeri
dadabanahatti,hukeri
mangutti,hukeri
benakanholi,hukeri
bolasyanahatti,hukeri
naganur k.m.,hukeri
naganur k.d.,hukeri
aldhal,hukeri
bidrewadi,hukeri
attihal,hukeri
kot,hukeri
bellanki,hukeri
dhondagatti,hukeri
shettihalli,hukeri
salamwadi,hukeri
khavanewadi,hukeri
modage,hukeri
daddi,hukeri
ramewadi,hukeri
biranholi,hukeri
islampur,hukeri
shahabandar,hukeri
chikkaladinni,hukeri
gutaguddi,hukeri
gejapati,hukeri
rajakatti,hukeri
shirur,hukeri
hagedal,hukeri
basapur,hukeri
wantmuri,hukeri
yallapur,hukeri
karguppi,hukeri
bannibagi,hukeri
bagarnal,hukeri
rustumpur,hukeri
pachapur,hukeri
gumchinmardi,hukeri
mavanur,hukeri
huland,khanapur
chigule,khanapur
kanakumbi,khanapur
chorla,khanapur
parwad,khanapur
chikhale,khanapur
betne,khanapur
talawade,khanapur
golyali,khanapur
betageri,khanapur
torali,khanapur
amate,khanapur
gawase,khanapur
amagaon,khanapur
chapoli,khanapur
kalmani,khanapur
habbanatti,khanapur
devachihatti,khanapur
bailur,khanapur
morab,khanapur
uchawade,khanapur
kusamalli,khanapur
olamani,khanapur
jamboti,khanapur
kapoli k.chapoli,khanapur
budase,khanapur
mugawade,khanapur
kabanali,khanapur
kavale,khanapur
kanjale,khanapur
amboli,khanapur
nilawade,khanapur
daroli,khanapur
otoli,khanapur
malavi,khanapur
alloli-kansoli,khanapur
modekop,khanapur
thirthkunde,khanapur
katagali,khanapur
nagurda,khanapur
harasanwadi,khanapur
bacholi,khanapur
ramgurwadi,khanapur
ganebail,khanapur
nittur,khanapur
idalhond,khanapur
garlagunji,khanapur
singinkop,khanapur
ankale,khanapur
khemewadi,khanapur
nidagal,khanapur
topinkatti,khanapur
bidarbhavi,khanapur
devalatti,khanapur
jainkoppa,khanapur
lokoli,khanapur
sannahosur,khanapur
bhandargali,khanapur
baragaon,khanapur
dukkarwadi,khanapur
mudewadi,khanapur
hattar gunji,khanapur
halakarni,khanapur
manasapur,khanapur
asoga,khanapur
rumewadi,khanapur
karambal,khanapur
koundal,khanapur
jalage,khanapur
kuppatagiri,khanapur
khanapur (rural),khanapur
doddahosur,khanapur
balogi,khanapur
yadoga,khanapur
lakkebail,khanapur
kamsinkop,khanapur
parishwad,khanapur
gadikop,khanapur
hire-hattiholi,khanapur
chikkahattiholi,khanapur
jikanur,khanapur
karvinkop,khanapur
chikkamanoli,khanapur
hiremanoli,khanapur
chikadinkop,khanapur
kagganagi,khanapur
kodachwad,khanapur
vaddebail,khanapur
chapagaon,khanapur
allehol,khanapur
shivoli,khanapur
karalga,khanapur
hebbal,khanapur
navage,khanapur
channewadi,khanapur
bhuttewadi,khanapur
zunjawad k.nandagad,khanapur
kasabanandgad,khanapur
khairwad,khanapur
hadalaga,khanapur
deminkop,khanapur
avarolli,khanapur
banki-basarikatti,khanapur
bekwad,khanapur
kadatanbagewadi,khanapur
hire-angrolli,khanapur
tolagi,khanapur
itagi,khanapur
bogur,khanapur
gandigwad,khanapur
holda,khanapur
kelil,khanapur
mendil,khanapur
degaon,khanapur
gavali,khanapur
pastoli,khanapur
kongale,khanapur
jamagaon,khanapur
hemmadaga,khanapur
abanali,khanapur
nerase,khanapur
manturga,khanapur
teregali,khanapur
shiroli,khanapur
dongargaon,khanapur
warkhadpatye,khanapur
akrali,khanapur
mohiset,khanapur
kirawale (k.g.),khanapur
ambewadi,khanapur
sangargali,khanapur
tivoli,khanapur
haruri,khanapur
shedegali,khanapur
honakal,khanapur
gangawali,khanapur
savargali,khanapur
shindholli,khanapur
dhokegali,khanapur
manikwadi,khanapur
gunji,khanapur
kamatage,khanapur
watre,khanapur
ghose (k.h.),khanapur
diggegali,khanapur
jatage,khanapur
bhalake (k.h.),khanapur
bhalake(b.k),khanapur
shimpewadi,khanapur
karanjal,khanapur
padalwadi,khanapur
halasal,khanapur
anagadi,khanapur
kapoli (k.g.),khanapur
ghose (b.k.),khanapur
potoli,khanapur
machali,khanapur
satanali,khanapur
manjarpai (k.g.),khanapur
mundwad-pimpale,khanapur
gharli,khanapur
chinchewadi,khanapur
kodagai,khanapur
shivathan,khanapur
shindholi (k.h.),khanapur
shindholli (b.k.),khanapur
bhatewadi,khanapur
malwad,khanapur
ghotagali,khanapur
devarai,khanapur
tarawad,khanapur
suwatawadi,khanapur
kumbarda,khanapur
bamanakop,khanapur
jambegali,khanapur
bastawad,khanapur
sulegali,khanapur
nagaragali,khanapur
bijagarni,khanapur
halashi,khanapur
mendegali,khanapur
halaga,khanapur
merada,khanapur
karajagi,khanapur
kirhalashi,khanapur
hattarwad,khanapur
gundapi,khanapur
sagare,khanapur
nanjankodal,khanapur
doddebail,khanapur
junjwad (k.g.),khanapur
bidi,khanapur
hindalagi,khanapur
chick-angrolli,khanapur
hulikottal,khanapur
handur,khanapur
kasamalagi,khanapur
mangenkop-alias ghosenatti,khanapur
adi,khanapur
golihalli,khanapur
chankebail,khanapur
gastoli,khanapur
bhuranaki,khanapur
maskenahatti,khanapur
balagund,khanapur
tavargatti,khanapur
bhistenatti,khanapur
godholi,khanapur
chunchwad,khanapur
karikatti,khanapur
kukenatti alias (ramapur),khanapur
kerwad (gundyanati),khanapur
surapur,khanapur
kakkeri,khanapur
linganmath,khanapur
gundolli,khanapur
godageri,khanapur
pur,khanapur
mouje nandgad (ct),khanapur
londa (ct),khanapur
deshanur,sampgaon
mohare,sampgaon
nesargi,sampgaon
koldur,sampgaon
mallapur kariyat nesargi,sampgaon
ujjanatti,sampgaon
hanabar hatti,sampgaon
gajaminhal,sampgaon
hoskoti,sampgaon
mastamaradi,sampgaon
sunakumpi,sampgaon
vannur,sampgaon
mekalmaradi,sampgaon
kalkuppi,sampgaon
somanatti,sampgaon
madanbhavi,sampgaon
mattikoppa,sampgaon
hogarti,sampgaon
hanamana hatti,sampgaon
sutagatti,sampgaon
bairanatti,sampgaon
yaraguddi,sampgaon
lakkundi,sampgaon
muraki bhavi,sampgaon
nagnur,sampgaon
bhavihal,sampgaon
yaragoppa,sampgaon
jakkanaikanakoppa,sampgaon
hannikeri,sampgaon
hiremele,sampgaon
marikatti,sampgaon
ganikoppa,sampgaon
shigihalli kariyat sampagaon,sampgaon
pularkoppa,sampgaon
navalgatti,sampgaon
giriyal kariyat bagewadi,sampgaon
benachinamardi,sampgaon
chick-bagewadi,sampgaon
tigadi,sampgaon
gaddikurvinkoppa,sampgaon
mardinagalapur,sampgaon
kallur,sampgaon
holihosur,sampgaon
kuragund,sampgaon
pattihal kariyat sampagaon,sampgaon
sampagaon (bailhongal),sampgaon
yaradal,sampgaon
neginhal,sampgaon
kesarkoppa,sampgaon
amarapur,sampgaon
m.k.hubli,sampgaon
veerapur,sampgaon
marganakoppa,sampgaon
dastikoppa,sampgaon
devarashigihalli,sampgaon
kadrolli,sampgaon
hunshikatti,sampgaon
turamari,sampgaon
kadatnal,sampgaon
kulamanatti,sampgaon
savatagi,sampgaon
khodanapur,sampgaon
kalabhavi,sampgaon
kotabagi,sampgaon
hulikatti kariyat ambadagatti,sampgaon
honnidibba,sampgaon
ambadagatti,sampgaon
tegur,sampgaon
tigadolli,sampgaon
bachanakeri,sampgaon
ugarkhod,sampgaon
dematti,sampgaon
chikkanadihalli,sampgaon
hirenandihalli,sampgaon
jamalur,sampgaon
metyal,sampgaon
awaradi,sampgaon
mallapur kariyat ambadagatti,sampgaon
bassapur,sampgaon
shigihalli kariyat ambadagatti,sampgaon
timmapur,sampgaon
basarkhod,sampgaon
degulhalli,sampgaon
bailur,sampgaon
degaon,sampgaon
giriyal-kariyat,sampgaon
channapur,sampgaon
kittur,sampgaon
yettinkeri,sampgaon
nichanaki,sampgaon
shivanur,sampgaon
marigeri,sampgaon
dombarkoppa,sampgaon
honnapur,sampgaon
kulavalli,sampgaon
katri daddi,sampgaon
sanikoppa,sampgaon
chivatagundi,sampgaon
bailwad,sampgaon
bailhongal (rural),sampgaon
devalapur,sampgaon
amatur,sampgaon
anigol,sampgaon
korvikoppa,sampgaon
wakkund,sampgaon
chikkmulakur,sampgaon
hiremulakur,sampgaon
bevinkoppa,sampgaon
holinagalapur,sampgaon
gudadur,sampgaon
sangolli,sampgaon
garjur,sampgaon
kenganoor,sampgaon
jalikoppa,sampgaon
arawalli,sampgaon
lingadahalli,sampgaon
budihal,sampgaon
mugabasav,sampgaon
udikeri,sampgaon
belawadi,sampgaon
pattihal k.b.,sampgaon
siddasamudra,sampgaon
hirebellikatti,sampgaon
turakarshigihalli,sampgaon
kadasagatti,sampgaon
bidaragaddi,sampgaon
budrakatti,sampgaon
govanakoppa,sampgaon
chikkabellikatti,sampgaon
gudikatti,sampgaon
dodawad,sampgaon
nanagundikoppa,sampgaon
akkisagar,parasgad
dasanal,parasgad
mellikeri,parasgad
mugalihal,parasgad
govanakoppa k.s.,parasgad
tavalageri,parasgad
kurabagatti,parasgad
kodliwad,parasgad
itnal,parasgad
korakoppa,parasgad
sattigeri,parasgad
gudamakeri,parasgad
yaraganavi,parasgad
madamageri,parasgad
kotur,parasgad
shivapur,parasgad
goraguddi,parasgad
kadabi,parasgad
bolakadabi,parasgad
yarazarvi,parasgad
budigoppa,parasgad
yaragatti,parasgad
soppadla,parasgad
rainapur,parasgad
aladakatti k.m,parasgad
nugganatti,parasgad
tallur,parasgad
somapur,parasgad
jalikatti,parasgad
jeevapur,parasgad
shrirangapur,parasgad
benakatti,parasgad
madlur,parasgad
mabanur,parasgad
chikkabudanur,parasgad
kutaranatti,parasgad
hirebudanur,parasgad
malagali,parasgad
tadasalur,parasgad
gundlur,parasgad
chachadi,parasgad
gontamar,parasgad
mutawad,parasgad
inchal,parasgad
harugoppa,parasgad
basargi [k.m.],parasgad
halaki,parasgad
mahantheshnagar,parasgad
jangamabudagatti,parasgad
shivanagar,parasgad
murgod,parasgad
girinagar,parasgad
rudrapur,parasgad
karimani,parasgad
dundanakoppa,parasgad
hirekoppa k.m.,parasgad
marakumbi,parasgad
chikkoppa k.m.,parasgad
hosur,parasgad
sogal,parasgad
kagihal,parasgad
mallur,parasgad
matolli,parasgad
ingalagi,parasgad
yenagi,parasgad
sutagatti,parasgad
hittanagi,parasgad
govanakoppa k.y.,parasgad
bommagadikoppa,parasgad
chakrageri,parasgad
karlakatti,parasgad
venkateshnagar,parasgad
aladakatti k.y,parasgad
dhupdal,parasgad
yakkundi,parasgad
badli,parasgad
katral,parasgad
ganiyal,parasgad
nadavinahalli,parasgad
kenchalarkop,parasgad
gurlhosur,parasgad
shingarkop,parasgad
mugali,parasgad
asundi,parasgad
karikatti,parasgad
kencharamanahal,parasgad
yadahalli,parasgad
sangreshkoppa,parasgad
chikkulligeri,parasgad
inamhongal,parasgad
hireulligeri,parasgad
saundatti (rural),parasgad
yadravi,parasgad
betasur,parasgad
ugaragol,parasgad
harlapur,parasgad
dugabal,parasgad
hirekumbi,parasgad
renukanagar,parasgad
dhaderkoppa,parasgad
hanchinal,parasgad
manolli,parasgad
teggihal,parasgad
jakabal,parasgad
kitadal,parasgad
artagall,parasgad
basaragi inam,parasgad
taredakoppa,parasgad
bhandara halli,parasgad
hallur,parasgad
hirur,parasgad
shindhogi,parasgad
vatnal,parasgad
goravanakolla,parasgad
kadihalli,parasgad
kuravinakoppa,parasgad
ramanagar,parasgad
katamalli,parasgad
yakkeri,parasgad
gorabal,parasgad
basidoni,parasgad
shirasangi,parasgad
kallapur,parasgad
govanakoppa inam,parasgad
haralakatti,parasgad
manikatti,parasgad
hoolikatti,parasgad
hooli,parasgad
chikkumbi,parasgad
chulaki,parasgad
kagadal,parasgad
achamatti,parasgad
hulkund,ramdurg
kunnal,ramdurg
budnikhurd,ramdurg
kamakeri,ramdurg
guttigoli,ramdurg
hosakoti,ramdurg
tondikatti,ramdurg
chippalkatti,ramdurg
bhagojikoppa,ramdurg
hirekoppa k.s.,ramdurg
chikkoppa k.s.,ramdurg
murakatnal,ramdurg
k.chandargi,ramdurg
gudagoppa,ramdurg
m.chandargi,ramdurg
kamanakoppa,ramdurg
bijaguppi,ramdurg
channatti,ramdurg
gudakatti,ramdurg
kadampur,ramdurg
boodanur,ramdurg
kullur,ramdurg
panchagaon,ramdurg
beedaki,ramdurg
venktapur,ramdurg
shivanakote,ramdurg
udapudi,ramdurg
gudagumnal,ramdurg
rokkadakatti,ramdurg
dadibhavi salapur,ramdurg
naganur,ramdurg
somapur,ramdurg
batakurki,ramdurg
nandihal,ramdurg
timmapur s.a.,ramdurg
chennapur,ramdurg
shirasapur,ramdurg
chetan nagar,ramdurg
soppadla,ramdurg
aneguddi,ramdurg
hanamapur s.u.,ramdurg
umatar,ramdurg
karadigudda,ramdurg
m.timmapur,ramdurg
m.khanapur,ramdurg
m.kallapur,ramdurg
krishnanagar,ramdurg
kalamad,ramdurg
mudenur,ramdurg
halagatti,ramdurg
mudakavi,ramdurg
idagal,ramdurg
lingadal,ramdurg
hiremulangi,ramdurg
chikkamulangi,ramdurg
hosakeri,ramdurg
bennur,ramdurg
chiktadashi,ramdurg
hiretadashi,ramdurg
kesaragoppa,ramdurg
totagatti,ramdurg
sidnal,ramdurg
godachi,ramdurg
narasapur,ramdurg
bannur,ramdurg
sarakote devapur,ramdurg
venkateshwarnagar,ramdurg
obalapur,ramdurg
gokulnagar,ramdurg
durganagar,ramdurg
aribenchi,ramdurg
kankanwadi,ramdurg
sunnal,ramdurg
chilamur,ramdurg
katakol,ramdurg
toranagatti,ramdurg
ujjinakoppa,ramdurg
padamandi,ramdurg
chunchanur,ramdurg
hanama sagar,ramdurg
khanapeth,ramdurg
gonaganur,ramdurg
bochabal,ramdurg
mallapur,ramdurg
maganur,ramdurg
k.junipeth,ramdurg
halolli,ramdurg
ramapur,ramdurg
haletoragal,ramdurg
turanur (part),ramdurg
kilabanur (part),ramdurg
rankalkoppa,ramdurg
dodamangadi,ramdurg
chinchakhandi,ramdurg
ghatakanur,ramdurg
kolachi,ramdurg
huligoppa,ramdurg
gonnagar,ramdurg
sureban,ramdurg
maradagi,ramdurg
hampiholi,ramdurg
manihal,ramdurg
jalikatti,ramdurg
lakhanayakanakoppa,ramdurg
kallur,ramdurg
mullur,ramdurg
mudenkoppa,ramdurg
kadlikoppa,ramdurg
kittur,ramdurg
revadikoppa,ramdurg
shivapeth,ramdurg
awaradi,ramdurg
sangal,ramdurg
chikkoppa s.k.,ramdurg
kalhal,ramdurg
turanur (og) (part),ramdurg
kilabanur (og) (part),ramdurg
kalhatti,jamkhandi
terdal (rural),jamkhandi
tamadaddi,jamkhandi
halingali,jamkhandi
madanamatti,jamkhandi
asangi,jamkhandi
kulhalli,jamkhandi
hipparagi,jamkhandi
madarkhandi,jamkhandi
bandigani,jamkhandi
yallatti,jamkhandi
jagadal,jamkhandi
banhatti (rural),jamkhandi
hosur,jamkhandi
rabkavi (rural),jamkhandi
hangandi,jamkhandi
sasalatti,jamkhandi
kaltippi,jamkhandi
golbhavi,jamkhandi
yaragatti,jamkhandi
chimmad,jamkhandi
navalgi,jamkhandi
kalhalli,jamkhandi
shiraguppi,jamkhandi
maigur,jamkhandi
muttur,jamkhandi
kankanawadi,jamkhandi
albal,jamkhandi
hanchinal,jamkhandi
kadakol,jamkhandi
sanal,jamkhandi
alagur,jamkhandi
kunchanur,jamkhandi
kumbarhal,jamkhandi
jamkhandi (rural),jamkhandi
kadapatti,jamkhandi
hunnur,jamkhandi
ramateerth,jamkhandi
jakanur,jamkhandi
chingundi,jamkhandi
linganur,jamkhandi
hunashikatti,jamkhandi
hulyal,jamkhandi
siddapur,jamkhandi
mareguddi,jamkhandi
konnur,jamkhandi
gani,jamkhandi
budni,jamkhandi
tungal,jamkhandi
kuragod,jamkhandi
kajibilgi,jamkhandi
gothe,jamkhandi
kalbilagi,jamkhandi
gadyal,jamkhandi
kannolli,jamkhandi
savalagi,jamkhandi
tubachi,jamkhandi
shurpali,jamkhandi
jambagi.(k.d.),jamkhandi
jambagi.(b.k.),jamkhandi
takkod,jamkhandi
takkalaki,jamkhandi
adihudi,jamkhandi
todalbagi,jamkhandi
hirepadasalgi,jamkhandi
naganur,jamkhandi
chikkalaki,jamkhandi
chikkapadasalgi,jamkhandi
kavatagi,jamkhandi
janawad,jamkhandi
bidari,jamkhandi
amalzari,bilgi
galagali,bilgi
rabkavi,bilgi
chowdapur,bilgi
chickhanchinal,bilgi
kolur,bilgi
mundaganur,bilgi
yadahalli,bilgi
gulbal,bilgi
budihal(s.g.),bilgi
bisnal,bilgi
shaktinagar,bilgi
shivanagar,bilgi
ramapratappa nagar,bilgi
nagaral,bilgi
siddapur,bilgi
teggi,bilgi
badgi,bilgi
girgaon,bilgi
gudadinni,bilgi
hanchinal(inam),bilgi
ballur,bilgi
kontikal,bilgi
sonna,bilgi
dhawaleshwar,bilgi
garadadinni,bilgi
bilgi (rural),bilgi
korti,bilgi
govinadinni,bilgi
badagandi,bilgi
takkalki,bilgi
rolli,bilgi
gundanapalli,bilgi
heggur,bilgi
lingapur.s.r,bilgi
godihal,bilgi
chinvalkoppa,bilgi
algundi,bilgi
koppa(s.k),bilgi
katarki,bilgi
lingapur(s.k),bilgi
shiraguppi,bilgi
arakeri,bilgi
durgapura,bilgi
janamatti,bilgi
sunaga,bilgi
mannikeri,bilgi
girisagar,bilgi
muttaladinni,bilgi
koppa s.r,bilgi
hadarihal,bilgi
beerkabbi,bilgi
kamadal,bilgi
mangur,bilgi
chicksangam,bilgi
kandagal,bilgi
honnihal,bilgi
badardinni,bilgi
yettinatti,bilgi
herkal,bilgi
tolamatti,bilgi
tummarmatti,bilgi
dattapura,bilgi
venkatapura,bilgi
kundargi,bilgi
bavalatti,bilgi
kovalli,bilgi
budhihal(s.h),bilgi
anagawadi,bilgi
kadapatti,bilgi
yelligutti,bilgi
saidapur,mudhol
madhabhavi,mudhol
bisanal,mudhol
kesrakoppa,mudhol
budni(p.d),mudhol
mahalingapur(rural),mudhol
belagali,mudhol
mugalkhod,mudhol
kulali,mudhol
shirol,mudhol
malapur,mudhol
soragoan,mudhol
malali,mudhol
nagaral,mudhol
akkimaradi,mudhol
nandagoan,mudhol
sanganatti,mudhol
marapur,mudhol
dhavaleshwar,mudhol
mallapur(p.j),mudhol
mirji,mudhol
vantigodi,mudhol
channal,mudhol
ranjanagi,mudhol
uttur,mudhol
jaliber,mudhol
rugi,mudhol
zunjarakopp,mudhol
mudhol(rural),mudhol
budni(p.m),mudhol
mantur,mudhol
kishori,mudhol
melligeri,mudhol
halagali,mudhol
metgud,mudhol
gulgal jambagi,mudhol
chinchakhandi(b.k),mudhol
chinchakhandi(k.d),mudhol
jeeragal,mudhol
ingalagi,mudhol
yadahalli,mudhol
baragi,mudhol
marikatti,mudhol
vajjaramatti,mudhol
alagundi(b.k),mudhol
budni  (b.k.),mudhol
machaknur,mudhol
budni khurd,mudhol
bidri,mudhol
antapur,mudhol
jambgi(k.d),mudhol
kasba jambgi(b.k),mudhol
muddapur,mudhol
petlur,mudhol
ningapur,mudhol
halaki,mudhol
bommanbudni,mudhol
timmapur,mudhol
hebbal,mudhol
chitrabanukoti,mudhol
chikkur,mudhol
bhantnur,mudhol
junnur,mudhol
badnur,mudhol
chawadapur,mudhol
naganapur,mudhol
kanasageri,mudhol
dadanatti,mudhol
hosakoti,mudhol
mallapur(p.l),mudhol
laxanatti,mudhol
lokapur,mudhol
jalikatti(b.k),mudhol
jadar-aralikatti,mudhol
varchagal,mudhol
palkimanya,mudhol
byadar-aralikatti,mudhol
jalikatti(k.d),mudhol
kadarakoppa,badami
hanamaneri inam,badami
yandigeri,badami
karadigudd s.a.,badami
neerabudihal,badami
ganganabudihal,badami
kerakalamatti,badami
kagalagomba,badami
sulikeri,badami
hoolageri,badami
bandakeri,badami
krishnapur,badami
jalageri,badami
kalabandakeri,badami
anawal,badami
hosakoti,badami
kainakatti,badami
sheeparamatti,badami
jangawad,badami
bellikindi,badami
hawalakhod,badami
fakeerabudihal,badami
narenur,badami
malagi,badami
yaragoppa inam,badami
agasarakoppa,badami
yankanchi,badami
gubberakoppa,badami
maninagar,badami
mattikatti,badami
kerur (rural),badami
saganur,badami
chinchalakatti,badami
hanamaneri (g),badami
kadapatti s.k,badami
hullikeri inam,badami
halakurki,badami
jammanakatti,badami
hulasageri,badami
katageri,badami
hangaragi,badami
khazibudihal,badami
kelawadi,badami
lingapur,badami
timasagar,badami
kotikall,badami
haradolli,badami
budanagad,badami
injanawari,badami
haladur,badami
allur. s.p.,badami
asangi,badami
padanakatti,badami
parwati,badami
khanapur.s.p.,badami
murudi,badami
thogunashi,badami
teggi,badami
hirebudihal,badami
lakkasakoppa,badami
konkanakoppa,badami
hansanoor,badami
raghapur,badami
hanapur.s.p.,badami
saraswathinagar,badami
hullikeri.s.p.,badami
kotnalli,badami
kataginahalli,badami
layadagundi,badami
subbalahunashi,badami
nagaral.s.p.,badami
chimmalagi,badami
mangalagudda,badami
katapur,badami
neeralakeri,badami
raddera timmapur,badami
haligeri,badami
halageri,badami
ugalawat,badami
mustigeri,badami
karadigudda.s.n.,badami
neelagund,badami
mamatageri,badami
hanamasagar,badami
kallapur.s.k,badami
tappasakatti,badami
kakanur,badami
chimmanakatti,badami
chirlakoppa,badami
khanapur s.k.,badami
somanakoppa,badami
aladakatti,badami
muttalageri,badami
mallapur,badami
lakhamapur,badami
belawalakoppa,badami
bankaneri,badami
timmapur s.n.,badami
narasapur,badami
kulageri,badami
karalakoppa,badami
haganur,badami
alur .s.k.,badami
talakawad,badami
beeranur,badami
govanakoppa,badami
wadawatti,badami
kalas,badami
kittali,badami
sulla,badami
hebballi,badami
mumaraddikoppa,badami
hiremuchalagudda,badami
chikkamuchalagudda,badami
bedarabudihal,badami
kutakanakeri,badami
kendur,badami
nandikeshwar,badami
bhadra nayakan jalihal,badami
bachinagudd,badami
pattadakall,badami
gonal,badami
shirabadagi,badami
mangalur,badami
govanaki,badami
nelwagi,badami
adagal,badami
kabbalageri,badami
badami (rural) *,badami
nagaral [s.b],badami
navilahole,badami
hosur,badami
hirenasabi,badami
chikkanasabi,badami
cholachagudda,badami
yaragoppa.s.b,badami
budihal,badami
jakanur,badami
neeralagi,badami
thaminal,badami
katharaki,badami
khyad,badami
manneri,badami
dhanakashirur,badami
belur,badami
jalihal,badami
guddada mallapur,badami
anantagiri,badami
nasagunni,badami
basarikatti,hungund
kadiwal kallapur,hungund
yeranaikanal,hungund
suralikal,hungund
basawanal,hungund
amblikoppa,hungund
muganur,hungund
budihal (s.k.),hungund
budihal (inam),hungund
bevinal,hungund
hiremagi,hungund
madapur,hungund
ramathal,hungund
huvinahalli,hungund
mullur,hungund
kalligudda,hungund
nimbalgundi,hungund
aiahole,hungund
kyadiggeri,hungund
kunabenchi,hungund
rakkasagi,hungund
sulibhavi,hungund
gorjnal,hungund
tallikeri,hungund
kelur,hungund
chilapur,hungund
benakanavari,hungund
siddanakolla,hungund
upnal (s.c.),hungund
bhimanagad,hungund
chikanal,hungund
muradi,hungund
gandal,hungund
dammur,hungund
vadageri,hungund
ilal,hungund
chickmagi,hungund
khairwadgi,hungund
papathanal,hungund
hiremalagavi,hungund
chickmalagavi,hungund
ganjihal,hungund
nandanoor,hungund
huvanur,hungund
varagodadinni,hungund
kengalkadapatti,hungund
katagur,hungund
turadagi,hungund
bisaladinni,hungund
valakaladinni,hungund
chowdakamaladinni,hungund
sangam,hungund
khajagal,hungund
iddalgi,hungund
bisanalkoppa,hungund
belgal,hungund
medinapur,hungund
hadagali,hungund
kirasur,hungund
timmapur,hungund
chittaragi,hungund
gangur,hungund
huliginal,hungund
kalagonal,hungund
bevinamatti,hungund
hireyaranakeri,hungund
chickyaranakeri,hungund
honnarahalli,hungund
nagur,hungund
yadahalli,hungund
chittawadgi,hungund
chickbadawadgi,hungund
virapur,hungund
bannihatti,hungund
hirebadawadgi,hungund
hungund (rural),hungund
kamadatta,hungund
adihal,hungund
yemmihatti,hungund
dhannur,hungund
hullalli,hungund
koppa(s.m.),hungund
marol,hungund
havaragi,hungund
koujaganur,hungund
anapakatti,hungund
indawar,hungund
islampur,hungund
amarawadgi,hungund
chinnapur (s.k.),hungund
dasbal,hungund
kesarapenti,hungund
vadergonal,hungund
kamaladinni,hungund
kadiwal(inam),hungund
jalakamaladinni,hungund
lavalasar,hungund
manmathanal,hungund
pochapur,hungund
kodihal,hungund
karadi,hungund
palti,hungund
konnur,hungund
chintakamaladinni,hungund
revadihal,hungund
bekamaladinni,hungund
hagedal,hungund
ramawadgi,hungund
amarawati,hungund
binjawadgi,hungund
ghattiganur,hungund
hemawadgi,hungund
turamari,hungund
tariwal,hungund
benakanadoni,hungund
chamalapur,hungund
kambalihal,hungund
hirehunakunti,hungund
chatnihal,hungund
malagihal,hungund
nidasanur,hungund
jambaladinni,hungund
gadisunkapur,hungund
chikadapur,hungund
nandavadgi,hungund
harnapur,hungund
hireadapur,hungund
hiresinganagutti,hungund
tumba,hungund
kesarabhavi,hungund
chinnapur (s.t.),hungund
herur,hungund
gopsani,hungund
chicksinganagutti,hungund
krishnapur,hungund
gonal (s.k.),hungund
kandgal,hungund
chick-otageri,hungund
vajjal,hungund
ingalgi,hungund
tondihal,hungund
ilkal (rural),hungund
gorbal,hungund
hire-otageri,hungund
gudur (s.b.),hungund
hanamanal,hungund
gonal (s.b.),hungund
hireupnal,hungund
balakundi,hungund
ishwarnagar,hungund
sankalapur,hungund
sevalalnagar,hungund
chickkodagali,hungund
hirekodagali,hungund
gugalmari,hungund
gonal (s.t.),hungund
maratgeri,hungund
somalapur,hungund
kamatgi (ct),hungund
aminagad (ct),hungund
gudur (ct),hungund
dasur,indi
umraj,indi
govindapur,indi
revathagaon,indi
shiradon,indi
hala halli,indi
nivargi,indi
sankha (old),indi
umrani (old),indi
hatta halli,indi
havinal,indi
chadchan,indi
konkanagaon,indi
jeerankalgi,indi
godihal,indi
kanchinal,indi
karur,indi
takali,indi
taddewadi,indi
maragur,indi
shirnal,indi
dhulikhed (old),indi
chanegaon,indi
shiragur khalasa,indi
anachi,indi
nandral,indi
halasangi,indi
yelgi [p.h.],indi
manankalgi,indi
gotyal,indi
loni [b.k.],indi
bardol,indi
nimbargi,indi
jigajeevani,indi
kataral,indi
kanakanal,indi
mahaveernagar,indi
inchageri,indi
hanumanagar,indi
satalagaon[p.b.],indi
dhumakanal,indi
shiganapur,indi
nandaragi,indi
ballolli,indi
jevoor,indi
zalaki,indi
mailar,indi
arajanal,indi
bhatagunaki,indi
bhairunagi,indi
hingani,indi
baragudi,indi
padanur,indi
lachyan,indi
loni (k.d),indi
ahirasang,indi
budihal,indi
anjutagi,indi
gundawan,indi
kapanimbargi,indi
sonakanahalli,indi
hadalasang,indi
vijayanagar,indi
savalsang,indi
koluragi,indi
horti,indi
halagunaki,indi
kudagi,indi
choragi,indi
chavadihal,indi
babalad,indi
hanjagi,indi
nimbal [k.d.],indi
nimbal [b.k.],indi
deginal,indi
basanal,indi
agasanal,indi
kotnal,indi
kyatanakeri,indi
rajanal,indi
lingadalli,indi
tadavalga,indi
atharga,indi
shirkanahalli,indi
benakanahalli,indi
ganavalga,indi
bolegaon,indi
shiragur inam (old),indi
agarkhed,indi
gubbewad,indi
mannur,indi
hirebevanur,indi
alur,indi
mavinalli,indi
indi (rural),indi
chickbevanur,indi
vasantanagar,indi
jainur,indi
satpur,indi
ingalgi,indi
nehrunagar,indi
bhuyar,indi
nagarhalli,indi
khedgi,indi
lalasangi,indi
satalagaon (p.i),indi
salotgi,indi
rugi,indi
tennihalli,indi
gornal,indi
masali[k.d.],indi
ramanagar,indi
naad[b.k.],indi
naad[k.d.],indi
golasar,indi
shivapur [k.h.],indi
rodagi,indi
miragi,indi
hanchinal,indi
arjunagi [k.h.],indi
arjunagi [b.k.],indi
marasanahalli,indi
teggihalli,indi
shirshyad,indi
sangogi,indi
masali[b.k.],indi
bannihatti,indi
tamba,indi
shivapur [b.k.],indi
kenginal,indi
gandhinagar,indi
wade,indi
bhanthanal,indi
kadani,sindgi
tavarkhed (old),sindgi
tarapur (old),sindgi
madanalli,sindgi
byadgihal (old),sindgi
devangaon,sindgi
kadlewad(p.a),sindgi
shambewad,sindgi
kumashigi,sindgi
bommanahalli,sindgi
kurabathalli,sindgi
almel,sindgi
thontapur,sindgi
vibhutihalli,sindgi
guddalli,sindgi
ramanahalli,sindgi
balaganur,sindgi
nagarhalli,sindgi
huvinahalli,sindgi
korhalli,sindgi
madari,sindgi
uchitnavadgi,sindgi
alahalli,sindgi
gundgi,sindgi
devaranavadgi,sindgi
havalgi,sindgi
shirasgi,sindgi
bagalur,sindgi
kulekumatgi,sindgi
kakkalameli,sindgi
somajal,sindgi
asangihal,sindgi
malaghan,sindgi
mangalur,sindgi
aheri,sindgi
bisnal,sindgi
gabasavalgi,sindgi
jatinal,sindgi
basavanagar,sindgi
moratgi,sindgi
hanchinal,sindgi
kerur,sindgi
guthargi,sindgi
bhantnur,sindgi
surgihalli,sindgi
chattarki,sindgi
hachyal,sindgi
chandkavathe,sindgi
hikkangutti,sindgi
kalahalli,sindgi
rampur(p.a),sindgi
bableshwar,sindgi
benakotgi,sindgi
sindgi (rural) *,sindgi
yargal(k.d),sindgi
yargal(b.k),sindgi
bhankalgi,sindgi
nagavi(b.k),sindgi
nagavi(k.d),sindgi
goravagundagi,sindgi
khainur,sindgi
muradi,sindgi
sungathan,sindgi
nandgeri,sindgi
yankanchi,sindgi
byalihal,sindgi
mannapur,sindgi
antargangi,sindgi
madabal,sindgi
byakod,sindgi
chikka-sindgi,sindgi
bandal,sindgi
ganihar,sindgi
somapur,sindgi
budihal(p.h),sindgi
othihal,sindgi
kannolli,sindgi
kokatnur,sindgi
chikka kokatnur,sindgi
puradol,sindgi
borgi,sindgi
shakapur (becharak),sindgi
banahatti(p.a),sindgi
gubbewad,sindgi
hadaginal,sindgi
handiganur,sindgi
bastihal,sindgi
kannaguddihal,sindgi
dhavalar,sindgi
sasabal,sindgi
golgeri,sindgi
chikka-allapur,sindgi
dambal,sindgi
karavinal,sindgi
bramhadevanmadu,sindgi
khanapur,sindgi
honnalli,sindgi
ganganahalli,sindgi
chandnagar,sindgi
hittinahalli,sindgi
chikkarugi,sindgi
kadlewad(p.c.h),sindgi
mulsavalgi,sindgi
padaganur,sindgi
sevalal nagar,sindgi
nivalkhed,sindgi
harnal,sindgi
ingalgi,sindgi
devara hippargi,sindgi
bommanjogi,sindgi
shantinagar,sindgi
devoor,sindgi
mannur,sindgi
ibrahimpur,sindgi
indiranagar,sindgi
jalwad,sindgi
budihal don,sindgi
korwar,sindgi
warkanhalli,sindgi
kondguli,sindgi
kerutagi,sindgi
tirupatinagar,sindgi
yalgod,sindgi
wandal,sindgi
kadrapur,sindgi
saladhalli,sindgi
animadu,sindgi
chattanahalli,sindgi
asantapur,sindgi
halagundaknal,sindgi
algur,sindgi
hunshyal,sindgi
kudargond,sindgi
tilgul,sindgi
hanchali,sindgi
nagaral don,sindgi
bibi-ingalgi,sindgi
ambalnur,sindgi
kesaratti,sindgi
binjalbhavi,sindgi
kalkeri,sindgi
rampur(p.t),sindgi
turkangeri,sindgi
budihal(p.t),sindgi
wanakihal,sindgi
bekinal,sindgi
bannihatti(p.t),sindgi
jalpur,sindgi
aski,sindgi
neeralgi,sindgi
mulawad,basavana bagevadi
kalgurki,basavana bagevadi
talewad,basavana bagevadi
kudgi,basavana bagevadi
shankarnagar,basavana bagevadi
masuti,basavana bagevadi
malghan,basavana bagevadi
ronihal,basavana bagevadi
kubakaddi,basavana bagevadi
hallada gennur,basavana bagevadi
garasangi (k.d.),basavana bagevadi
kolhar (old),basavana bagevadi
garasangi (b.k.),basavana bagevadi
muttaladinni,basavana bagevadi
asangi (b.k.),basavana bagevadi
asangi (k.d.),basavana bagevadi
kurubaradinni,basavana bagevadi
nagaradinni,basavana bagevadi
mattihal,basavana bagevadi
baluti . r.c,basavana bagevadi
halerolli.r.c.,basavana bagevadi
hanamapur,basavana bagevadi
siddanath r.c,basavana bagevadi
bhaganagar,basavana bagevadi
tadalgi,basavana bagevadi
cheeraldinni,basavana bagevadi
telgi,basavana bagevadi
golasangi,basavana bagevadi
budni,basavana bagevadi
angadageri,basavana bagevadi
kaulgi,basavana bagevadi
sulakhod,basavana bagevadi
arasangi,basavana bagevadi
bisalakoppa (r.c),basavana bagevadi
gani r.c,basavana bagevadi
maradagi (r.c),basavana bagevadi
majarekoppa (r.c),basavana bagevadi
chimmalgi r.c,basavana bagevadi
akalwadi,basavana bagevadi
seekalwadi,basavana bagevadi
gudadinni,basavana bagevadi
hunashyal (p.c.),basavana bagevadi
beeraladinni,basavana bagevadi
unnibhavi,basavana bagevadi
wandal,basavana bagevadi
benal r.c,basavana bagevadi
almatti,basavana bagevadi
marimatti r.c,basavana bagevadi
araladinni,basavana bagevadi
devalapur,basavana bagevadi
gonal r.c.,basavana bagevadi
nidagundi,basavana bagevadi
managuli,basavana bagevadi
ukkali,basavana bagevadi
yambatnal,basavana bagevadi
neginal,basavana bagevadi
mullal,basavana bagevadi
bommanahalli,basavana bagevadi
bisanal,basavana bagevadi
donur,basavana bagevadi
ingaleshwar,basavana bagevadi
krishnapur,basavana bagevadi
masabinal,basavana bagevadi
deginal,basavana bagevadi
basaveshwar nagar,basavana bagevadi
hattarkihal,basavana bagevadi
nandihal p.u.,basavana bagevadi
yarnal,basavana bagevadi
muttagi,basavana bagevadi
takkalki,basavana bagevadi
nagawad,basavana bagevadi
mannur,basavana bagevadi
hangargi,basavana bagevadi
mukartihal,basavana bagevadi
abbihal,basavana bagevadi
kirshyal,basavana bagevadi
hebbal,basavana bagevadi
sevalalnagar,basavana bagevadi
uppaladinni,basavana bagevadi
nagur,basavana bagevadi
ivanagi,basavana bagevadi
hanchinal,basavana bagevadi
markabbinahalli,basavana bagevadi
satihal,basavana bagevadi
rabinal,basavana bagevadi
ramnagar,basavana bagevadi
utnal,basavana bagevadi
dindawar,basavana bagevadi
bhairawadgi,basavana bagevadi
nagaraldon,basavana bagevadi
yalwar,basavana bagevadi
kamankeri,basavana bagevadi
budihal,basavana bagevadi
kadakol,basavana bagevadi
nandihal (p.h.),basavana bagevadi
sindgeri (old),basavana bagevadi
somnal,basavana bagevadi
chabanur,basavana bagevadi
sasanur,basavana bagevadi
wadawadagi,basavana bagevadi
nagaralhuli,basavana bagevadi
hulabenchi,basavana bagevadi
kudari salawadgi,basavana bagevadi
karibhanthnal,basavana bagevadi
hunashyal (p.b.),basavana bagevadi
huvinahippargi,basavana bagevadi
byakod,basavana bagevadi
agasabal,basavana bagevadi
sankanal,basavana bagevadi
narasalgi,basavana bagevadi
solawadagi,basavana bagevadi
jayawadgi,basavana bagevadi
kannal,basavana bagevadi
kanakal,basavana bagevadi
ambalanur,basavana bagevadi
halihal,basavana bagevadi
kodaganur,basavana bagevadi
byalyal,basavana bagevadi
rajanal,basavana bagevadi
bidanal,basavana bagevadi
areshankar,basavana bagevadi
itagi,basavana bagevadi
jeeralabhavi,basavana bagevadi
muddapur,basavana bagevadi
alkoppa,muddebihal
gudadinni,muddebihal
koppa,muddebihal
hullur,muddebihal
balabatti,muddebihal
venkateshnagar,muddebihal
tapalkatti,muddebihal
chalami,muddebihal
jettagi,muddebihal
madinal,muddebihal
gonal (p.n.),muddebihal
bidarkundi,muddebihal
basarkod,muddebihal
siddapur p.talikoti,muddebihal
gundakarjagi,muddebihal
rudagi,muddebihal
agasabal,muddebihal
dhavalagi,muddebihal
hallur,muddebihal
chondi,muddebihal
padeknur,muddebihal
konnur,muddebihal
madikeshirur,muddebihal
nadahalli,muddebihal
taranal,muddebihal
gudihal,muddebihal
balawat,muddebihal
ingalgeri,muddebihal
handral,muddebihal
vanahalli,muddebihal
lingadalli,muddebihal
kuchabal,muddebihal
bavoor,muddebihal
gudnal,muddebihal
jammaladinni,muddebihal
devarhulagabal,muddebihal
hagaragund,muddebihal
yalgur,muddebihal
kashinakunti,muddebihal
budihal (p n ),muddebihal
wadawadagi,muddebihal
masuti,muddebihal
kalagi,muddebihal
mudur,muddebihal
kandaganur,muddebihal
chirchankal,muddebihal
geddalamari,muddebihal
harindral,muddebihal
yarazeri,muddebihal
handargall,muddebihal
nagaral,muddebihal
gonal s.handral,muddebihal
hadalageri,muddebihal
kuntoji,muddebihal
abbihal,muddebihal
kavadimatti,muddebihal
shirol,muddebihal
mudnal,muddebihal
nebageri,muddebihal
kolur,muddebihal
vijayanagar,muddebihal
banoshi,muddebihal
devoor,muddebihal
gangur,muddebihal
kamaldinni,muddebihal
kunchaganur,muddebihal
tangadagi,muddebihal
amaragol,muddebihal
hadagali,muddebihal
bailkur,muddebihal
madari,muddebihal
yaragalla,muddebihal
garasangi,muddebihal
hunakunti,muddebihal
kapanur,muddebihal
alur,muddebihal
inchagal,muddebihal
jakkeral,muddebihal
kyatanadoni,muddebihal
donkamadu,muddebihal
advi somnal,muddebihal
advi hulagabal,muddebihal
gonal s.hirur,muddebihal
hokrani,muddebihal
jalapur,muddebihal
wanakihal,muddebihal
jangamural,muddebihal
aremural,muddebihal
sarur,muddebihal
hiremural,muddebihal
budihal (p.naltawad),muddebihal
malagaladinni,muddebihal
chavanbhavi,muddebihal
khilarahatti,muddebihal
jainapur,muddebihal
mavinbhavi,muddebihal
nagarabetta,muddebihal
arasanal,muddebihal
nerabenchi,muddebihal
kesapur,muddebihal
bangaragund,muddebihal
rakkasagi,muddebihal
baladinni,muddebihal
karkur,muddebihal
takkalaki,muddebihal
ingalagi,muddebihal
ghalapuji,muddebihal
lotageri,muddebihal
nalatawad,muddebihal
are shankar,muddebihal
nagabenal,muddebihal
bachihal,muddebihal
siddapur p.naltawad,muddebihal
khanikeri,muddebihal
sultanpur,muddebihal
khanapur,muddebihal
bijjur,muddebihal
chokavi,muddebihal
hirur,muddebihal
tumbagi,muddebihal
hosahalli,muddebihal
huvinahalli,muddebihal
kyatanal,muddebihal
gotakhindaki,muddebihal
bhantnur,muddebihal
peerapur,muddebihal
shellagi,muddebihal
karaganur,muddebihal
gadi somanal,muddebihal
bommanahalli,muddebihal
bolawad,muddebihal
fatepur p.talikoti,muddebihal
guttihal,muddebihal
tamadaddi,muddebihal
balaganur,muddebihal
minajagi,muddebihal
talikoti (rural),muddebihal
kodaganur,muddebihal
belur,muddebihal
lakkundi,muddebihal
navadagi,muddebihal
matakal devanhalli,muddebihal
salawadagi,muddebihal
gundakanal,muddebihal
maileshwar,muddebihal
bilebhavi,muddebihal
maskanal,muddebihal
harnal,muddebihal
hadaginal,muddebihal
kaladevanahalli,muddebihal
mukihal,muddebihal
shivapur,muddebihal
nagur,muddebihal
kotmal,basavakalyan
mirkhal,basavakalyan
machanal,basavakalyan
hulsoor,basavakalyan
soldabka,basavakalyan
quaderabad,basavakalyan
halhalli,basavakalyan
gadigondgaon,basavakalyan
devnal,basavakalyan
gutti,basavakalyan
belura,basavakalyan
mustapur,basavakalyan
limbapur,basavakalyan
kadepur,basavakalyan
gadiraipalli,basavakalyan
muchalam,basavakalyan
toglur,basavakalyan
gorta (b),basavakalyan
basavakalyan ( r),basavakalyan
gour,basavakalyan
khandala,basavakalyan
betbalkunda,basavakalyan
janapur,basavakalyan
dhanura (k),basavakalyan
gokul,basavakalyan
yedlapur,basavakalyan
partapur,basavakalyan
talbhog,basavakalyan
morkhandi,basavakalyan
laheshwar,basavakalyan
neelkanth,basavakalyan
khanapur,basavakalyan
tipranth,basavakalyan
shivapur,basavakalyan
narayanapur,basavakalyan
kitta,basavakalyan
yerandi,basavakalyan
kouiyal,basavakalyan
tadola,basavakalyan
ghoga,basavakalyan
rajola,basavakalyan
rajeshwar,basavakalyan
handriyal (kalyan),basavakalyan
nirgudi,basavakalyan
rolla,basavakalyan
koudihal (sadak),basavakalyan
mangrool,basavakalyan
islampur,basavakalyan
yerbagh,basavakalyan
lingadhalli,basavakalyan
kherda (b),basavakalyan
dhanura (raj),basavakalyan
pandargera,basavakalyan
sadlapur,basavakalyan
manhalli,basavakalyan
ghotala,basavakalyan
jajanmugli,basavakalyan
ramteerth (k),basavakalyan
umapur,basavakalyan
halli,basavakalyan
sastapur,basavakalyan
mirzapur,basavakalyan
atlapur,basavakalyan
mantala,basavakalyan
chandakpur,basavakalyan
kamlewadi,basavakalyan
urki,basavakalyan
chittakaldev,basavakalyan
honnali,basavakalyan
handriyal (raj),basavakalyan
wadderga,basavakalyan
algood,basavakalyan
gundur,basavakalyan
hipparga ghat,basavakalyan
ilhal,basavakalyan
ekamba,basavakalyan
dhamuri,basavakalyan
ujlam,basavakalyan
bhosga,basavakalyan
mankhed,basavakalyan
siruri,basavakalyan
bhaknal,basavakalyan
gadlegaon (k),basavakalyan
sirgur,basavakalyan
ramteerth (dubulgundi),basavakalyan
ladwanti,basavakalyan
chikotta(b),basavakalyan
batgera,basavakalyan
hattarga (sarhad),basavakalyan
chitkota (k),basavakalyan
gilagili,basavakalyan
attur,basavakalyan
kohinoor,basavakalyan
yeladgundi,basavakalyan
saidapur,basavakalyan
hatyal,basavakalyan
bagduri,basavakalyan
khanapur b,basavakalyan
mudbi,basavakalyan
sungahana,basavakalyan
kinni (sevanagar),basavakalyan
hiranagaon,basavakalyan
chicknagaon,basavakalyan
eklora,basavakalyan
hamunagar,basavakalyan
harkud,basavakalyan
sarjawalga,basavakalyan
siragapur,basavakalyan
gadlegaon (b),basavakalyan
kherda (k),basavakalyan
maisalga,basavakalyan
yelwanti,basavakalyan
janwada,basavakalyan
hipparga(bag),basavakalyan
kalkora,basavakalyan
tugaonhalsi,bhalki
alwai,bhalki
yellammawadi,bhalki
mankeshwar,bhalki
atterga,bhalki
gunjarga,bhalki
srimali,bhalki
bolegaon,bhalki
nardasangam,bhalki
mehkar,bhalki
wanjarkhada,bhalki
jamkhandi,bhalki
kongli,bhalki
jirgyal,bhalki
wagalgaon,bhalki
khudawandpur,bhalki
saigaon,bhalki
halsilakmadevi,bhalki
inchur,bhalki
kesarjawalga,bhalki
rachappagondgaon,bhalki
kuntegaon,bhalki
ladha,bhalki
kalsar tugaon,bhalki
kasara tugaon wadi,bhalki
shivani,bhalki
lakhangaon,bhalki
atnoor,bhalki
sompur,bhalki
talwada (maratha),bhalki
kaknal,bhalki
bhatsangvi,bhalki
thamgyal wadi,bhalki
lanjwada,bhalki
dongapur,bhalki
alandi,bhalki
hunjialandi,bhalki
hachi kamath,bhalki
methimelkunda,bhalki
methimelkunda wadi,bhalki
bhatambra,bhalki
telgaon,bhalki
jaigaon,bhalki
shamsheerpur,bhalki
kalasdhal,bhalki
beeri,bhalki
beeri (k),bhalki
nagral,bhalki
kodli,bhalki
nittur,bhalki
hajnal,bhalki
gornal,bhalki
kotgiyal,bhalki
mural,bhalki
walsang,bhalki
ambesangu,bhalki
siddapur,bhalki
hupla,bhalki
keroor,bhalki
balur,bhalki
chandapur,bhalki
ahmadabad,bhalki
jainapur,bhalki
khasimpur,bhalki
dongargi,bhalki
gorchincholi,bhalki
nideban,bhalki
anandwadi,bhalki
kotgiyalwadi,bhalki
ganeshpurwadi,bhalki
eklaspur,bhalki
gubyal,bhalki
koroor,bhalki
kotgira,bhalki
madkatti,bhalki
ramteerthwadi,bhalki
bhalki (r),bhalki
kadlabad,bhalki
dharajwadi,bhalki
kardhyal,bhalki
talwada (k),bhalki
saidapurwadi,bhalki
dadgi,bhalki
badjawalga,bhalki
harnal,bhalki
kelwadi,bhalki
kuntesirsi,bhalki
chikalchanda,bhalki
maroor,bhalki
joldabka,bhalki
siddeshwar,bhalki
halgorta,bhalki
honnalli,bhalki
morambi,bhalki
ucha,bhalki
bylhalli,bhalki
warwatti,bhalki
mavinhalli,bhalki
nawadgi,bhalki
kaplapur,bhalki
kurubkhelgi,bhalki
dawargaon,bhalki
yenkura,bhalki
bardapur,bhalki
khatak chincholi,bhalki
secundrabad,bhalki
masimadu,bhalki
nelwad,bhalki
chitta,bhalki
chalkapur,bhalki
tugaon (chalkapur),bhalki
kommelkunda,bhalki
paigampur,bhalki
nagoor,bhalki
allabad,bhalki
kosam,bhalki
halhipperga,bhalki
halbarga,bhalki
tarnalli,bhalki
nelgi,bhalki
janti,bhalki
dhanura,bhalki
sevanagar,bhalki
khanapur,bhalki
malchapur,bhalki
rudnoor,bhalki
kanji,bhalki
hunji (k),bhalki
godihipperga,bhalki
nirmanhalli,bhalki
byalhalli,bhalki
kamalpur,bhalki
halhalli,bhalki
chikli udgir,aurad
mukhed,aurad
nandi bijalgaon,aurad
bawalgaon,aurad
hokrana,aurad
muthkhed (chondi mukhed),aurad
aknapur,aurad
ganganbeed,aurad
ganeshpur (udgir),aurad
dabka(chawar),aurad
kherda(b),aurad
sawargaon,aurad
hangerga,aurad
bonthi,aurad
lingi,aurad
bhandar kumta,aurad
chimegaon,aurad
wagangera,aurad
murki,aurad
handikhera,aurad
daregaon,aurad
malegaon,aurad
sangnal,aurad
karkhiyal,aurad
dangargaon,aurad
madnoor,aurad
hakyal,aurad
ramdiyal,aurad
khatgaon,aurad
dongaon makta,aurad
belkuni bhopalgad,aurad
bhavani bijalgaon,aurad
torna,aurad
kotgyal,aurad
rampur,aurad
murg (k),aurad
balur,aurad
horandi,aurad
chandeshwar,aurad
diggi,aurad
holesamudra,aurad
basnal,aurad
koryal,aurad
sonala,aurad
kalgapur,aurad
hulsoor,aurad
khed,aurad
sawali,aurad
tapshal,aurad
mudhole (k),aurad
mudhole(b),aurad
lingadhalli (udgir),aurad
bembra,aurad
k0rekal,aurad
bedkunda,aurad
chandoori,aurad
sangam,aurad
balad (k),aurad
balat (b),aurad
halhalli,aurad
kushnoor thana,aurad
hippalgaon,aurad
belkuni chaudhri,aurad
maskal,aurad
nagur babji,aurad
rakshiyal(b),aurad
nidoda,aurad
rakshiyal(k),aurad
nittur (k),aurad
hedgapur,aurad
dhupatmahagaon,aurad
manganpur,aurad
babli,aurad
bachepalli,aurad
ladha,aurad
hassikeri,aurad
huliyal,aurad
ekamba,aurad
duduknal,aurad
wanmarpalli,aurad
badalgaon,aurad
narayanpur,aurad
narasimhapur,aurad
ganeshpur,aurad
jamlapur,aurad
gondgaon,aurad
khandikeri,aurad
aurad (rural),aurad
mohmadapur,aurad
allapur,aurad
tegumpur,aurad
kallur,aurad
eklora,aurad
tuljapur,aurad
boral,aurad
mungnal,aurad
mahadongaon,aurad
kappekeri,aurad
jonnekeri,aurad
sundhal,aurad
jaknal,aurad
nandiyal,aurad
manoor (k),aurad
nagmarpalli,aurad
karanji (b),aurad
karanji (k),aurad
raipalli,aurad
itgiyal,aurad
yengunda,aurad
khasimpur,aurad
lingadhalli(jukal),aurad
naganpalli,aurad
chintaki,aurad
ashoknagar,aurad
beldhal,aurad
bardapur,aurad
lingadhalli(karamungi),aurad
jojna,aurad
nandi nagoor,aurad
nagoor (muzafar),aurad
gudpalli,aurad
medpalli,aurad
gandhinagar,aurad
ujani,aurad
sunknal,aurad
chikli janwada,aurad
chatnal,aurad
jeerga(b),aurad
santhpur,aurad
jeerga (k),aurad
shambelli,aurad
khasimpur borgi,aurad
borgi (janwada),aurad
wadgaon deshmukh,aurad
maharajwadi,aurad
jambgi(b),aurad
belur (narayan-khed),aurad
mustapur,aurad
kaudgaon,aurad
alur (b),aurad
alur(k),aurad
sorhalli,aurad
khanapur,aurad
kushnoor gadi,aurad
pashapur,aurad
ballur janwada,aurad
koutha(k),aurad
koutha (b),aurad
kandgoal,aurad
vijayanagar,aurad
wallepur,aurad
kamalnagar (ct),aurad
ghatboral,homnabad
ghodwadi,homnabad
hunsnal,homnabad
kumarchincholi,homnabad
handikhera,homnabad
sultanabad,homnabad
mugnoor,homnabad
dubalgundi,homnabad
othagi,homnabad
chandanalli,homnabad
sonkhera,homnabad
hunsgera,homnabad
kankatta,homnabad
sedol,homnabad
warwatti (k),homnabad
chinkera,homnabad
jalasangi,homnabad
kabeerabad,homnabad
namdapur,homnabad
hallikhed (b),homnabad
sindbandigi,homnabad
atiwal,homnabad
dakulgi,homnabad
ameerabad,homnabad
shakargunj,homnabad
hilalpur,homnabad
markhal,homnabad
bothagi,homnabad
allura,homnabad
benchincholi,homnabad
malkapur,homnabad
madargaon,homnabad
nimbura,homnabad
sitalgera,homnabad
molkhera,homnabad
gadawanti,homnabad
maniknagar,homnabad
dhumansoor,homnabad
nandagaon,homnabad
kappargaon,homnabad
hudgi,homnabad
humnabad (rural),homnabad
mustapur,homnabad
hallikhed (k),homnabad
kallur,homnabad
kathalli,homnabad
chitkota,homnabad
borampalli,homnabad
hankuni,homnabad
sindankera,homnabad
chitgoppa (rural),homnabad
hippargaon,homnabad
wadankera,homnabad
taimadgi,homnabad
kandgoal,homnabad
madgul,homnabad
shamtabad,homnabad
baskernagar,homnabad
itga,homnabad
walkhandi,homnabad
rampur,homnabad
mudnal,homnabad
gurdal,homnabad
kodambal,homnabad
mustari,homnabad
belkera,homnabad
bannalli,homnabad
mangalgi,homnabad
nagankera,homnabad
nirna,homnabad
udbal,homnabad
muthangi,homnabad
bashirapur,homnabad
madargi,homnabad
bhadrapur,homnabad
devgir,homnabad
alipur,homnabad
boral,homnabad
mannaekhalli,homnabad
meenkhera,homnabad
bemalkheda,homnabad
polakpalli,homnabad
karpakpalli,homnabad
changler,homnabad
saidapur,homnabad
karaknalli,homnabad
udamnalli,homnabad
upanhal,lingsugur
ankanhal,lingsugur
tondihal,lingsugur
mallapur,lingsugur
halkawatgi,lingsugur
palgal dinni,lingsugur
tumbalgaddi,lingsugur
rampur,lingsugur
nagarhal,lingsugur
bhogapur,lingsugur
baiyapur,lingsugur
khairwadgi,lingsugur
bandisunkapur,lingsugur
bommanhal,lingsugur
sajjalagudda,lingsugur
komnur,lingsugur
lukkihal(big),lingsugur
lukkihal(small),lingsugur
uppar nandihal,lingsugur
killar hatti,lingsugur
ashihal,lingsugur
advibhavi (mudgal),lingsugur
kannapur hatti,lingsugur
mudgal(rural),lingsugur
jantapur,lingsugur
yerdihal(khurd),lingsugur
yerdihal(big),lingsugur
amdihal,lingsugur
bellihal,lingsugur
kansavi,lingsugur
adapur,lingsugur
komlapur,lingsugur
ramatnal,lingsugur
byalihal,lingsugur
wandali,lingsugur
turadgi,lingsugur
arya-bhogapur,lingsugur
hunoor,lingsugur
makapur,lingsugur
talekat,lingsugur
marli,lingsugur
bannigol,lingsugur
piklihal,lingsugur
ulimeshwar,lingsugur
vyakarnhal,lingsugur
nagalapur,lingsugur
heggapur,lingsugur
chattar,lingsugur
todki,lingsugur
kumarkhed,lingsugur
nowli,lingsugur
kamaldinni,lingsugur
chittapur,lingsugur
jawoor(small),lingsugur
jawoor(big),lingsugur
roudal banda,lingsugur
jungi-rampur,lingsugur
upperi (small),lingsugur
sunkal,lingsugur
halbhavi,lingsugur
gorebal,lingsugur
yargunti,lingsugur
upperi(big),lingsugur
toral benchi,lingsugur
nandihal,lingsugur
bendona,lingsugur
narakaladinni,lingsugur
julgudda,lingsugur
hanumangudda(hosur),lingsugur
anahosur,lingsugur
eachanhal,lingsugur
kesarhatti,lingsugur
jalibenchi,lingsugur
mincheri,lingsugur
kalapur,lingsugur
aidanhal,lingsugur
yalagaladinni,lingsugur
huligudda,lingsugur
karadakal,lingsugur
adavibhavi,lingsugur
neeralkera,lingsugur
margatnal,lingsugur
chitranhal,lingsugur
gundasagar,lingsugur
kachapur,lingsugur
mavinbhavi,lingsugur
bhupur,lingsugur
kallilingsugur,lingsugur
hunkunti,lingsugur
lingsugur(rural),lingsugur
kuppigudda,lingsugur
sarjapur,lingsugur
gonwar,lingsugur
amarawati,lingsugur
basapur,lingsugur
jungamarhalli,lingsugur
hoovinabhavi,lingsugur
buddinni,lingsugur
sanbal,lingsugur
jaldurga,lingsugur
yalgundi,lingsugur
yaragudi,lingsugur
kadadargaddi,lingsugur
hanchinal,lingsugur
shilahalli,lingsugur
gonwatla,lingsugur
guntagola,lingsugur
ramalooti,lingsugur
aidbhavi,lingsugur
tanmankal,lingsugur
raidurga,lingsugur
gadgi,lingsugur
pai doddi,lingsugur
golpalli,lingsugur
yarjanti,lingsugur
bandebhavi,lingsugur
hosagudda,lingsugur
benchaldoddi,lingsugur
chikaldoddi,lingsugur
gurgunta,lingsugur
paramapur,lingsugur
devar-bhupur,lingsugur
yaradona,lingsugur
phoolabhavi,lingsugur
honnahalli,lingsugur
gudadanhal,lingsugur
medinapur,lingsugur
kotha,lingsugur
goudur,lingsugur
machanur,lingsugur
yalaghatta,lingsugur
kaddona,lingsugur
tawag,lingsugur
roudala banda,lingsugur
hosur,lingsugur
anwari,lingsugur
hire nagnur,lingsugur
chikka nagnur,lingsugur
veerapur,lingsugur
nilogal,lingsugur
chukanahatti,lingsugur
gejjelagatta,lingsugur
hire hesarur,lingsugur
chick-hesarur,lingsugur
kadadarahal,lingsugur
teribhavi,lingsugur
gudihal,lingsugur
mattur,lingsugur
kunikellur,lingsugur
mittikellur,lingsugur
sante-kellur,lingsugur
muslikarlkunti,lingsugur
bendarkarlkunti,lingsugur
ankusadoddi,lingsugur
mudwal,lingsugur
katagal,lingsugur
uskihal,lingsugur
nagalapur(d),lingsugur
dabbermadu,lingsugur
maraldinni,lingsugur
mudaldinni,lingsugur
sultanpur,lingsugur
jakker-madu,lingsugur
vyasa nandihal,lingsugur
kannal,lingsugur
timmapur,lingsugur
tirthabhavi,lingsugur
dignaikanbhavi,lingsugur
nirlooti,lingsugur
advibhavi(maski),lingsugur
benkanhal,lingsugur
belladamaradi,lingsugur
venkatapur,lingsugur
maski,lingsugur
naraga benchi,lingsugur
antargangi (big),lingsugur
myadarnal,lingsugur
antargangi (small),lingsugur
medikinhal,lingsugur
bailgudda,lingsugur
sompur,lingsugur
hadagali,lingsugur
desai-bhogapur,lingsugur
yerdoddi,lingsugur
baggalgudda,lingsugur
veerapur(d),lingsugur
kamandaldinni,lingsugur
talekhan,lingsugur
hatti (ct),lingsugur
veergot,devadurga
bunkaldoddi,devadurga
chinchodi,devadurga
lingadhalli,devadurga
chapalki,devadurga
mudgot,devadurga
buddinni,devadurga
bagur,devadurga
herundi,devadurga
navilgudda,devadurga
jambaldinni,devadurga
medinapur,devadurga
hampergundi,devadurga
jalhalli,devadurga
yerkamandoddi,devadurga
yergudda,devadurga
bassapur,devadurga
hosur siddapur,devadurga
bommanhalli,devadurga
horahatti,devadurga
timmapur,devadurga
parapur,devadurga
karadigudda,devadurga
amrapur,devadurga
suladgud,devadurga
mandalgud,devadurga
gajaldinni,devadurga
mukanhal,devadurga
mundargi,devadurga
ganajali,devadurga
devatgal,devadurga
katmalli,devadurga
huligud,devadurga
kakkaldoddi,devadurga
kamaldinni,devadurga
mudvaigaddi,devadurga
mykaldoddi,devadurga
bhogiramangund,devadurga
somanmardi,devadurga
naglapur,devadurga
gandhal,devadurga
ooti,devadurga
wandli,devadurga
palkanmardi,devadurga
madarkal,devadurga
devergud,devadurga
mudalagund,devadurga
sunnadkal,devadurga
galag,devadurga
chadkalgudda,devadurga
anchesugur,devadurga
gopalpur,devadurga
wagadambli,devadurga
huvinhadgi,devadurga
joladhadgi,devadurga
dondambli,devadurga
benkal,devadurga
konchapli,devadurga
mydargol,devadurga
karkihalli,devadurga
paratpur,devadurga
kopper,devadurga
kurkihalli,devadurga
yatgal,devadurga
herur,devadurga
salkyapur,devadurga
gopendeverhalli,devadurga
nagarhal,devadurga
chickbudur,devadurga
arshangi,devadurga
ramanhal,devadurga
hunur,devadurga
hemnhal,devadurga
nagargund,devadurga
devadurga (rural),devadurga
anjal,devadurga
nilvanji,devadurga
karegud,devadurga
venglapur,devadurga
samudra,devadurga
nimbaidoddi,devadurga
guddad irabgera,devadurga
kelgin irabgera,devadurga
mansagal,devadurga
kotigud,devadurga
sasvigera,devadurga
kardigudda,devadurga
gundgurthi,devadurga
sugarhal,devadurga
jerbandi,devadurga
kamdhal,devadurga
yermasal,devadurga
chickhonkuni,devadurga
hirehonkuni,devadurga
miyapur,devadurga
masarkal,devadurga
guntarhal,devadurga
matpalli,devadurga
itagi,devadurga
gagal,devadurga
gugal,devadurga
chickraikumpi,devadurga
hireraikumpi,devadurga
apprahal,devadurga
baswantpur,devadurga
hemanal,devadurga
bommanhal,devadurga
kolur,devadurga
shavantgera,devadurga
masihal,devadurga
hirebudur,devadurga
budinhal,devadurga
hanchinhal,devadurga
hirekudalgi,devadurga
chickkudalgi,devadurga
honnatagi,devadurga
khanapur,devadurga
ingaladhal,devadurga
haddinhal,devadurga
sunkeshwarhal,devadurga
kakkargal,devadurga
aldharti,devadurga
javgud,devadurga
tippapur,devadurga
andankhed,devadurga
kadligud,devadurga
durg,devadurga
khardigud,devadurga
ramdurg,devadurga
maladkal,devadurga
laxminarayanapura,devadurga
gabbur,devadurga
maseedpur,devadurga
ganekal,devadurga
neelgal,devadurga
pandyan,devadurga
kachapur,devadurga
kothdoddi,devadurga
pilikal,devadurga
chikkaldoddi,devadurga
yeldoddi,devadurga
hemnur,devadurga
teggihal,devadurga
chintalkunta,devadurga
shakapur,devadurga
jinnapur,devadurga
govindpalli,devadurga
hungunbad,devadurga
gajjibhavi,devadurga
mustoor,devadurga
shivangi,devadurga
jaradbandi,devadurga
honkatmalli,devadurga
kardona,devadurga
malkamdinni,devadurga
mallinaikandoddi,devadurga
piligund,devadurga
hal-jadaldinni,devadurga
arkera,devadurga
benderganekal,devadurga
mailapur,devadurga
mallapur,devadurga
bhumangund,devadurga
adkalgud,devadurga
anwar,devadurga
akalkumpi,devadurga
shavantgal,devadurga
alkod,devadurga
kyadigera,devadurga
malledevergud,devadurga
bandegud,devadurga
jutmardi,devadurga
nagoli,devadurga
rampur,devadurga
jagatkal,devadurga
agrahar,devadurga
rekalmardi,devadurga
markamdinni,devadurga
jagir-jadaldinni,devadurga
yermarus,devadurga
heggaddinni,devadurga
sutardinni,devadurga
nagaddinni,devadurga
tippaldinni,devadurga
yatgal,manvi
kachapur,manvi
eklasapur,manvi
watgal,manvi
nelkola,manvi
ameengad,manvi
kotekal,manvi
pamankallur,manvi
anandgal,manvi
togalgal,manvi
harvapur,manvi
tupdoor,manvi
benchamardi,manvi
hilalpur,manvi
gudihal,manvi
chilkaragi,manvi
irkal,manvi
jutlahal,manvi
basapur,manvi
parasapur,manvi
nandihal,manvi
joladarasi,manvi
jangamarhalli,manvi
yeddal dinni,manvi
m.ramaldinni,manvi
halapur,manvi
nagaldinni,manvi
hire kadboor,manvi
jinnapur,manvi
s.ramal dinni,manvi
kabberhal,manvi
hanchanhal,manvi
tuggal dinni,manvi
chikkaudbal,manvi
toran dinni,manvi
goge hebbal,manvi
chikkadinni,manvi
malkapur,manvi
markamdinni,manvi
sunknoor,manvi
hiredinni,manvi
malladgudda,manvi
donamaradi,manvi
chincharaki,manvi
huda,manvi
yapala parti,manvi
bomsandoddi,manvi
kasan doddi,manvi
donmardi,manvi
heera,manvi
buddinni,manvi
toppal doddi,manvi
timmapur,manvi
hussainpur,manvi
saidapur,manvi
u. gud-dinni,manvi
kowtal,manvi
hire hanagi,manvi
chikka hanagi,manvi
potapur,manvi
goldinni,manvi
chikkabadardinni,manvi
dewatgal,manvi
bullapur,manvi
kalamgere,manvi
kurkunda,manvi
wadwatti,manvi
patakam doddi,manvi
malat,manvi
narabanda,manvi
hunched,manvi
murkigudda,manvi
marata,manvi
nawalkal,manvi
hosur.n,manvi
nugdoni,manvi
ballatgi,manvi
hire-badardinni,manvi
bagalwad,manvi
nakkunda,manvi
gavigat,manvi
aldhal,manvi
sirwar,manvi
jakkal dinni,manvi
atnur,manvi
shakapur,manvi
singaddinni,manvi
ganadinni,manvi
jalapur,manvi
kadadinni,manvi
jambaldinni,manvi
chagbhavi,manvi
gud-dinni.k,manvi
sangapur,manvi
sannahosur,manvi
lakkam dinni,manvi
halli,manvi
madagiri,manvi
machnur,manvi
kallur,manvi
hokrani,manvi
bommanahal,manvi
bevinur,manvi
tupdur. k,manvi
harvi,manvi
kardigud,manvi
mallige madugu,manvi
naslapur,manvi
chimlapur,manvi
govinadoddi,manvi
neermanvi,manvi
kapgal,manvi
bettadur,manvi
bailmarchad,manvi
kurdi,manvi
aroli,manvi
advi khanapur,manvi
walkam dinni,manvi
kambalanetti,manvi
gorkal,manvi
sunkeswara,manvi
sadapur,manvi
murharpur,manvi
seekal,manvi
bapur,manvi
korvi,manvi
pannuru,manvi
arnalli,manvi
rajalbanda,manvi
tammapur,manvi
jukur,manvi
rajoli,manvi
manvi [r],manvi
rabbankal,manvi
daddal,manvi
katarki,manvi
madlapur,manvi
burhanpur,manvi
rangdhal,manvi
mustoor,manvi
kumdhal,manvi
yarmal doddi,manvi
rajaldinni,manvi
jutlapur,manvi
hosur umli,manvi
chikkotankal,manvi
nalgamdinni,manvi
pannur jagir,manvi
chikalparvi,manvi
yedival,manvi
badlapur,manvi
belwat,manvi
utaknur,manvi
dhotarbandi,manvi
udbal,manvi
tadkal,manvi
byagwat,manvi
jeenur,manvi
potanhal,manvi
karegudda,manvi
janekal,manvi
amarawati,manvi
bhogawati,manvi
hire kotankal,manvi
uralgaddi,manvi
muddamgaddi,manvi
kharabadinni,manvi
eralgaddi,manvi
devipur,manvi
mahampur,sindhnur
bommanahal-u,sindhnur
ratanapur,sindhnur
sankanhal,sindhnur
gunda,sindhnur
hogernhal,sindhnur
gudihal,sindhnur
gadratigi,sindhnur
hattigudda,sindhnur
hirebhergi,sindhnur
bhogapur,sindhnur
mullur (u),sindhnur
virapur,sindhnur
kardchalami,sindhnur
gorloti,sindhnur
umloti,sindhnur
bukanhatti,sindhnur
chikbhergi,sindhnur
turvihal,sindhnur
kalmangi,sindhnur
hosshalli (k),sindhnur
jambunathanahalli,sindhnur
bassapur (k),sindhnur
gandhinagar,sindhnur
hanumapur,sindhnur
hanchinhal (k),sindhnur
jalihal,sindhnur
hokarani,sindhnur
bagalapur,sindhnur
boppur,sindhnur
kaniganhalu,sindhnur
matur,sindhnur
uppaldoddi (umli),sindhnur
tidgol,sindhnur
nedigol,sindhnur
kurukunda,sindhnur
gunjanalli,sindhnur
virapapur,sindhnur
arlihalli,sindhnur
sunkanur,sindhnur
chikkkadbur,sindhnur
kyathanahatti,sindhnur
udbal (umli),sindhnur
jallihatti,sindhnur
bhiramgondal (d),sindhnur
deensamudra,sindhnur
hasamakal,sindhnur
gudadur,sindhnur
parapura,sindhnur
merinahal,sindhnur
nanjaldinni,sindhnur
jogaldinni,sindhnur
hanpanhal,sindhnur
gudgaldinni,sindhnur
hanchinhal (u),sindhnur
kanoor,sindhnur
hedigibal,sindhnur
gonhal,sindhnur
rangapur,sindhnur
muddapur,sindhnur
kholabal,sindhnur
putkanhal (d),sindhnur
harapur,sindhnur
yelekudalgi,sindhnur
chiratanal,sindhnur
uppaldoddi - (d),sindhnur
bommanhal - (ej),sindhnur
devergudi,sindhnur
manganhal - (d),sindhnur
bassapur - (ej),sindhnur
kunnatgi,sindhnur
pagadadinni,sindhnur
tippanhatti,sindhnur
mullur,sindhnur
kallur,sindhnur
butaldinni,sindhnur
mallapur,sindhnur
hullur,sindhnur
shankerbandi - (d),sindhnur
balganur,sindhnur
goudanbhavi,sindhnur
govindnaikandoddi,sindhnur
belliganur,sindhnur
buddinni,sindhnur
jalwadgi,sindhnur
konganaikandoddi,sindhnur
maskihatti,sindhnur
bendlhatti,sindhnur
nagonagathi,sindhnur
jujulapur,sindhnur
siranguddi,sindhnur
diddigi,sindhnur
locknaikandoddi,sindhnur
jangamerhatti (a),sindhnur
sivajawalgera,sindhnur
jangamarahatti (d),sindhnur
amarapur khadehola - (d),sindhnur
sultanpur,sindhnur
jawalgera,sindhnur
dibbanakhed,sindhnur
turakatti - (d),sindhnur
maldinni khadehola,sindhnur
kanakraddi khadehola,sindhnur
ramathanhal,sindhnur
banniganur,sindhnur
yapalparvi,sindhnur
walkamdinni,sindhnur
timmapur,sindhnur
ragalparvi,sindhnur
mandahosur - (d),sindhnur
puldinni,sindhnur
dumti,sindhnur
gonwar,sindhnur
hulgunchi,sindhnur
ayyanur,sindhnur
chintamandoddi,sindhnur
chitrali,sindhnur
pulmeswardinni,sindhnur
hedginhal,sindhnur
yeddaldoddi,sindhnur
giniwar,sindhnur
walbellary,sindhnur
udbal (jagir),sindhnur
gomarsi,sindhnur
madsirwar,sindhnur
belgurki,sindhnur
kannari,sindhnur
maldinni,sindhnur
katerki - (d),sindhnur
alabanoor,sindhnur
haretnur,sindhnur
badarli,sindhnur
vengalapur - (d),sindhnur
lingapur - (d),sindhnur
gonniganoor,sindhnur
uppal,sindhnur
hosalapur,sindhnur
yelragi,sindhnur
konganhatti,sindhnur
sindhnur (rural),sindhnur
siddapur - (d),sindhnur
joladarasi,sindhnur
sashalli,sindhnur
hosshalli (ej),sindhnur
amarapur,sindhnur
nandikal - (d),sindhnur
rangadahalli,sindhnur
kaggal - (d),sindhnur
budiwal,sindhnur
somlapur,sindhnur
salgunda,sindhnur
cincheri,sindhnur
dhadesugur,sindhnur
bassapur (d),sindhnur
kengal,sindhnur
hatti,sindhnur
gorebal,sindhnur
shanthinagar,sindhnur
sasalmari,sindhnur
malakapur,sindhnur
konthanur,sindhnur
channahalli,sindhnur
siddrampur,sindhnur
mavinmadu,sindhnur
roudkunda,sindhnur
simth mavina madu,sindhnur
gobberkal,sindhnur
huda,sindhnur
mukunda,sindhnur
kurtkota (d),sindhnur
arlihalli(simth mukunda),sindhnur
singapur,sindhnur
sankanur,yelbarga
katral,yelbarga
sirgumpi,yelbarga
sompur,yelbarga
hiremyageri,yelbarga
mudhol,yelbarga
chikoppa,yelbarga
tumurguddi,yelbarga
ballutgi,yelbarga
jhulkatti,yelbarga
bandi,yelbarga
kadbalkatti,yelbarga
chikbannigol,yelbarga
konasagar,yelbarga
hagedhal,yelbarga
bassapur,yelbarga
boon koppa,yelbarga
dammur,yelbarga
vajra bandi,yelbarga
makkahalli,yelbarga
salbhavi,yelbarga
madlur,yelbarga
lagalur,yelbarga
g.jarkunti,yelbarga
g.virapur,yelbarga
kudri kotgi,yelbarga
maranhal,yelbarga
hosahalli,yelbarga
karmudi,yelbarga
bandihal,yelbarga
tondihal,yelbarga
sanganhal,yelbarga
yelburga,yelbarga
malaksamudra,yelbarga
kudgunti,yelbarga
kallur,yelbarga
kalak bandi,yelbarga
matrangi,yelbarga
hire arlihalli,yelbarga
budakunti,yelbarga
putakmari,yelbarga
yeddoni,yelbarga
gule,yelbarga
budur,yelbarga
guntamadu,yelbarga
sidlabhavi,yelbarga
chikka mannapur,yelbarga
vanjabhavi,yelbarga
markat,yelbarga
choudapur,yelbarga
kalbhavi,yelbarga
mataldinni,yelbarga
chikka arlihalli,yelbarga
n.jarkunti,yelbarga
biraldinni,yelbarga
hosur,yelbarga
ningalbandi,yelbarga
mandalmari,yelbarga
taralkatti,yelbarga
yapaldinni,yelbarga
nilogal,yelbarga
uppaldinni,yelbarga
chikwankal kunta,yelbarga
hire wankal kunta,yelbarga
talkere,yelbarga
gandhal,yelbarga
hire waddarkal,yelbarga
katgihalli,yelbarga
tippanhal,yelbarga
uchalkunta,yelbarga
bukkanhatti,yelbarga
gunhalu,yelbarga
hunsihal,yelbarga
kolihal,yelbarga
myadneri,yelbarga
hanmapur,yelbarga
gedigera,yelbarga
talur,yelbarga
hulegudda,yelbarga
narsapur,yelbarga
murdi,yelbarga
guttur,yelbarga
lakmangule,yelbarga
chikmyageri,yelbarga
budgumpi,yelbarga
ryavanki,yelbarga
balapur,yelbarga
vangera,yelbarga
bevoor,yelbarga
watparvi,yelbarga
nelgeri,yelbarga
bhairnaikanhalli,yelbarga
mangalore,yelbarga
kavalkere,yelbarga
sirur,yelbarga
bedwatti,yelbarga
yadiapur,yelbarga
balgera,yelbarga
tipparasanhalu,yelbarga
chendoor,yelbarga
arkeri,yelbarga
muthalu,yelbarga
kadar halli,yelbarga
hirebeedinhalu,yelbarga
chikbeedinhalu,yelbarga
kudri moti,yelbarga
chendinhal,yelbarga
honhunashi,yelbarga
yarihanchinal,yelbarga
binhal,yelbarga
chiken koppa,yelbarga
dyampur,yelbarga
rajoor,yelbarga
adoor,yelbarga
chanpanhalli,yelbarga
konapur,yelbarga
kakkihalli,yelbarga
harishankerbandi,yelbarga
kuknoor,yelbarga
gorelekoppa,yelbarga
t.virapapur,yelbarga
bhatpanhalli,yelbarga
sidnekoppa,yelbarga
mandalgeri,yelbarga
itagi,yelbarga
masabhanchinhal,yelbarga
nittali,yelbarga
gavarhal,yelbarga
benakal,yelbarga
veerapur,yelbarga
bhanapur,yelbarga
talbal,yelbarga
ningapur,yelbarga
mannapur,yelbarga
anugondana koppa,yelbarga
kerihalli,yelbarga
male koppa,yelbarga
bannikoppa,yelbarga
advihalli,yelbarga
tadkal,yelbarga
lakmapur,yelbarga
chitapur,yelbarga
komlapur,yelbarga
rampur,kushtagi
vakkandurga,kushtagi
achnoor,kushtagi
mittalkod,kushtagi
nilogal,kushtagi
bommanhal,kushtagi
basapur,kushtagi
bilekal,kushtagi
shadalgera,kushtagi
tuggaldoni,kushtagi
nirlakoppa,kushtagi
hanmanhal,kushtagi
masbinkurbanhal,kushtagi
kodatgeri,kushtagi
rangapur,kushtagi
kadival,kushtagi
pattalchinti,kushtagi
guddadadevalapur,kushtagi
konapur,kushtagi
paramanhatti,kushtagi
jagir gadadur,kushtagi
mastkatti,kushtagi
akkeri,kushtagi
malgitti,kushtagi
gadchinti,kushtagi
habalkatti,kushtagi
k.parsapur,kushtagi
badimnhal,kushtagi
timmanhatti,kushtagi
venkatapur,kushtagi
gudadurkal,kushtagi
madnal,kushtagi
yerigeri,kushtagi
gorbihal,kushtagi
tumrikoppa,kushtagi
hiregonnagar,kushtagi
varikal,kushtagi
chickgonnagar,kushtagi
kumblavati,kushtagi
benkanhal,kushtagi
yelbunchi,kushtagi
mugnoor,kushtagi
katapur,kushtagi
kalgonhal,kushtagi
turkanur,kushtagi
kadoor,kushtagi
yerigonhal,kushtagi
huchnoor,kushtagi
antarthana,kushtagi
puratageri,kushtagi
bandargal,kushtagi
tatakunti,kushtagi
usalkoppa,kushtagi
honmatti,kushtagi
hulgera,kushtagi
sebankatti,kushtagi
mannerhal,kushtagi
beelagi,kushtagi
kabbargi,kushtagi
chandragiri,kushtagi
mavinitagi,kushtagi
hanamsagar,kushtagi
mudhotagi,kushtagi
develapur,kushtagi
hanamageri,kushtagi
miyapur,kushtagi
mensageri,kushtagi
kyadiguppa,kushtagi
kadekoppa,kushtagi
advibhavi,kushtagi
hulsegeri,kushtagi
malkapur,kushtagi
hosalli,kushtagi
zhunjalkoppa,kushtagi
madikera,kushtagi
zhoolkatti,kushtagi
chalgera,kushtagi
topalkatti,kushtagi
talugeri,kushtagi
kalalbandi,kushtagi
parasapur,kushtagi
bhingikoppa,kushtagi
donnegudda,kushtagi
bisnhal,kushtagi
kankoppa,kushtagi
hirenandihal,kushtagi
kordakera,kushtagi
chicknandihal,kushtagi
hirebannigol,kushtagi
yelburthi,kushtagi
tonsihal,kushtagi
gotagi,kushtagi
sirguppa,kushtagi
megur,kushtagi
banhatti,kushtagi
benchamatti,kushtagi
mudenoor,kushtagi
kudloor,kushtagi
balutagi,kushtagi
jalihal,kushtagi
matur,kushtagi
dotihal,kushtagi
kesoor,kushtagi
nadavalkoppa,kushtagi
kalkeri,kushtagi
upparbasapur,kushtagi
kawalbodur,kushtagi
mankalkeri,kushtagi
hesrur,kushtagi
ryawanki,kushtagi
basapur(m),kushtagi
gonhal(k),kushtagi
teggihal,kushtagi
madapur,kushtagi
rampur(jagir),kushtagi
gudadur(m),kushtagi
hosur(k),kushtagi
tengunti,kushtagi
bijakal,kushtagi
vanageri,kushtagi
tekkalki,kushtagi
kushtagi(rural),kushtagi
nidsesi,kushtagi
gorvarbenchamatti,kushtagi
byalihal,kushtagi
madalgatti,kushtagi
shakapur,kushtagi
nerebenchi,kushtagi
kurbanhal,kushtagi
kandakur,kushtagi
gumgeri,kushtagi
ganganhal,kushtagi
hiremannapur,kushtagi
mayadhunsi,kushtagi
hanchinhal,kushtagi
nawalhalli,kushtagi
rampur(m),kushtagi
neerloti,kushtagi
nagarhal,kushtagi
sasvihal,kushtagi
muddalgundi,kushtagi
myadardokki,kushtagi
kidadur,kushtagi
kalmalli,kushtagi
kilarhatti,kushtagi
umlirampur,kushtagi
narinhal,kushtagi
garjanhal,kushtagi
zhoolkunti,kushtagi
hagaldhal,kushtagi
ainapur,kushtagi
jumlapur,kushtagi
idlapur,kushtagi
nandapur,kushtagi
vithalapur,kushtagi
tawargera,kushtagi
huliyapur,kushtagi
gudadhanamsagar,kushtagi
bachinhal,kushtagi
chickmukrtinhal,kushtagi
manedhal,kushtagi
mettinhal,kushtagi
kanhal,kushtagi
pura,kushtagi
sanganhal,kushtagi
hiretemminhal,kushtagi
hadagli,kushtagi
virupapur,kushtagi
siddapur,kushtagi
hiremukartihal,kushtagi
lingadhalli,kushtagi
homminhal,kushtagi
hongaddi,kushtagi
layadhunsi,gangawati
hulihyder,gangawati
hosgudda,gangawati
godinal,gangawati
guddadur,gangawati
sirwar,gangawati
hanmanhal,gangawati
kanakapura,gangawati
varankhed,gangawati
bailakampur,gangawati
gouripur,gangawati
devlapur,gangawati
chikka wadderkal,gangawati
basrihal,gangawati
somsagara,gangawati
advibhavi,gangawati
hulsanhatti,gangawati
ingaldal,gangawati
parapur,gangawati
kannermadu,gangawati
muslapur,gangawati
guddalakampur,gangawati
bommasagara,gangawati
ramdurg,gangawati
obalbanda,gangawati
rampur,gangawati
jalihuda,gangawati
chikka madinal,gangawati
naglapur,gangawati
kanakgiri,gangawati
neerloti,gangawati
chikka khed,gangawati
hire khed,gangawati
malligwad,gangawati
bomchihal,gangawati
gorvihanchinal,gangawati
katapur (khalsa),gangawati
kalkera,gangawati
benkanhal,gangawati
sulekal,gangawati
tippanhal,gangawati
bankapur,gangawati
kardigudda,gangawati
hire madinal,gangawati
hampasadurg,gangawati
agoli,gangawati
vithlapur,gangawati
mallapura,gangawati
malkanmardi,gangawati
arlahalli,gangawati
battarnarsapur,gangawati
kesarhatti,gangawati
arhal,gangawati
baglapura,gangawati
dasanhal,gangawati
venkatagiri,gangawati
udamkal,gangawati
banderhal,gangawati
gaddi,gangawati
lingadhalli,gangawati
yemmigudda,gangawati
mukkumpi,gangawati
hire benkal,gangawati
chikka benkal,gangawati
basapattana,gangawati
laxmipur,gangawati
rangapur,gangawati
tirmalapur,gangawati
sangapur,gangawati
anjanhalli,gangawati
virupapuragaddi,gangawati
hanmanhalli,gangawati
chickrampur,gangawati
temba,gangawati
mallapur,gangawati
krishnapur,gangawati
sanapur,gangawati
gangawati (rural),gangawati
hosalli,gangawati
nagarhalli,gangawati
jantkal (kalan),gangawati
vipra,gangawati
virpapur,gangawati
rajapur,gangawati
singangund,gangawati
basvandurg,gangawati
anegundi,gangawati
kesakihanchnal,gangawati
guldal,gangawati
markumbi,gangawati
herur,gangawati
gonal,gangawati
batterhanchnal,gangawati
hanwal,gangawati
hosekera,gangawati
marli,gangawati
sriramanagar,gangawati
hebbal,gangawati
acharnarsapur,gangawati
danapur,gangawati
jangamarkalgudi,gangawati
achalapur,gangawati
ayodhya,gangawati
chikka jantkal,gangawati
yettinhatti,gangawati
bunhatti,gangawati
eachanhal,gangawati
uddihal,gangawati
kyarihal,gangawati
sankanhal,gangawati
navali,gangawati
kardona,gangawati
katapur (umli),gangawati
akalkumpi,gangawati
hatti,gangawati
wadki,gangawati
adapura,gangawati
bhairapura,gangawati
chirchanagudda,gangawati
chikka dankankal,gangawati
jeeral,gangawati
jeeralkalgudi,gangawati
hire dankankal,gangawati
gudur,gangawati
mylapur,gangawati
bevinhal,gangawati
pannapur,gangawati
karatgi,gangawati
challur,gangawati
somanhal,gangawati
tondihal,gangawati
hagedal,gangawati
juratgi,gangawati
hulkihal,gangawati
marlanahalli,gangawati
yerdona,gangawati
budugumpa,gangawati
timmapur,gangawati
halsamudra,gangawati
singanhal,gangawati
gundur,gangawati
siddapur,gangawati
bargur,gangawati
mustur,gangawati
kuntoji,gangawati
kottankal,gangawati
eliganoor,gangawati
jamapur,gangawati
ulenoor,gangawati
bennur,gangawati
nandihalli,gangawati
kakkargol,gangawati
shalignoor,gangawati
waddarhatti (og),gangawati
sankadal,nargund
benakanakoppa,nargund
kurugovinakoppa,nargund
hirekopppa,nargund
arishinagodi,nargund
chikkanargund,nargund
kanakikop,nargund
gurlakatti,nargund
dandapur,nargund
peth,nargund
somapur,nargund
nargund(rural),nargund
arban,nargund
jagapur,nargund
siddapur,nargund
hunashikatti,nargund
kalakeri,nargund
muganur,nargund
banahatti,nargund
kurlageri,nargund
lakhamapur,nargund
belleri,nargund
vasan,nargund
konnur,nargund
budihal,nargund
kappali,nargund
kallapur,nargund
shirol,nargund
radder naganur,nargund
khanapur,nargund
gangapur,nargund
bhairana hatti,nargund
madagunaki,nargund
hadali,nargund
surkod,nargund
karkikatti,ron
gulagundi,ron
menasigi,ron
hole mannur,ron
gadgoli,ron
holealur,ron
kuruvinakoppa,ron
amaragol,ron
hole hadagali,ron
b-s-beler,ron
hunagundi,ron
benahal,ron
somanakatti,ron
hullur,ron
melmath,ron
asuti,ron
karamadi,ron
megur,ron
bhopalapur,ron
malawad,ron
hadagali- s-yavagal,ron
yavagala,ron
kaujageri,ron
belavanaki,ron
mallapur,ron
sandigawad,ron
honnapur,ron
basarakod,ron
nainapur,ron
madalagiri,ron
hirehal,ron
balagod,ron
sarjapur,ron
bommasagar,ron
shantagiri,ron
nellur,ron
kalliganur,ron
mushigeri,ron
chickalagundi,ron
gulaguli,ron
hirealagundi,ron
yerekurubanal,ron
honniganur,ron
tallihal,ron
mugali,ron
kotabal,ron
kurahatti,ron
mudenagudi,ron
arahunashi,ron
hiremannur,ron
bhasalapur,ron
chikkmannur,ron
savadi,ron
jigalur,ron
hosalli,ron
itagi,ron
dyamhunashi,ron
bevinakatti,ron
sudi,ron
hadagali -s- dambal,ron
gujmagadi,ron
kurudagi,ron
yarebeleri,ron
nagaral,ron
abbigeri,ron
jakkali,ron
budihal,ron
maranabasari,ron
kalakapur,ron
nidagundi,ron
halakeri,ron
rudrapur,ron
amaragatti,ron
lakkalakatti,ron
nagendragad,ron
bhairapur,ron
jigeri,ron
vadegol,ron
myakalzeri,ron
benachamatti,ron
kuntoji,ron
dindur,ron
rajur,ron
purthageri,ron
goudageri,ron
gogeri,ron
nagarashikoppa,ron
matarangi,ron
chilzeri,ron
kodaganur,ron
veerapur,ron
rampur,ron
hirekoppa,ron
madhalli,shirhatti
yattinahalli,shirhatti
yalavatti,shirhatti
holalapur,shirhatti
magadi,shirhatti
gojanur,shirhatti
desai ban,shirhatti
lakshmeshwar (hireban) (rural),shirhatti
ramageri,shirhatti
hulgeriban,shirhatti
akkigund,shirhatti
shettikeri,shirhatti
kundralli,shirhatti
battur,shirhatti
bastiban,shirhatti
pethaban,shirhatti
adarakatti,shirhatti
kondikoppa,shirhatti
futagao badni,shirhatti
sankadal,shirhatti
nadigatti,shirhatti
adrahalli,shirhatti
sogiwal,shirhatti
hire mallapur,shirhatti
haradagatti,shirhatti
ullatti,shirhatti
wadeyar mallapur,shirhatti
gulaganjikoppa,shirhatti
govanal,shirhatti
shigli,shirhatti
shyabala,shirhatti
doddur,shirhatti
undenahalli,shirhatti
amarapur,shirhatti
hullur,shirhatti
nelogal,shirhatti
suvarnagiri,shirhatti
suranagi,shirhatti
yallapur,shirhatti
balehosur,shirhatti
khanapur,shirhatti
parasapur,shirhatti
shirahatti (rural),shirhatti
varavi,shirhatti
guddadapur,shirhatti
jalligeri,shirhatti
kadakol,shirhatti
kusalapur,shirhatti
majjur,shirhatti
shivajinagar,shirhatti
chabbi,shirhatti
tegginabhavanur,shirhatti
nave bhavanur,shirhatti
machenahalli,shirhatti
ranatur,shirhatti
devihal,shirhatti
bellatti,shirhatti
sugnalli,shirhatti
hadagali,shirhatti
bhavanur,shirhatti
bannikoppa,shirhatti
narayanapura,shirhatti
chikkasavanur,shirhatti
budihal,shirhatti
kokkargundi,shirhatti
konchigeri,shirhatti
hosur,shirhatti
tarikoppa,shirhatti
kerihalli,shirhatti
sevanagar,shirhatti
belaghatti,shirhatti
wadavi,shirhatti
alagilawad,shirhatti
govanakoppa,shirhatti
bijjur,shirhatti
nagaramaduvu,shirhatti
ankali,shirhatti
koganur,shirhatti
tangod,shirhatti
kanakawad,shirhatti
hebbal,shirhatti
chavadal,shirhatti
tolali,shirhatti
itagi,shirhatti
sasarwad,shirhatti
basapur,shirhatti
kallaganur,shirhatti
shivajinagar,mundargi
kadampur,mundargi
churchihal,mundargi
shirur,mundargi
jantli,mundargi
halligudi,mundargi
hallikeri,mundargi
venkatapur,mundargi
alur,mundargi
shingatarayanakeri,mundargi
dindur,mundargi
attikatti,mundargi
kappatagiri,mundargi
doni,mundargi
dambal,mundargi
eklasapur,mundargi
haitapur,mundargi
meundi,mundargi
baradur,mundargi
tambragundi,mundargi
hirewaddatti,mundargi
chikkawaddatti,mundargi
guddadbudihal,mundargi
muradi,mundargi
maruthinagar,mundargi
kelur,mundargi
harogeri,mundargi
basapur,mundargi
bagewadi,mundargi
mustik0ppa,mundargi
kalkeri,mundargi
shirol,mundargi
mundargi ( r ),mundargi
ramenahalli,mundargi
byalawadgi,mundargi
maktumpur,mundargi
budihal,mundargi
tippapur,mundargi
virapapur,mundargi
venkateshnagar,mundargi
sevalalnagar,mundargi
bidnal,mundargi
bennihalli,mundargi
nagarahalli,mundargi
ashakiran,mundargi
hesarur,mundargi
kakkur,mundargi
korlhalli,mundargi
gangapur,mundargi
jyalawadgi,mundargi
mallikarjunapura,mundargi
mundawad,mundargi
bidarahalli,mundargi
vithalapur,mundargi
gumgol,mundargi
hammigi,mundargi
sheernahalli,mundargi
shingatalur,mundargi
ahetti,navalgund
shirur,navalgund
gummagol,navalgund
byalal,navalgund
hanashi,navalgund
javoor,navalgund
hebbal,navalgund
alagawadi,navalgund
amaragol,navalgund
belavatagi,navalgund
gobbaragumpi,navalgund
shanawad,navalgund
halakusugal,navalgund
ballur,navalgund
shirkol,navalgund
morab,navalgund
talimorab,navalgund
tirlapur,navalgund
padesur,navalgund
yamanur,navalgund
kumaragoppa,navalgund
arekurahatti,navalgund
chilakawad,navalgund
karlawad,navalgund
kalawad,navalgund
belahar,navalgund
kadadahalli,navalgund
arahatti,navalgund
tadahal,navalgund
kongawad,navalgund
sotakanal,navalgund
naganur,navalgund
gudisagar,navalgund
bhoganur,navalgund
naikanur,navalgund
datanal,navalgund
shelawadi,navalgund
khannur,navalgund
ibrahimpur,navalgund
navalli,navalgund
tuppadakurahatti,navalgund
kittur,navalgund
adnur,navalgund
hallikeri,navalgund
nagarahalli,navalgund
basapur,navalgund
saswihalli,navalgund
kondikoppa,navalgund
ballarawad,navalgund
bennur,navalgund
dundur,navalgund
siswinahalli,navalgund
manakawad,navalgund
nalavadi,navalgund
bhadrapur,navalgund
majjigudda,navalgund
annigeri (rural),navalgund
saidapur,navalgund
amargol,hubli
bhairidevarkop,hubli
unkal,hubli
gopankop,hubli
bengeri,hubli
nagashettikop,hubli
keshwapur,hubli
tarihal,hubli
revadihal,hubli
gokul,hubli
bommapur,hubli
a.timmasagar,hubli
gabbur,hubli
yellapura,hubli
sulla,hubli
byahatti,hubli
hebsur,hubli
kirasur,hubli
kusugal,hubli
ingalhalli,hubli
bhandiwad,hubli
mantur,hubli
halyal,hubli
nagarhalli,hubli
shirguppi,hubli
umachigi,hubli
koliwad,hubli
malligwad,hubli
devargudihal,hubli
parasapur,hubli
rayanal,hubli
gangiwal,hubli
anchatgeri,hubli
mavanur,hubli
budarsingi,hubli
kotgondhunshi,hubli
adargunchi,hubli
murarhalli,hubli
katnur,hubli
channapur,hubli
chavargudd,hubli
ramapur,hubli
inam-veerapur,hubli
giriyal,hubli
belegali,hubli
nulvi,hubli
sherewad,hubli
pale,hubli
bommasamudra,hubli
karadikop,hubli
kurdikeri,hubli
kamplikop,hubli
chebbi,hubli
b.aralikatti,hubli
warur,hubli
palikop,hubli
tirumalkoppa,hubli
agadi,hubli
hulakoppa,kalghatgi
neerasagar,kalghatgi
kannenaikankoppa,kalghatgi
basavarsikoppa,kalghatgi
devalingikoppa,kalghatgi
dasanur,kalghatgi
g. basavankoppa,kalghatgi
jammihal,kalghatgi
lingankoppa,kalghatgi
galagi,kalghatgi
karlakoppa,kalghatgi
gambyapur,kalghatgi
dhummawad,kalghatgi
yammihatti,kalghatgi
b.shigigatti,kalghatgi
arebasankoppa,kalghatgi
hasarambi,kalghatgi
muttagi,kalghatgi
bangittigudihal,kalghatgi
kurankoppa,kalghatgi
chalamatti,kalghatgi
kadankoppa,kalghatgi
ugginakeri,kalghatgi
hirehonnihalli,kalghatgi
dhulikoppa,kalghatgi
shivanagar,kalghatgi
hullambi,kalghatgi
begur,kalghatgi
bisaralli,kalghatgi
kamadhenu,kalghatgi
mishrikoti,kalghatgi
harogeri,kalghatgi
bhogenagarkoppa,kalghatgi
kudalgi,kalghatgi
tumarikoppa,kalghatgi
rangapur,kalghatgi
dastikoppa,kalghatgi
ramanal,kalghatgi
sangedevarkoppa,kalghatgi
madkihonnihalli,kalghatgi
kalakundi,kalghatgi
sangameshwar,kalghatgi
masalikatti,kalghatgi
sulikatti,kalghatgi
hatakinhal,kalghatgi
kandli,kalghatgi
dimbavalli,kalghatgi
nehru nagar,kalghatgi
devikoppa,kalghatgi
galaginakatti,kalghatgi
belavantra,kalghatgi
hanamapur,kalghatgi
aladakatti,kalghatgi
singanahalli,kalghatgi
junjanbail,kalghatgi
sangatikoppa,kalghatgi
tambur,kalghatgi
shiddanabhavi,kalghatgi
hulaginakoppa,kalghatgi
bagadageri,kalghatgi
ganjigatti,kalghatgi
surasettikoppa,kalghatgi
naganur,kalghatgi
dyamapur,kalghatgi
parasapur,kalghatgi
solargoppa,kalghatgi
malkankoppa,kalghatgi
hindasgeri,kalghatgi
jinnur,kalghatgi
shivanapur,kalghatgi
somanakoppa,kalghatgi
dyavankonda,kalghatgi
k. hunishikatti,kalghatgi
tabakadhonnihalli,kalghatgi
bullanaikanahulikatti,kalghatgi
guddad hulikatti,kalghatgi
beeravalli,kalghatgi
mukkall,kalghatgi
yalavadal,kalghatgi
tavargeri,kalghatgi
bammigatti,kalghatgi
aralihonda,kalghatgi
nelliharvi,kalghatgi
rajajinagar,kalghatgi
rajivanagar,kalghatgi
astakatti,kalghatgi
bendalgatti,kalghatgi
pura,kundgol
gudenakatti,kundgol
kundgol (rural),kundgol
shirur,kundgol
bilebal,kundgol
devanur,kundgol
betadur,kundgol
inamkoppa,kundgol
yaliwal,kundgol
hanchinal,kundgol
kamadolli,kundgol
chikkaharakuni,kundgol
hireharakuni,kundgol
bujruk tarlaghatta,kundgol
bullappanakoppa,kundgol
kubihal,kundgol
vithalapur,kundgol
hosakatti,kundgol
ramanakoppa,kundgol
malali,kundgol
gurunahalli,kundgol
hirebudihal,kundgol
ramapur,kundgol
kunkur,kundgol
jigalur,kundgol
belligatti,kundgol
teertha,kundgol
hanamanahalli,kundgol
mattigatti,kundgol
ingalagi,kundgol
nelagudda,kundgol
yarinarayanpur,kundgol
yaraguppi,kundgol
rottigawad,kundgol
kodliwad,kundgol
konkanakuratti,kundgol
chikkanarti,kundgol
mullahalli,kundgol
benakanahalli,kundgol
hirenarti,kundgol
basapur,kundgol
chakalabbi,kundgol
bardwad,kundgol
bagawad,kundgol
chikkagunjal,kundgol
hiregunjal,kundgol
yaribudihal,kundgol
hosahalli,kundgol
saunshi,kundgol
pasupathihal,kundgol
gudgeri,kundgol
haralapur,kundgol
sultanapur,kundgol
kalas,kundgol
mandiganal,kundgol
rattigeri,kundgol
goudgeri,kundgol
sankalipur,kundgol
majali,karwar
angadi,karwar
mudgeri,karwar
hosali,karwar
kanasgiri,karwar
kolage,karwar
arav,karwar
sawantwada,karwar
madhewada,karwar
hotegali,karwar
maigini,karwar
hankon,karwar
gopashitta,karwar
hankonjoog,karwar
halgejoog,karwar
bolshitta,karwar
ghadasai,karwar
ulga,karwar
kadiye,karwar
katar,karwar
kerwadi                       \i\,karwar
bhaire,karwar
goyar,karwar
kamargaon,karwar
lande,karwar
gotegali,karwar
mallapur,karwar
virje,karwar
kadra,karwar
kuchegar,karwar
hartuga,karwar
balemane,karwar
devakar,karwar
kaiga,karwar
kinnar,karwar
makheri,karwar
shirwad,karwar
siddar,karwar
wailwada,karwar
naitisavar,karwar
bargal,karwar
belur,karwar
devalmakki,karwar
shirve,karwar
nivli,karwar
nagekove,karwar
sunkeri,karwar
arga,karwar
chendiye,karwar
todur,karwar
amadalli,karwar
kadwad (ct),karwar
chitakula (og),karwar
viranjol,supa
palada,supa
rangarook,supa
varlewadi,supa
akheti,supa
vatala,supa
karambal,supa
anamod,supa
atle,supa
kalambuli,supa
devulli (tinai),supa
payaswadi,supa
chandawadi,supa
konshet,supa
kunagini,supa
ivoli,supa
aveda  poppal  wadi,supa
iliye  dabe,supa
durg,supa
chapali,supa
ramnagar,supa
asu,supa
bori,supa
shindholi,supa
varande,supa
wada,supa
kasarle,supa
boregali,supa
kamra,supa
ghavane,supa
bandoda,supa
pisose,supa
viral,supa
bazar  kunang,supa
kuveshi,supa
diggi,supa
asulli,supa
velif kumbeli,supa
miras kumbeli,supa
amshet,supa
malamba,supa
vaijagaon,supa
timbholi,supa
kumbral,supa
vaini,supa
bamanawadi,supa
durgi,supa
kasarwadi,supa
shingargaon,supa
kudalgaon,supa
donshet,supa
usoda,supa
pusheli,supa
jagalbet,supa
kurandi,supa
aveda,supa
konda (haliyal),supa
kondapa,supa
mavalinge,supa
badgund,supa
ambeli,supa
panjeli,supa
karanjoida,supa
nagoda,supa
samjoida,supa
chapoli (a),supa
chapakhand,supa
amarde,supa
bapeli,supa
khodli,supa
birampali,supa
pradhani,supa
sangave,supa
gavegali,supa
phansoli,supa
virnoli,supa
kalamkhand,supa
shiroli,supa
amagaon,supa
sannamaga,supa
kavale,supa
kundal,supa
zalawali,supa
terali,supa
deriye,supa
katel,supa
kateli (kumbar wada),supa
nujji,supa
badpoli,supa
anashi,supa
nigundi,supa
kalasai,supa
godashet,supa
chapoli (kalsai),supa
devulli (joida),supa
tinai  khand,supa
joida,supa
nagari,supa
hudasa,supa
kumbeli,supa
avurli,supa
gangoda,supa
ambolli,supa
gund,supa
nandigadde,supa
chinchkhand,supa
kariyadi,supa
chafer,supa
bidoli,supa
tulasgeri,supa
vadkal,supa
bedasgadde,supa
shevali,supa
yeramukh,supa
shivapur,supa
hebbal,supa
ulavi,supa
kodthalli,supa
neturge,supa
birkhol,supa
haregali,haliyal
gobral,haliyal
kesrodaga,haliyal
singatgeri,haliyal
ajgarni,haliyal
vitnal,haliyal
kumbarkop,haliyal
ambewadi,haliyal
bedarshirgur,haliyal
handli,haliyal
ramapur,haliyal
modalgera,haliyal
bidrolli,haliyal
yedoga,haliyal
timmapur,haliyal
channapur,haliyal
bablikop,haliyal
niralagi,haliyal
baloga,haliyal
harwalli,haliyal
satmani,haliyal
jawalli,haliyal
domagera,haliyal
alur,haliyal
kalginatti,haliyal
kyatangera,haliyal
dandeli (rural),haliyal
kerwad (dandeli),haliyal
kariyampali,haliyal
badakanshirda,haliyal
harnoda,haliyal
mainal,haliyal
rayapattan,haliyal
chimnalli,haliyal
malawad,haliyal
kalbhavi,haliyal
hosakumbarkop,haliyal
kulgi,haliyal
jamaga,haliyal
amga,haliyal
gutti,haliyal
donshirgur,haliyal
badashirgur,haliyal
narnalli,haliyal
bommanalli,haliyal
kegdal,haliyal
vincholli,haliyal
addigera,haliyal
bhagawati,haliyal
malawadi,haliyal
thakkar basapur,haliyal
bhimanalli,haliyal
machapur,haliyal
tatgera,haliyal
gardolli,haliyal
gadagera,haliyal
karlkatta,haliyal
agasalkatta,haliyal
ajga0n,haliyal
kesrolli,haliyal
halsi,haliyal
kurigadde,haliyal
siddapur,haliyal
tippingeri,haliyal
pura,haliyal
arshingeri,haliyal
kalginkop,haliyal
gundolli,haliyal
sambrani,haliyal
balshettikop,haliyal
chotakanshirda,haliyal
bukkankoppa,haliyal
nilwani,haliyal
ajminal,haliyal
hosur,haliyal
adikehosur,haliyal
dodkop,haliyal
jatgahosur,haliyal
mavinkop,haliyal
tattigeri,haliyal
bogur,haliyal
mundki,haliyal
arlwad,haliyal
homnalli,haliyal
madnalli,haliyal
dusagi,haliyal
muttalmuri,haliyal
antrolli,haliyal
hunswad,haliyal
satnalli,haliyal
malwad,haliyal
ambodaga,haliyal
pala,haliyal
kalasapur,haliyal
mangalawad,haliyal
tergaon,haliyal
havagi,haliyal
kerwad (h),haliyal
magwad,haliyal
buzurkanchanalli,haliyal
tatwanagi,haliyal
ammankop,haliyal
jogankop,haliyal
bhanasageri,haliyal
tegnalli,haliyal
alolli,haliyal
khamdolli,haliyal
chibbalgeri,haliyal
guttibail,haliyal
nagshetikop,haliyal
mundwad,haliyal
ghadiyal,haliyal
shivapur,haliyal
guledkop,haliyal
belwatgi,haliyal
dongrikop,haliyal
murkwad,haliyal
golehalli,haliyal
malwadi,haliyal
mugadkop,haliyal
khurd kanchanalli,haliyal
janaga,haliyal
chinaginkop,haliyal
jatga,haliyal
basawalli,haliyal
nandigadda,haliyal
kawalwad,haliyal
hampehalli,haliyal
ambikanagara (ct),haliyal
kattige,yellapur
dehalli,yellapur
bisgod,yellapur
nagarakhan,yellapur
hukkali,yellapur
gotguli,yellapur
lalguli,yellapur
kannigeri,yellapur
kannadagal,yellapur
belegeri,yellapur
angod,yellapur
savagadde,yellapur
baragadde,yellapur
geral,yellapur
shistamudi,yellapur
tatagar,yellapur
shigepal,yellapur
hutakmane,yellapur
hiriyal,yellapur
balagar,yellapur
kalache,yellapur
kanur,yellapur
bare,yellapur
marahalli,yellapur
benadaguli,yellapur
mavinamane,yellapur
honagadde,yellapur
targar,yellapur
beegar,yellapur
baginkatta,yellapur
chimanalli,yellapur
lingadabailu,yellapur
hamsana gadde,yellapur
donagar,yellapur
gharwas,yellapur
gopadmane,yellapur
jogadamane,yellapur
k0madi,yellapur
idagundi,yellapur
telangar,yellapur
vajralli,yellapur
jogalepal,yellapur
ambagaon,yellapur
kodlagadde,yellapur
chikkumane,yellapur
gullapur,yellapur
arbail,yellapur
dabaguli,yellapur
kelashi,yellapur
hastakaragadde,yellapur
balekani,yellapur
nandolli,yellapur
kavadikere,yellapur
belakanda,yellapur
analgar,yellapur
hulagan,yellapur
sulagar,yellapur
heggumbale,yellapur
holemadu,yellapur
devaragadde,yellapur
magod,yellapur
chandguli,yellapur
malalgaon,yellapur
hutkhanda,yellapur
kalasuru,yellapur
heggapur,yellapur
madnur,yellapur
kolikeri,yellapur
kanchanahalli,yellapur
kiravatti,yellapur
hosalli,yellapur
bankasalli,yellapur
bendigeri,yellapur
gadijogadmane,yellapur
bhomnalli,yellapur
somanalli,yellapur
chikkotti,yellapur
kampli,yellapur
harigadde,yellapur
tolagod,yellapur
yadalli,yellapur
kundoor,yellapur
kusguli,yellapur
hasanagi,yellapur
devarakallalli,yellapur
malakoppa,yellapur
aalwad,yellapur
kerehosalli,yellapur
bilki,yellapur
puratbomnalli,yellapur
hotageri,yellapur
mudanagi,yellapur
shiranala,yellapur
halagod,yellapur
hitlasara,yellapur
baichgod,yellapur
halasinkoppa,yellapur
kanenalli,yellapur
shigemaneummachagi,yellapur
hiresar,yellapur
bidralli,yellapur
hittlalli,yellapur
ilehalli,yellapur
chavatti,yellapur
kanagod-balehadda,yellapur
sankadagundi,yellapur
kotemane,yellapur
totadakallalli,yellapur
hunasemane,yellapur
hullaramane,yellapur
jakkolli,yellapur
jaddigadde,yellapur
savane,yellapur
uchageri,yellapur
bharatanahalli,yellapur
bharanii,yellapur
kannur - heggaranii,yellapur
tarehalli,yellapur
hemmadi,yellapur
vanakemane,yellapur
kundargi,yellapur
hasalmane,yellapur
bellambi,yellapur
sampekoppa,yellapur
beejanakoppa,yellapur
yerebail,mundgod
hulihonda,mundgod
agadi,mundgod
nandikatta,mundgod
ugginkeri,mundgod
gunjavati,mundgod
mainalli,mundgod
balehalli,mundgod
kusur,mundgod
indoor,mundgod
hungunda,mundgod
wadagatta,mundgod
bachanaki,mundgod
kopp  (ind),mundgod
kargolli,mundgod
tamyankoppa,mundgod
chowdalli,mundgod
kyasankeri,mundgod
teginkoppa,mundgod
pur,mundgod
nyasargi,mundgod
kundargi,mundgod
sanavalli,mundgod
bappalgundi,mundgod
bappalkatti,mundgod
ajjihalli,mundgod
lakkolli,mundgod
malavalli,mundgod
byanalli,mundgod
kalkeri,mundgod
basavanakoppa,mundgod
rayanalli,mundgod
andalgi,mundgod
kavalakoppa,mundgod
salgaon,mundgod
hirehalli,mundgod
chigalli,mundgod
chipageri,mundgod
ganadahalli,mundgod
tattalli (katur),mundgod
kallalli,mundgod
nagnoor,mundgod
chikka haravalli,mundgod
chitgeri,mundgod
chalgeri,mundgod
ammatgar,mundgod
attangi,mundgod
doddaharvalli,mundgod
katur,mundgod
mudasali,mundgod
alalli,mundgod
mavakoppa,mundgod
maragadi,mundgod
shinganahalli,mundgod
oralgi,mundgod
borangudde,mundgod
hudelkoppa,mundgod
ramapur,mundgod
veerapur,mundgod
kodambi,mundgod
bhadrapura,mundgod
pala,mundgod
ingalki,mundgod
kalkoppa,mundgod
bommarshikoppa,mundgod
kurli,mundgod
togralli,mundgod
atabail,mundgod
kanchikoppa,mundgod
shanvalli,mundgod
ummachagi,mundgod
hostot,mundgod
bedasgaon,mundgod
halaharavi,mundgod
balekoppa,mundgod
bekkod,mundgod
naginkeri,mundgod
siddapur,mundgod
malgi,mundgod
kop (gotgudi),mundgod
gotagudi,mundgod
kolgi,mundgod
haraganalli,mundgod
jangeri,mundgod
hoskoppa,mundgod
borangudda,mundgod
kyadgikop,mundgod
yemagalli,mundgod
tattilli (mundgod) (ct),mundgod
dhoranagiri,sirsi
kalgadde kanchigadde,sirsi
sonaginmane,sirsi
kodnagadde,sirsi
mensi,sirsi
balekaimane,sirsi
muski,sirsi
kakkalli,sirsi
kanamuski,sirsi
shirgani,sirsi
gonsar,sirsi
vanalli,sirsi
guruvalli,sirsi
audala,sirsi
mogadde,sirsi
mathadeval,sirsi
kodigar,sirsi
bakkal,sirsi
nakshe,sirsi
koligar,sirsi
muregar,sirsi
kudragod,sirsi
neelkani,sirsi
naigar,sirsi
jaddigadde,sirsi
manadur,sirsi
tattisar,sirsi
singanalli,sirsi
hancharata,sirsi
sonda,sirsi
hulgol,sirsi
malenalli,sirsi
arasapur,sirsi
belale,sirsi
golikoppa,sirsi
bhairumbe,sirsi
bommanalli,sirsi
agasal,sirsi
harehulekal,sirsi
kelgin onikeri,sirsi
melin onikeri,sirsi
modur,sirsi
salkani,sirsi
kadbal,sirsi
shigehalli,sirsi
balegadde,sirsi
karjigimane,sirsi
itaguli,sirsi
koppa,sirsi
andolli,sirsi
devarkoppa,sirsi
hutgar,sirsi
harepal,sirsi
puttanamane,sirsi
dasangadde,sirsi
sadashivalli,sirsi
mundganmane,sirsi
kelginkeri,sirsi
sarguppa,sirsi
devanmane,sirsi
benagaon,sirsi
kallalli,sirsi
devanalli,sirsi
onigadde,sirsi
kalugar,sirsi
manjaguni,sirsi
teppar,sirsi
hebre,sirsi
devimane,sirsi
bugadi,sirsi
hosur,sirsi
bandal,sirsi
khurse,sirsi
kambigar,sirsi
hakkigadde,sirsi
mudgar,sirsi
kotgehalli,sirsi
shivalli,sirsi
shivagaon,sirsi
kanalli,sirsi
hostota,sirsi
navilgar,sirsi
sampakhanda,sirsi
kugtemane,sirsi
badagi,sirsi
balavalli,sirsi
janmane,sirsi
kodgibail,sirsi
hallusargi,sirsi
heggar,sirsi
yachadi,sirsi
kalve,sirsi
sannalli,sirsi
janmane (h),sirsi
hunsekoppa,sirsi
hanumanthi,sirsi
mattigar,sirsi
hanagar,sirsi
kukri,sirsi
adalli,sirsi
kondalgi,sirsi
nerlavalli,sirsi
neggu,sirsi
uratota,sirsi
bappanalli,sirsi
tataguni,sirsi
tuduguni,sirsi
boppanalli,sirsi
isloor,sirsi
sannakeri,sirsi
achanalli,sirsi
pura,sirsi
huldevansar,sirsi
goudalli,sirsi
somanalli,sirsi
chipgi,sirsi
narebail,sirsi
dodnalli,sirsi
byagadde,sirsi
nurkalkoppa,sirsi
husri,sirsi
landakanahalli,sirsi
bachagaon,sirsi
sirsi (rural),sirsi
manajavalli,sirsi
kalgar,sirsi
bilgalmane,sirsi
hedigemane,sirsi
sankadmane,sirsi
heepnalli,sirsi
sirsimakki,sirsi
mundagesar,sirsi
kalkuni,sirsi
terkanalli,sirsi
kageri,sirsi
yadalli,sirsi
karsulli,sirsi
amblihonda,sirsi
mashigadde,sirsi
kalkai,sirsi
betkoppa,sirsi
padageri,sirsi
kangod,sirsi
hannondugudde,sirsi
ajjibal,sirsi
karoor,sirsi
balgar,sirsi
jaganalli,sirsi
bislakoppa,sirsi
baroor,sirsi
kulve,sirsi
gadihalli,sirsi
angodkoppa,sirsi
mudebail,sirsi
wadgeri,sirsi
hudelkoppa,sirsi
ullal,sirsi
adnalli,sirsi
yekkambi,sirsi
hebballi,sirsi
malalgaon,sirsi
benagi,sirsi
hallikoppa,sirsi
kotekoppa,sirsi
danaganahalli,sirsi
badanagod,sirsi
kalangi,sirsi
bellankeri,sirsi
kuppagadde,sirsi
mattihalli,sirsi
ummadi,sirsi
bilur,sirsi
kuppalli,sirsi
gongatta,sirsi
gonur,sirsi
kandraji,sirsi
bankanal,sirsi
malanji,sirsi
fharsi,sirsi
kirwatti,sirsi
waddal,sirsi
santolli,sirsi
hebbatti,sirsi
andgi,sirsi
kyadgikoppa,sirsi
margundi,sirsi
halgadde,sirsi
sugavi,sirsi
madankeri,sirsi
kankoppa,sirsi
halsinkoppa,sirsi
kabbe,sirsi
kerekoppa,sirsi
unchalli,sirsi
bidralli,sirsi
vaddinakoppa,sirsi
kalgundikoppa,sirsi
gadgeri,sirsi
bengle,sirsi
mugilkoppa,sirsi
kalkardi,sirsi
hadalagi,sirsi
madralli,sirsi
gudnapur,sirsi
navanageri,sirsi
golikatta,sirsi
umblekoppa,sirsi
uplekoppa,sirsi
kalli,sirsi
kogod,sirsi
sahasralli,sirsi
mundgehalli,sirsi
kantraji,sirsi
ajjarni,sirsi
kadgod,sirsi
tigani,sirsi
banavasi,sirsi
bhasi,sirsi
mugvalli,sirsi
chikkadugli,sirsi
kalkoppa,sirsi
naroor,sirsi
harwada,ankola
varilbena,ankola
sakalbena,ankola
hattikeri,ankola
belekeri,ankola
bhavikeri,ankola
algeri,ankola
baleguli,ankola
bogribail,ankola
berde,ankola
nellurkanchinbail,ankola
heggarnikotebavi,ankola
gule,ankola
lakkeguli,ankola
kendige,ankola
shikliturli,ankola
mallani,ankola
sheveguli,ankola
navagadde,ankola
adlur,ankola
kanchinmale,ankola
marugadde,ankola
heggar makkigadde,ankola
agsur,ankola
kavalalli,ankola
kattinhakkal,ankola
sunksal,ankola
hebbul,ankola
dongri,ankola
kodlagadde,ankola
shevakar,ankola
heggar,ankola
kalleshwar,ankola
halvalli,ankola
kammani,ankola
nadibag,ankola
poojgeri,ankola
hosgadde,ankola
bole,ankola
shetgeri,ankola
bhasgod,ankola
kogre,ankola
belambar,ankola
wadibogri,ankola
honnebail,ankola
shinganmakki,ankola
surve,ankola
kanagil,ankola
hichkad,ankola
hadav,ankola
bilehoingi,ankola
manjaguni,ankola
agragon,ankola
hegre,ankola
adigon,ankola
talgadde,ankola
belse,ankola
shirur,ankola
joog,ankola
kamge,ankola
devigadde,ankola
sagadgeri,ankola
ulware,ankola
kodsani,ankola
vasar kudrige,ankola
mogta,ankola
andle,ankola
balale,ankola
karebail,ankola
takatgeri,ankola
kenkanishivapur,ankola
moralli,ankola
shirgunji,ankola
gundabala,ankola
hillur,ankola
kuntgani,ankola
manigadde,ankola
achave,ankola
kabgal,ankola
brahmur,ankola
aversa (ct),ankola
bobruwada (ct),ankola
shirkuli (og),ankola
tenkankeri (og),ankola
laxmeshwar (og),ankola
vandige (og),ankola
nadumaskeri,kumta
harumaskeri,kumta
bhavikodla,kumta
bankikodla,kumta
hanehalli,kumta
hoskeri,kumta
kadime,kumta
gonehalli,kumta
bidrageri,kumta
gokarn,kumta
naranapur,kumta
nagarbail,kumta
toregazani,kumta
torke,kumta
hittalmakki,kumta
madangeri,kumta
yennemadi,kumta
hiregutti,kumta
midlagazani,kumta
morba,kumta
kolimanjaguni,kumta
aghanashini,kumta
kagal,kumta
hubbangeri,kumta
baad,kumta
gudeangadi,kumta
holanagadde(part),kumta
manikatta,kumta
halkar,kumta
chitragi,kumta
kelaginstala,kumta
betkuli,kumta
kurigadde,kumta
bargi,kumta
bargigazani,kumta
savalkurve,kumta
keppekurve,kumta
masurkurve,kumta
pattubele,kumta
tannirhonda,kumta
aigalkurve,kumta
lukkeri,kumta
hegde(part),kumta
chatrakurve,kumta
kodkani,kumta
paduvani,kumta
mugvekanvadi,kumta
nagur,kumta
kadkod,kumta
yelavalli,kumta
yeshwantimule,kumta
yattinabail,kumta
mirjan,kumta
nilkod,kumta
divgi,kumta
manaki,kumta
antravalli,kumta
toppalgutta,kumta
alkod,kumta
yedatare,kumta
bellangi,kumta
sandolli-muttolli,kumta
yana,kumta
kodambale,kumta
harita,kumta
anegundi,kumta
santur,kumta
bhandival,kumta
uppinpattana,kumta
shirgunji,kumta
hebbail,kumta
malwalli,kumta
handigona,kumta
talgod,kumta
kundguni,kumta
kadekodi,kumta
math,kumta
devagiri,kumta
horbhag,kumta
holegadde,kumta
harnir,kumta
urkeri,kumta
valgalli,kumta
kalkeri,kumta
harodi,kumta
konalli,kumta
kujalli,kumta
hegle,kumta
alvalli,kumta
madki bail,kumta
mur00r,kumta
karkimakki,kumta
kallabbe,kumta
hosad,kumta
kandavalli,kumta
kavalodi,kumta
kanakale,kumta
holavalli,kumta
kalve,kumta
chimmolli,kumta
bangane,kumta
mudgi,kumta
basolli,kumta
santeguli,kumta
hegde-hosalli,kumta
bastikeri,kumta
divalli,kumta
santagal,kumta
haravalli,kumta
abbolli,kumta
hindbail,kumta
honagere,kumta
ullurmath,kumta
algar,kumta
mudnalli,kumta
soppinahosalli,kumta
morse,kumta
medini,kumta
kalbagh (og),kumta
hegde (og) (part),kumta
holanagadde (og) (part),kumta
hallibail,siddapur
kanchikai,siddapur
mulgunda,siddapur
nilkund,siddapur
hukli  (nilkund),siddapur
shivalmane,siddapur
hutgar (nilkund),siddapur
tandagundi,siddapur
handiyane math,siddapur
nandyane,siddapur
hullunde,siddapur
nirgan,siddapur
manigar,siddapur
sarkuli,siddapur
kelgin sarkuli,siddapur
umbalmane,siddapur
bidarmane,siddapur
murur,siddapur
taresar,siddapur
heggarani,siddapur
halehalla,siddapur
hegge,siddapur
unchalli,siddapur
hostot,siddapur
harigar,siddapur
balekoppa  (kibballi),siddapur
ainbail,siddapur
hegnur,siddapur
kibballi,siddapur
analebail,siddapur
keregadde,siddapur
halegouri,siddapur
hasargod,siddapur
attimurd,siddapur
balesar,siddapur
karkisaval,siddapur
honnehadda,siddapur
harshimane,siddapur
harshikatta,siddapur
manikmane,siddapur
hutagar ( muthalli ),siddapur
muthalli,siddapur
shamemane,siddapur
karjagi,siddapur
bannige,siddapur
mutmurd,siddapur
tagginbalgar,siddapur
adkalli,siddapur
malenhalli,siddapur
yelugar,siddapur
kodsar-halkani,siddapur
halkani,siddapur
malubalgar,siddapur
gavingudde,siddapur
hirekai (kodsar halkani),siddapur
kodsar ( muthalli ),siddapur
bhandarkeri,siddapur
sampagod,siddapur
matti halli,siddapur
hangarkhanda,siddapur
balekai,siddapur
kalkatte hunasekoppa,siddapur
hosakoppa,siddapur
tarehalli-kansur,siddapur
kangod-kansur,siddapur
ghattikai,siddapur
madankal,siddapur
devisar,siddapur
girgadde,siddapur
arehalla,siddapur
shigehalli,siddapur
kodgadde,siddapur
kalgadde,siddapur
shelur,siddapur
haldot,siddapur
tyagali,siddapur
hirekai (tyagali),siddapur
kalen halli,siddapur
surgikoppa,siddapur
mudhalli,siddapur
gijagini,siddapur
bilegod,siddapur
nirgod,siddapur
kodigadde,siddapur
kaunsale,siddapur
dodmane,siddapur
uppingadde,siddapur
kallole,siddapur
kadavadi,siddapur
naigar,siddapur
kalkai,siddapur
kibale,siddapur
halegubbi,siddapur
kudegod,siddapur
talekeri,siddapur
begar,siddapur
gubbagod,siddapur
illimane,siddapur
honnekomb,siddapur
havinbil,siddapur
sovinkoppa,siddapur
ojagar,siddapur
hadrimane,siddapur
chapparmane,siddapur
mavinkod,siddapur
kyadgi,siddapur
lakkabbekeri,siddapur
balgod,siddapur
danmav,siddapur
suttalmane,siddapur
masalemakki,siddapur
wajgod,siddapur
sangolimane,siddapur
kelginmane,siddapur
sashiguli,siddapur
huvinmane,siddapur
nirgar,siddapur
tarakhanda,siddapur
kattekai,siddapur
golikai,siddapur
bilgi,siddapur
hosamanju,siddapur
kuravante,siddapur
taragod,siddapur
itagi,siddapur
keremane,siddapur
hukali (wajgod),siddapur
malemane,siddapur
hejani,siddapur
kudagund,siddapur
alavalli,siddapur
chandraghatgi,siddapur
hemagar,siddapur
kodkani,siddapur
kulibid,siddapur
mensi,siddapur
halgeri,siddapur
nagarbhavi,siddapur
padavanbail,siddapur
mattigar,siddapur
husur,siddapur
kilar,siddapur
malvajaddi,siddapur
koralkai,siddapur
musavalli,siddapur
malavalli,siddapur
heggekoppa,siddapur
kallur,siddapur
hasavante,siddapur
manmane,siddapur
malalavalli,siddapur
godlabil,siddapur
hingar,siddapur
muttige (kaval koppa),siddapur
naligar,siddapur
kavalkoppa,siddapur
kuppagar,siddapur
kodgibail,siddapur
bidarkan,siddapur
golgod,siddapur
heggodmane,siddapur
tumbargod,siddapur
nidgod,siddapur
mandlikoppa,siddapur
kunaji,siddapur
bandisara,siddapur
kolsirsi,siddapur
uppadaki,siddapur
hematemane,siddapur
heggadde,siddapur
balguli,siddapur
maghegar,siddapur
bhankuli,siddapur
muttige (gunjagod),siddapur
gunjagod,siddapur
algod,siddapur
bedkani,siddapur
tyarshi,siddapur
avarguppa,siddapur
halagadikoppa,siddapur
aigod,siddapur
wadageri,siddapur
kastur,siddapur
ballatte,siddapur
kangod,siddapur
kolgi,siddapur
shiralgi,siddapur
balekoppa (shiralgi),siddapur
bikkalse,siddapur
mugdur,siddapur
akkunji,siddapur
haralikoppa,siddapur
arendur,siddapur
kavanchur,siddapur
dugadikoppa,siddapur
nejjur,siddapur
mallapur,honavar
chandavar,honavar
kadnir,honavar
hodke shiroor,honavar
kekkar,honavar
kadtoka,honavar
madageri,honavar
kakurve,honavar
navilgone,honavar
aunsalli,honavar
kadle,honavar
haldipur,honavar
pavinakurve,honavar
karki,honavar
duggur,honavar
vandoor,honavar
nilkod,honavar
salkod,honavar
hosakuli,honavar
mugwa,honavar
kasarkod,honavar
apsarkonda,honavar
kelginoor,honavar
kankichitta,honavar
hosapatna,honavar
malkod,honavar
gunavante,honavar
kelgin-idgunji,honavar
melin-idgunji,honavar
balkur,honavar
heggar,honavar
kelgin-mannige,honavar
talgod,honavar
manki,honavar
gudemakki,honavar
dabbod,honavar
melin-mannige,honavar
hinnur,honavar
anilgod,honavar
beranki,honavar
kodani,honavar
birangod,honavar
magod,honavar
balemet,honavar
adukal,honavar
hadikal,honavar
sampolli,honavar
kota,honavar
tumbebeela,honavar
sulebil,honavar
herali,honavar
kuchodi,honavar
adekekuli,honavar
ashikeri,honavar
arolli-mundagod,honavar
kulakod,honavar
mavinkurva,honavar
mandalakurve,honavar
molkod,honavar
hosad,honavar
berolli,honavar
nagre,honavar
nirwattikodla,honavar
hadinbal,honavar
mutta,honavar
gundabala,honavar
hirebail,honavar
hosgod,honavar
janna kadkal,honavar
chikkankod,honavar
heravali,honavar
kharwa,honavar
koodla,honavar
padukuli,honavar
jalwal karki,honavar
kervalli,honavar
jalwalli,honavar
tumbolli,honavar
melinamudkani,honavar
kelgina-mudkani,honavar
adkar,honavar
herangadi,honavar
upponi,honavar
mahime,honavar
hanehallikabbinahakkal,honavar
hulegar,honavar
saralagi,honavar
kudrige,honavar
shirkur,honavar
khandodi,honavar
nagarabastikeri,honavar
begodi,honavar
hadgeri,honavar
bailur,bhatkal
mavalli,bhatkal
kaikini,bhatkal
bengre,bhatkal
shirali,bhatkal
koppa,bhatkal
heble,bhatkal
taggorgod,bhatkal
karikal,bhatkal
talgod,bhatkal
mavinkurve,bhatkal
belni,bhatkal
mundalli,bhatkal
bastigalamigte (hadin),bhatkal
hadin,bhatkal
chavathani,bhatkal
purvarga,bhatkal
behalli,bhatkal
mudbhatkal,bhatkal
muttalli,bhatkal
talan,bhatkal
belalkhanda,bhatkal
kitre,bhatkal
antravalli,bhatkal
hudil,bhatkal
badabag,bhatkal
agga,bhatkal
henjale,bhatkal
hasarvalli,bhatkal
hallyani,bhatkal
bastigalmigte (koppa ),bhatkal
murkodi,bhatkal
marukeri,bhatkal
kotkhanda,bhatkal
hadeel,bhatkal
golibilur,bhatkal
yelavadikavoor,bhatkal
gorte,bhatkal
belke,bhatkal
herur,bhatkal
hadlur,bhatkal
konar,bhatkal
bilurmane,bhatkal
kuntavani,bhatkal
hadavalli,bhatkal
voni bagil,bhatkal
devastan megthe,bhatkal
kurandur,bhatkal
kulawadi,bhatkal
aravakki,bhatkal
kerehittal,bhatkal
bese,bhatkal
hallari,bhatkal
benandoor,bhatkal
kaggundi,bhatkal
hejjil,bhatkal
kekkod,bhatkal
mugali,bhatkal
nuz,bhatkal
venkatapura (ct),bhatkal
jali (ct),bhatkal
kamalanagar,shiggaon
muthalli,shiggaon
tadas,shiggaon
thimmapur,shiggaon
adavisomapur,shiggaon
gudageri,shiggaon
mamadapur,shiggaon
kunnur,shiggaon
neeralgi,shiggaon
kadahalli,shiggaon
shyadambi,shiggaon
dhundshi,shiggaon
jondalgatti,shiggaon
aratal,shiggaon
bujruk basapur,shiggaon
madli,shiggaon
hulsogi,shiggaon
hiremanakatti (manakatti),shiggaon
bisatikoppa,shiggaon
gotagodi,shiggaon
sheelvant somapur,shiggaon
wanahalli,shiggaon
kamanahalli,shiggaon
makapur,shiggaon
yattinahalli,shiggaon
hosur,shiggaon
basavanakoppa,shiggaon
bhadrapur,shiggaon
konankeri,shiggaon
mulkeri,shiggaon
shyabala,shiggaon
neeralakatti,shiggaon
chandapur,shiggaon
hirebendigeri,shiggaon
chikbendigeri,shiggaon
belwalakoppa,shiggaon
panigatti,shiggaon
basanal,shiggaon
attigeri,shiggaon
shisuvinal,shiggaon
hulgur,shiggaon
kyalkond,shiggaon
surapgatti,shiggaon
belagali,shiggaon
chikmanakatti,shiggaon
kabanur,shiggaon
kengapur,shiggaon
bannur,shiggaon
mugali,shiggaon
bannikoppa,shiggaon
hiremallur,shiggaon
ganjigatti,shiggaon
shiggaon (rural),shiggaon
shivapur,shiggaon
jakkankatti,shiggaon
chikmallur,shiggaon
kankanwad,shiggaon
muddinakoppa,shiggaon
torur,shiggaon
kalkatti,shiggaon
manchinkop,shiggaon
nidagundi,shiggaon
hunshikatti,shiggaon
kalyan,shiggaon
khursapur,shiggaon
chakapur,shiggaon
hanumarahalli,shiggaon
motalli,shiggaon
chiknellur,shiggaon
bisanhalli,shiggaon
hottur,shiggaon
baad,shiggaon
shingapur,shiggaon
muglikatti,shiggaon
andalagi,shiggaon
shedagaravalli,shiggaon
hanakanahalli,shiggaon
hungund,shiggaon
shidlapur,shiggaon
mallanaikankoppa,shiggaon
mukabasarikatti,shiggaon
narayanapura,shiggaon
munavalli,shiggaon
ibrahimpur,shiggaon
sadashivapeth,shiggaon
hale bankapur,shiggaon
hulikatti,shiggaon
lakkikoppa,shiggaon
hotanahalli,shiggaon
guddadachannapur,shiggaon
kundur,shiggaon
jalikatti,shiggaon
jekenakatti,savanur
madapur,savanur
gonala,savanur
chowdala,savanur
karadagi,savanur
mantrodi,savanur
chillur,savanur
chillur badni,savanur
allipura,savanur
bevinahalli,savanur
gundur,savanur
hosa neeralgi-m-karadgi (new),savanur
nandihalli,savanur
mannur,savanur
teggihalli,savanur
savanur (rural),savanur
mavoor (mahur),savanur
fakir nandihalli,savanur
chikkaboodihal,savanur
savoor,savanur
bardur,savanur
challal,savanur
huralikuppi,savanur
tallihalli,savanur
hosalli-m-karadgi,savanur
tondur,savanur
melligatti,savanur
kurubaramallur,savanur
kalmadavu,savanur
tevaramellihalli,savanur
halasur,savanur
kunimellihalli,savanur
mannangi,savanur
yelavigi,savanur
huvinshigli,savanur
basavankoppa,savanur
hesarur,savanur
siddapur,savanur
naikerur,savanur
honikop,savanur
paramawadi,savanur
maruthipura,savanur
shirabadgi,savanur
shevalalpur,savanur
vadnikoppa,savanur
kadakola,savanur
kaliwal,savanur
bhairapur,savanur
ichangi,savanur
krishnapur,savanur
hattimattur,savanur
jallapur,savanur
kalalkond,savanur
ichala yellapur,savanur
hiremaralihalli,savanur
chikkamaralihalli,savanur
dombaramattur,savanur
kamal bangadi timmapur,savanur
kalasur,savanur
mantagani,savanur
kalakoti,savanur
hiremugadur,savanur
neeralagi-mahal-karadgi,savanur
chikkamugadur,savanur
aralihalli,savanur
yaliwal,hangal
bommanahalli,hangal
hanamasagar,hangal
nellikoppa,hangal
badamgatti,hangal
hospet,hangal
walageri,hangal
neeralgi (m) adur,hangal
harvi,hangal
haranagiri,hangal
maranabeed,hangal
masankatti,hangal
dyamankoppa (inam),hangal
belavatti (hunasikatti),hangal
janagundikoppa,hangal
yalavatti,hangal
bailwal,hangal
hullatti,hangal
dasharatkoppa,hangal
gadegundiyellapur,hangal
hasanabadi,hangal
basapur (m) nidasangi,hangal
yallur,hangal
nitaginakoppa,hangal
gundur,hangal
aladakatti,hangal
chandragiri,hangal
bhingapur,hangal
hombli,hangal
allapur,hangal
kudal,hangal
naregal,hangal
wardi,hangal
kalvekallapur,hangal
nellibeed,hangal
jakkanaikankoppa,hangal
belagalapeth,hangal
negavanigi,hangal
sivajipur,hangal
maharajpet,hangal
cheeranahalli,hangal
gudagudi,hangal
thimmapur (m) nidasangi,hangal
ramathirtha,hangal
baichavalli,hangal
rathnapur,hangal
kargudri,hangal
shirmapur (m) adur,hangal
kadashettihalli,hangal
kanchinegalur,hangal
kopparsikoppa,hangal
gazipur,hangal
hulaginakoppa,hangal
satenhalli,hangal
malligar,hangal
savasgi,hangal
araleshwar,hangal
kalveyellapur,hangal
hotanhalli,hangal
akkivalli,hangal
kuntanhosahalli,hangal
hosahalli,hangal
hirekanagi,hangal
basavanagara,hangal
shivajinagar,hangal
bidarakoppa,hangal
gotagodi,hangal
handihal,hangal
chikkeri,hangal
surleshwar,hangal
dolleshwar,hangal
girishinkoppa,hangal
gejjihalli,hangal
kamanhalli,hangal
manthagi,hangal
shivapura,hangal
laxmipur,hangal
sagarvalli,hangal
sringeri,hangal
savikeri,hangal
hanumanakoppa,hangal
hirur,hangal
gadiyankanahalli,hangal
mavakoppa,hangal
dyamankoppa (sarkar),hangal
balihalli,hangal
harlakoppa,hangal
sammasgi,hangal
neralgi (inam),hangal
hulaginahalli,hangal
mattihalli,hangal
konankoppa,hangal
kyasanur,hangal
shirgoda,hangal
chikkounshi hosur,hangal
janginakoppa,hangal
mudur,hangal
ajagundikoppa,hangal
kondoji,hangal
shyadaguppi,hangal
makarvalli,hangal
hirekounshi,hangal
gondi,hangal
channapur (m) adur,hangal
adur,hangal
sankrikoppa,hangal
kodiyellapur,hangal
shingapur,hangal
sheegihalli (shingahalli),hangal
tumarikoppa,hangal
lakamapur (m) adur,hangal
balambeed,hangal
havanagi,hangal
gururayapatna,hangal
sevalal,hangal
balur,hangal
akki alur,hangal
veerapura,hangal
hirehullal,hangal
herur,hangal
chikkahullal,hangal
uppanshi,hangal
kalkeri,hangal
tavargoppa,hangal
basapur (m) adur,hangal
somapur,hangal
malagund,hangal
kallapur,hangal
hanamapur,hangal
yallapur (inam),hangal
yethinahalli-m-adur,hangal
wasan,hangal
kusnur,hangal
byagawadi,hangal
somasagara,hangal
guddad mattihalli,hangal
mulathalli,hangal
dommanala,hangal
hirebasur,hangal
kelavarkoppa,hangal
karekyathanahalli,hangal
kanneshwar,hangal
arashinguppi,hangal
sheshagiri,hangal
honkan,hangal
lakmapur (inam),hangal
byathanal,hangal
malapur,hangal
tilavalli,hangal
kirwadi,hangal
hallibail,hangal
hulagaddi,hangal
kalguddi,hangal
yathinhalli (m) tilavalli,hangal
koppagondankop,hangal
kaginelli,byadgi
bannihalli,byadgi
hedigonda,byadgi
khurda veerapura,byadgi
kalagonda,byadgi
ingalagondi,byadgi
kasambi,byadgi
dasanakoppa,byadgi
siddapura,byadgi
chikkabasur,byadgi
hirehalli,byadgi
badamalli,byadgi
kummur,byadgi
nellikoppa,byadgi
nagalapur,byadgi
thippalapur,byadgi
masanagi,byadgi
angaragatti,byadgi
hirenandihalli,byadgi
kerawadi,byadgi
chinnikatti,byadgi
muttur,byadgi
beeranakoppa,byadgi
chikkalli,byadgi
ghalapuji,byadgi
dummihal,byadgi
attikatti,byadgi
guddada mallapur,byadgi
thimmapur,byadgi
sudambi,byadgi
hireanaji,byadgi
thumarikoppa,byadgi
dhulikoppa,byadgi
chikkanaji,byadgi
tadas,byadgi
gundenahalli,byadgi
kadamanahalli,byadgi
kengond,byadgi
kalledevar,byadgi
sevanagar,byadgi
arabagonda,byadgi
shivapur,byadgi
alalageri,byadgi
budapanahalli,byadgi
motebennur,byadgi
khurdha kodihalli,byadgi
shankripura,byadgi
timakapur,byadgi
mallur,byadgi
teredhalli,byadgi
byadgi (rural),byadgi
chattra,byadgi
kadaramandalagi,byadgi
agasanhalli,byadgi
gummanahalli,byadgi
shidenur,byadgi
ramgondanahalli,byadgi
lakamaji koppa,byadgi
belakeri,byadgi
bannihatti,byadgi
kollapur,byadgi
shivajinagar,byadgi
katenahalli,byadgi
anur,byadgi
bisalahalli,byadgi
timmenahalli,byadgi
purakondikoppa,hirekerur
kachavi,hirekerur
madlur,hirekerur
muddinakoppa,hirekerur
chinnamulagund,hirekerur
ningapur,hirekerur
wadenapur,hirekerur
yogikoppa,hirekerur
haunsabhavi,hirekerur
dasanakoppa,hirekerur
satenahalli,hirekerur
nittur,hirekerur
yammiganur,hirekerur
chikkonati,hirekerur
hirekonati,hirekerur
mattihalli,hirekerur
kargi,hirekerur
divagihalli,hirekerur
bhogavi,hirekerur
sunkapura,hirekerur
sutakoti,hirekerur
abalur,hirekerur
yattinahalli-m-k0d,hirekerur
shiramanakoppa,hirekerur
betakerur,hirekerur
apinakoppa,hirekerur
chikkerur,hirekerur
jyavalli,hirekerur
yallapur,hirekerur
shitikonda,hirekerur
arikatti,hirekerur
dammalli,hirekerur
godachikonda,hirekerur
dhupadahalli,hirekerur
nulageri,hirekerur
aladakatti,hirekerur
kalagonda,hirekerur
buradikatti,hirekerur
hadrihalli,hirekerur
balambid,hirekerur
somanahalli,hirekerur
basarihalli,hirekerur
hire mattur,hirekerur
chikka mattur,hirekerur
kod,hirekerur
ujanipur,hirekerur
shanakaranahalli-m-kod,hirekerur
chikkabudihal,hirekerur
babapur,hirekerur
aralikatti,hirekerur
hirebudihal,hirekerur
aladageri,hirekerur
yalawadahalli,hirekerur
lingadevarakoppa,hirekerur
battikoppa,hirekerur
kunchur,hirekerur
waderahalli,hirekerur
neshwi,hirekerur
mavinatop,hirekerur
kodihalli,hirekerur
timalapur,hirekerur
hullatti,hirekerur
gangapur,hirekerur
kyatanakeri,hirekerur
jogihalli,hirekerur
tawaragi,hirekerur
hosalli,hirekerur
dudihalli,hirekerur
sevalayanagar,hirekerur
kalvihalli,hirekerur
holabikonda,hirekerur
channalli,hirekerur
gundagatti,hirekerur
waraha,hirekerur
nidanegila,hirekerur
bannihatti,hirekerur
veerapur,hirekerur
masur,hirekerur
ramatirta,hirekerur
khandibagur,hirekerur
tippaikoppa,hirekerur
bellur,hirekerur
hireyadachi,hirekerur
chikkayadachi,hirekerur
makari,hirekerur
doddagubbi,hirekerur
yadagod,hirekerur
badasangapur,hirekerur
kudapali,hirekerur
hiremadapur,hirekerur
sannagubbi,hirekerur
rattihalli,hirekerur
shiragambi,hirekerur
ingalagondi,hirekerur
satagihalli,hirekerur
hiremoraba,hirekerur
chikkamoraba,hirekerur
chapparadahalli,hirekerur
yaliwal,hirekerur
malagi,hirekerur
totaganti,hirekerur
parvata shidgeri,hirekerur
kanvishidgeri,hirekerur
jokanala,hirekerur
kadur,hirekerur
bullapur,hirekerur
kirageri,hirekerur
chatnalli,hirekerur
puradakeri,hirekerur
chikkabbar,hirekerur
hirekabbur,hirekerur
galaginakatti,hirekerur
tadakanahalli,hirekerur
halliyal,hirekerur
kenchayikoppa,hirekerur
medur,hirekerur
angaragatti,hirekerur
yattinahalli-m-masur,hirekerur
kodamaggi,hirekerur
gangaikoppa,hirekerur
thirumalapura,hirekerur
hosakatti,hirekerur
nagawand,hirekerur
maidur,hirekerur
hallur,hirekerur
shankaranahalli,hirekerur
kamalapur,hirekerur
anaji,hirekerur
guddadamadapur,hirekerur
hanumapur,ranibennur
nukapur,ranibennur
choudayya danapur,ranibennur
chandapur,ranibennur
chikka kuravatti,ranibennur
ramapur,ranibennur
chikka aralahalli,ranibennur
haranagiri,ranibennur
gudagur,ranibennur
maidur,ranibennur
kudrihal,ranibennur
heeladahalli,ranibennur
belur,ranibennur
udagatti,ranibennur
ankasapur,ranibennur
bevinahalli,ranibennur
channapur,ranibennur
gangapur,ranibennur
medleri,ranibennur
somlapur,ranibennur
konanatambigi,ranibennur
hirebidari,ranibennur
yallapur t.medleri,ranibennur
aremallapur,ranibennur
yakalasapur,ranibennur
rahutana katti,ranibennur
airani,ranibennur
chalageri,ranibennur
karur,ranibennur
khanderayanahalli,ranibennur
yennihosahalli,ranibennur
waderayanahalli,ranibennur
hulikatti,ranibennur
nadiharalalli,ranibennur
kakol,ranibennur
venkatapur,ranibennur
kajjari,ranibennur
shidaganahal,ranibennur
guddaguddapur,ranibennur
yellapur t.honnatti,ranibennur
honnatti,ranibennur
yattinahalli,ranibennur
kerimallapur,ranibennur
guddadanveri,ranibennur
hullatti,ranibennur
kunabev,ranibennur
asundi,ranibennur
hulihalli,ranibennur
padmavathipur,ranibennur
hunashikatti,ranibennur
shrinivasapur,ranibennur
ranibennur (rural),ranibennur
yerekuppi,ranibennur
laxmapur,ranibennur
sarvanda,ranibennur
veerapur,ranibennur
ukkund,ranibennur
joisaraharalahalli,ranibennur
tirumaladevarakoppa,ranibennur
benakanakond,ranibennur
sunakalbidari,ranibennur
guddadahosahalli,ranibennur
guddadabevinahalli,ranibennur
hediyal,ranibennur
magod,ranibennur
kamadod,ranibennur
devagondanakatti,ranibennur
kusagur,ranibennur
aladakatti,ranibennur
haligeri,ranibennur
itagi,ranibennur
taredahalli,ranibennur
krishnapur,ranibennur
mustur,ranibennur
manakur,ranibennur
antaravalli,ranibennur
nittur,ranibennur
harogoppa,ranibennur
billahalli,ranibennur
danoagihalli (dandigihalli),ranibennur
konanatali,ranibennur
godihal,ranibennur
yalabadigi,ranibennur
nandihalli,ranibennur
lingadalli,ranibennur
holeanveri,ranibennur
malakanahalli,ranibennur
hanumanahalli,ranibennur
makanur,ranibennur
nalawagal,ranibennur
nagenahalli,ranibennur
mudenur,ranibennur
kotihal,ranibennur
nitapalli,ranibennur
kuppelur,ranibennur
hiremaganur,ranibennur
kooli,ranibennur
chikkamaganur,ranibennur
sannasangapur,ranibennur
badabasapur,ranibennur
malanaikanahalli,ranibennur
menashinahal,ranibennur
timmenahalli,ranibennur
fattepur,ranibennur
tumminakatti,ranibennur
kusagatti,ranibennur
kawalettu (ct),ranibennur
kodiyal (ct),ranibennur
hirabannimatti,hadagalli
byalhunsi,hadagalli
makarabbi,hadagalli
katebennuru,hadagalli
thumbinakeri,hadagalli
hirehadagalli,hadagalli
manihalli,hadagalli
veerapura,hadagalli
budanur,hadagalli
holalu,hadagalli
mylar,hadagalli
dombrahalli,hadagalli
dasanahalli,hadagalli
pothalakatti,hadagalli
hyarada,hadagalli
kuravathi,hadagalli
harivi basapura,hadagalli
harivi,hadagalli
beerabbi,hadagalli
kotihal,hadagalli
angoor,hadagalli
magala,hadagalli
rangapura,hadagalli
thimalapura,hadagalli
nowli,hadagalli
kotanakal,hadagalli
kombli,hadagalli
sovinahalli,hadagalli
hakandi,hadagalli
kalvi  west,hadagalli
koilaragatti,hadagalli
dasarahalli,hadagalli
halathimalapura,hadagalli
ayyanahalli,hadagalli
hagaranur,hadagalli
uppanayakanahalli,hadagalli
thippapura,hadagalli
devagondanahalli,hadagalli
nagathi basapura,hadagalli
shivalinganahalli,hadagalli
mannera masalavada,hadagalli
hirekolachi,hadagalli
vyasamallapura,hadagalli
thamalapura,hadagalli
komaranahalli,hadagalli
hiremallinakeri,hadagalli
holagundi,hadagalli
mudenur,hadagalli
nandihalli,hadagalli
hugulura,hadagalli
sogi,hadagalli
uttangi,hadagalli
varakanhalli,hadagalli
advimallanakeri,hadagalli
mahajanadahalli,hadagalli
ittigi,hadagalli
musuvinakallahalli,hadagalli
hampasagara,hagaribommanahalli
enigi,hagaribommanahalli
yenagi basapura,hagaribommanahalli
g.kodihalli,hagaribommanahalli
bannikal,hagaribommanahalli
hanumagondanahalli,hagaribommanahalli
gaddikeri,hagaribommanahalli
adivikyadigihalli,hagaribommanahalli
moregeri,hagaribommanahalli
sonna,hagaribommanahalli
basarakodu,hagaribommanahalli
bannigola,hagaribommanahalli
seeganahalli,hagaribommanahalli
rameswara bandi,hagaribommanahalli
muthukur,hagaribommanahalli
kithanur,hagaribommanahalli
thambrahalli,hagaribommanahalli
hiresobati,hagaribommanahalli
bachigondanahalli,hagaribommanahalli
anandadevanahalli,hagaribommanahalli
ankasamudra,hagaribommanahalli
bellahunshi,hagaribommanahalli
marabbihal,hagaribommanahalli
narayanadevarakeri,hagaribommanahalli
mudlapura,hagaribommanahalli
varadapura,hagaribommanahalli
byasigaderi,hagaribommanahalli
kadlabalu,hagaribommanahalli
pinjara heggadal,hagaribommanahalli
hampapatna,hagaribommanahalli
vyasapura,hagaribommanahalli
halagapura,hagaribommanahalli
guledahalu,hagaribommanahalli
kachinabandi,hagaribommanahalli
chintrapalli,hagaribommanahalli
anekal,hagaribommanahalli
kannehalli,hagaribommanahalli
nellukudri,hagaribommanahalli
ulavathi,hagaribommanahalli
haregondanahalli,hagaribommanahalli
malvi,hagaribommanahalli
varalihalli,hagaribommanahalli
upparagatta,hagaribommanahalli
madur,hagaribommanahalli
dasmapura,hagaribommanahalli
hosakeri,hagaribommanahalli
hansi,hagaribommanahalli
kallahalli,hagaribommanahalli
bennikal,hagaribommanahalli
sree rama nagar,hagaribommanahalli
kogali-samatu kodihalli,hagaribommanahalli
kogali,hagaribommanahalli
alabur,hagaribommanahalli
ambli,hagaribommanahalli
kudithinamoggi,hagaribommanahalli
hosakota,hospet
vyasanakeri,hospet
venkatapura,hospet
ayyanahalli,hospet
danapuram,hospet
mariyammanahalli,hospet
nandibanda,hospet
mariyammanahalli thanda,hospet
danayakanakere,hospet
nagalapura,hospet
gollarahalli,hospet
haravanahalli,hospet
basavanadurga,hospet
byalakundi,hospet
garga,hospet
telugubalu,hospet
chilakanahatti,hospet
t.basapura,hospet
vantigodu,hospet
thimmalapura,hospet
hosur,hospet
kallirampura,hospet
narasapura,hospet
belagodu,hospet
gudioblapura,hospet
nagenahalli,hospet
jambunathanahalli,hospet
rajapura,hospet
kallahalli,hospet
kalghatta,hospet
danapura,hospet
singanathanahalli,hospet
kaddirampura,hospet
krishnapura,hospet
hampi,hospet
nimbapura,hospet
bukkasagara,hospet
seetharama tanda,hospet
malapanagudi,hospet
ingaligi,hospet
vadrahalli,hospet
papinayakanahalli,hospet
byluvadigeri,hospet
gundlavaddigeri,hospet
kakubal,hospet
dharmasagara,hospet
kottiginahal,hospet
gadiganur,hospet
buvvanahalli,hospet
gonahal,hospet
belugoduhal,hospet
arlihalli,hospet
sanapura,hospet
muddapura no.2,hospet
ittigi,hospet
muddapura no.10,hospet
ramasagara,hospet
kanvithimmalapura,hospet
devasamudra,hospet
chikkajaiganur,hospet
hirejaiganur,hospet
hampadevanahalli,hospet
jowku,hospet
metri,hospet
upparahalli,hospet
devalapura,hospet
jeeriganuru,hospet
sugginahalli,hospet
somalapuram,hospet
sankalapuram,hospet
mavinahalli,hospet
honnahalli,hospet
herakal,siruguppa
kenchanagudda,siruguppa
devalapura,siruguppa
araliganur,siruguppa
manjinahal,siruguppa
poppanahal,siruguppa
halekota,siruguppa
nittur,siruguppa
udegolam,siruguppa
nadivi,siruguppa
manursugur,siruguppa
manur,siruguppa
muddatanur,siruguppa
malapura,siruguppa
havinahal,siruguppa
gundiganur,siruguppa
sirigeri,siruguppa
siddaramapura,siruguppa
dasapura,siruguppa
konchigeri,siruguppa
dasanur,siruguppa
bagawady,siruguppa
kesarakoni,siruguppa
seedaragadda,siruguppa
kududarahal,siruguppa
nagalapura,siruguppa
gajiginahal,siruguppa
kuruvalli,siruguppa
t.rampura,siruguppa
karchiganur,siruguppa
ibrampura,siruguppa
chanakanur,siruguppa
tondehal,siruguppa
raravi,siruguppa
boggur,siruguppa
saliganur,siruguppa
kotehal,siruguppa
kotehalsugur,siruguppa
bandrahal,siruguppa
honnarahalli,siruguppa
chikka bellary,siruguppa
hatcholli,siruguppa
matur,siruguppa
tasalla kudlur,siruguppa
vattumuruvani,siruguppa
beerahalli,siruguppa
kallukuttiganahal,siruguppa
basarahalli,siruguppa
akkatangirahal,siruguppa
halumuravani,siruguppa
kottalachinta,siruguppa
bhyragamadinne,siruguppa
gubbihal,siruguppa
bommalapura,siruguppa
ravihal,siruguppa
mitte sugur,siruguppa
agasanur,siruguppa
motra dinne,siruguppa
nagarahal,siruguppa
venkatapur,siruguppa
nadanga,siruguppa
alabanur,siruguppa
b.m.sugur,siruguppa
ittigihal,siruguppa
uppara hosahalli,siruguppa
hirehal,siruguppa
mudenur,siruguppa
kenchagarabelagal,siruguppa
balakundi,siruguppa
mylapura,siruguppa
kuriganur,siruguppa
buduguppa,siruguppa
gosabalu,siruguppa
bhyrapura,siruguppa
karur,siruguppa
mota sugur,siruguppa
uttanur,siruguppa
darur,siruguppa
sanavasapura,siruguppa
hagalur,siruguppa
ulur,siruguppa
talur,siruguppa
hagalur hosahalli,siruguppa
ramanmalai block (f),sandur
north eastern block(f),sandur
donimalai (f),sandur
swamymalai block (f),sandur
somalapur,sandur
bandri,sandur
nidugurthi,sandur
mallapura 72,sandur
hulikunta 73,sandur
chikkakeriyaginahalli,sandur
hirekeriyaginahalli,sandur
kalingeri,sandur
ankammanahal,sandur
devaramallapur,sandur
swamy halli,sandur
tonisigeri,sandur
gollalingammanahalli,sandur
mothalakunta,sandur
shro.thimmavvanahalli,sandur
kanakapur .b.c.,sandur
yeradammanahalli,sandur
yerriahanahalli,sandur
jodikasinayakanahalli,sandur
jiginahalli,sandur
thippanamaradi,sandur
sovenahalli,sandur
agrahara,sandur
genatikatte,sandur
chornur,sandur
bommagatta,sandur
gowripur,sandur
jodibommiahnahalli,sandur
shro.oblapur,sandur
devarabudenahalli,sandur
selieppanahalli,sandur
yeswanthanagar,sandur
ramgad,sandur
jaisingapur,sandur
emmihatti,sandur
siddapur,sandur
radhanagar,sandur
suseelnagar,sandur
dowlatpur,sandur
krishnanagar,sandur
muraripur,sandur
taranagar,sandur
sankarapur,sandur
bhujanganagar,sandur
narasingapur,sandur
ranjitpur,sandur
vittalnagar,sandur
karthikeshwar,sandur
deogiri,sandur
narayanapur,sandur
joga,sandur
talur,sandur
shro.basapur,sandur
daroji,sandur
toranagal,sandur
nagalapur,sandur
shro.gangalapur,sandur
bannihatti,sandur
kodalu,sandur
musinayakanahalli,sandur
yerabanahalli,sandur
chikkantapur,sandur
appalapur,sandur
antapur,sandur
marutala,sandur
lingadahalli,sandur
ayyanahalli,sandur
ubbalagundi,sandur
malapur,sandur
avinamadugu,sandur
thumati,sandur
vittalapur,sandur
gangalapur,sandur
rampur,sandur
rajapur,sandur
55 mallapura,sandur
thimlapur,sandur
metriki,sandur
gundlahalli,sandur
ramasagar,sandur
lakkalahalli,sandur
hanumanahalli,sandur
donimalai township (ct),sandur
vaddu (ct),sandur
kurekuppa (ct),sandur
motikal tanda,kudligi
hyalya,kudligi
hampapura,kudligi
bevoor,kudligi
dhoopadahalli,kudligi
k.basapura tanda,kudligi
thimmalapura,kudligi
kandagal,kudligi
gajapura,kudligi
chiribi,kudligi
rampura,kudligi
kodihalli,kudligi
sirinayakanahalli,kudligi
chapparadahalli,kudligi
k.iyyanahalli,kudligi
haralu,kudligi
kannanayakanakatte,kudligi
joladakudligi,kudligi
hirevaddarahalli,kudligi
kalapura,kudligi
nagarakatti,kudligi
thoolahalli,kudligi
ujjini,kudligi
boppalapura,kudligi
hireheggadahal,kudligi
sivapura,kudligi
bande basapura tanda,kudligi
gundinahole,kudligi
ammanakeri,kudligi
kuppinakeri,kudligi
badaladuku,kudligi
nagalapura,kudligi
moraba,kudligi
kakkuppi,kudligi
adavi sooravvanahalli,kudligi
jermali,kudligi
harudi,kudligi
chandrasekarapura,kudligi
ramadurg,kudligi
kudureduvu,kudligi
srikantapura thanda,kudligi
mahadevarapura,kudligi
appainahalli,kudligi
halasagara,kudligi
gudekota,kudligi
kasapura,kudligi
sidegallu,kudligi
narasimhagiri,kudligi
belligatta,kudligi
hulikunta,kudligi
kadekolla,kudligi
m.b.iyyanahalli,kudligi
makanaduku,kudligi
chikkajogi tanda,kudligi
gundumunugu,kudligi
yerralinganahalli,kudligi
gandabommanahalli,kudligi
uradihalli,kudligi
yekkigundi,kudligi
hurlihalu,kudligi
chitrathagundu,kudligi
kombihalli,kudligi
meenakeri,kudligi
kumathi,kudligi
sunkadakal,kudligi
palayyanakota,kudligi
c.imadapura,kudligi
chowdapura,kudligi
kyasanakere,kudligi
amalapura,kudligi
banavikal,kudligi
solladahalli,kudligi
nagenahalli,kudligi
mangapura,kudligi
nimbalageri,kudligi
harakabhavi,kudligi
bellikatti,kudligi
s. imadapura,kudligi
hosahalli,kudligi
ranganathanahalli,kudligi
byluthumbaraguddi,kudligi
hirekumbalagunta,kudligi
hulikere,kudligi
alur,kudligi
kenchamallanahalli,kudligi
lokikere,kudligi
jummobanahalli,kudligi
hudem,kudligi
poojarahalli,kudligi
thippehalli,kudligi
kallahalli,kudligi
bandravi,molakalmuru
santhegudda,molakalmuru
krishnarajapura,molakalmuru
melinakanive,molakalmuru
bommadevarahalli,molakalmuru
thammenahalli,molakalmuru
kanakuppe,molakalmuru
karadihalli,molakalmuru
sirekola,molakalmuru
swamikere,molakalmuru
rajapura,molakalmuru
kelaginakanive,molakalmuru
malleharavu,molakalmuru
yerrenahalli,molakalmuru
jilladagundi,molakalmuru
pokkurthi,molakalmuru
nallareddikondapura,molakalmuru
obalapura,molakalmuru
konapura,molakalmuru
bommakkanahalli,molakalmuru
murudi,molakalmuru
hosanagalapura,molakalmuru
pennammanahalli,molakalmuru
thimmalapura,molakalmuru
kerekondapura,molakalmuru
rampura,molakalmuru
basapura,molakalmuru
dadaguru,molakalmuru
jambalamalki,molakalmuru
jahagirbuddenahalli,molakalmuru
chinivaladagudda,molakalmuru
jalipente,molakalmuru
sanjeevarayanakote,molakalmuru
hosahalli,molakalmuru
vaderahalli,molakalmuru
devasamudra,molakalmuru
vittalapura,molakalmuru
venkatapura,molakalmuru
urthal,molakalmuru
ramasagara,molakalmuru
veerapura,molakalmuru
gowrasamudra,molakalmuru
chikkanahalli,molakalmuru
heruru,molakalmuru
siddapura,molakalmuru
machenahalli,molakalmuru
bhatrahalli,molakalmuru
chikkerahalli,molakalmuru
amakundi,molakalmuru
nagasamudra,molakalmuru
katanaikanahalli,molakalmuru
guddadahalli,molakalmuru
byrapura,molakalmuru
hirekerehalli,molakalmuru
talavarahalli,molakalmuru
puraboranahalli,molakalmuru
rangaiahnadurga,molakalmuru
mahimenahatti,molakalmuru
bommalinganahalli,molakalmuru
yerajinnenahalli,molakalmuru
hanagal,molakalmuru
tuppadakkanahalli,molakalmuru
matadajogihalli,molakalmuru
iyanahalli,molakalmuru
siddaiahnakote,molakalmuru
rayapura,molakalmuru
sulenahalli,molakalmuru
gundluru,molakalmuru
marlahalli,molakalmuru
nerlahalli,molakalmuru
adavimallapura,molakalmuru
tumkurlahalli,molakalmuru
donetammenahalli,molakalmuru
yerapothajogihalli,molakalmuru
chikkumthi,molakalmuru
chikkobanahalli,molakalmuru
harvinadoddi,molakalmuru
surammanhalli,molakalmuru
kamara kaval,molakalmuru
mathigarahalli,molakalmuru
bommagondanakere,molakalmuru
mogalahalli,molakalmuru
duppi,molakalmuru
marammanahalli,molakalmuru
kondlahalli,molakalmuru
netrenahalli,molakalmuru
konsagara,molakalmuru
giddanahalli,challakere
torekolammanahalli,challakere
koradihalli,challakere
abbaiahnahalli,challakere
maleboranahatti,challakere
mustalagummi,challakere
chowlakere,challakere
buklorahalli,challakere
mallurahalli,challakere
baramasagara (b),challakere
dasaramuthenahalli,challakere
rekhalagere,challakere
rekhalagere kaval (b),challakere
guntakolammanahalli,challakere
kavalanahalli,challakere
mallaurahatti,challakere
jogihatti,challakere
bhairanayakanahatti,challakere
hirekere kaval,challakere
bheemagondanahalli,challakere
gowdagere,challakere
naikanahatti,challakere
kamplisagara (b),challakere
mahadevapura,challakere
giddapura,challakere
obaiahnahatti,challakere
ramasagara,challakere
gajjaganahalli,challakere
thimmappaiahnahalli,challakere
kereyagalahalli,challakere
jambaiahnahalli,challakere
thippaiahnakote,challakere
bheemanakere,challakere
devarahalli,challakere
gowripura,challakere
khudapura,challakere
manamainahatti,challakere
ramadurga,challakere
gollahalli,challakere
sarjavvanahalli,challakere
nelagetanahatti,challakere
varavoo kaval,challakere
mallavvanahalli,challakere
neralagunte,challakere
lingavvanahalli,challakere
katavvanahalli,challakere
katrikenahatti,challakere
varavoo,challakere
hirehalli,challakere
obannanahalli kaval,challakere
obannanahalli,challakere
hanumanthanahalli,challakere
gowrasamudra kaval,challakere
bandethimmalapura,challakere
gowrasamudra,challakere
mallasamudra,challakere
devareddyhalli,challakere
bukkambudi,challakere
chikkahalli,challakere
mannekote,challakere
henjimuttenahalli,challakere
byadareddyhalli,challakere
banjigere,challakere
ghataparthi,challakere
bhoganahalli,challakere
basapura,challakere
renukapura,challakere
mylanahalli,challakere
banavigondanahalli,challakere
chitranayakanahalli,challakere
chennaganahalli,challakere
valase,challakere
thimmannanahalli,challakere
harishchandranayakana halli,challakere
thalaku,challakere
giriyammanahalli,challakere
chikkaammanahalli,challakere
chikkaullarti,challakere
ullarthi kaval,challakere
doddaullarthi,challakere
kaluvehalli,challakere
kyatagondanahalli,challakere
yadalagatta,challakere
gudihalli,challakere
kasavigondanahalli,challakere
thappagondanahalli,challakere
katamdevarakote,challakere
donehalli kaval,challakere
obalapura kaval,challakere
obalapura,challakere
chikkabadihalli,challakere
doddabadihalli,challakere
donehalli,challakere
thippareddyhalli,challakere
jannenahalli,challakere
nannivala,challakere
challakere(rural),challakere
gorlakatte,challakere
veeradimmanahalli,challakere
budnahatti,challakere
duggavara,challakere
bharamasagara,challakere
rangavvanahalli,challakere
visweswarapura,challakere
karikere,challakere
vidupanakunte,challakere
meerasabihalli,challakere
bommasamudra,challakere
dodderi,challakere
nagaramgere,challakere
siddapura,challakere
lakshmipura,challakere
somaguddu,challakere
kannenahalli (b),challakere
kurudihalli,challakere
ramajogihalli,challakere
balenahalli,challakere
nandanahalli,challakere
govinahal (b),challakere
chikkamadhure,challakere
hiremadhure,challakere
sevalalnagar,challakere
kammathmarikunte,challakere
hotteppanahalli,challakere
jangamarahalli (b),challakere
reddihalli,challakere
kasturi thimmanahalli,challakere
dyavaranahalli,challakere
vaderahalli,challakere
bomberahalli,challakere
devara marikunte,challakere
nallurahalli,challakere
chikkenahalli,challakere
badavanahalli kaval (b),challakere
gopanahalli,challakere
mummadisagara (b),challakere
sanikere,challakere
ganjigunte,challakere
sanikere kaval (b),challakere
heggere,challakere
kaparahalli,challakere
jadekunte,challakere
badavanahalli (b),challakere
lakumagondanahalli,challakere
moduru kaval,challakere
moduru,challakere
jajuru kaval,challakere
jajur,challakere
nagagondanahalli,challakere
haligondanahalli,challakere
haravigondanahalli,challakere
pagadalabande,challakere
pagadalabande kaval,challakere
putloorahalli,challakere
putloorahalli kaval,challakere
korlakunte,challakere
bommanakunte,challakere
junjaragunte,challakere
chattekamba,challakere
matasamudra,challakere
channammanagathihalli,challakere
channammanagatihalli kaval,challakere
purlahalli,challakere
suranahalli,challakere
chowluru,challakere
viswanathapura,challakere
parasuramapura,challakere
pillahalli,challakere
siddheswaranadurga,challakere
obanahalli,challakere
chikkachellur,challakere
parashuramapura kaval,challakere
chowlur kaval,challakere
gosikere kaval,challakere
gosikere,challakere
konigarahalli kaval,challakere
konigarahalli,challakere
yalagatta,challakere
belagere,challakere
hulikunte,challakere
belagere kaval,challakere
kyathanamale,challakere
kalamarahalli,challakere
gorlathu,challakere
torebeeranahalli,challakere
thimmannanayakanakote,challakere
doddabeeranahalli,challakere
doddachellur,challakere
kadegude,challakere
kyadigunte,challakere
hiriyur,holalkere
andanur,holalkere
ingaladahalli,holalkere
bande bommenahalli,holalkere
gyarehalli,holalkere
jogera hanumanahalli,holalkere
ganjigatte,holalkere
udogere,holalkere
kagalagere,holalkere
chowdenahalli,holalkere
tanigehalli,holalkere
tyagadahalli,holalkere
muthugaduru,holalkere
kutvihalli,holalkere
mallenahalli,holalkere
vishvanathanahalli,holalkere
dandigenahalli,holalkere
marapura,holalkere
kalagatta,holalkere
sasalu,holalkere
b.durga,holalkere
kallavvanagathihalli,holalkere
shanubhoganahalli,holalkere
hirekandavadi,holalkere
davanahalli,holalkere
chikkajajur kaval,holalkere
gunjiganur,holalkere
rangavvanahalli,holalkere
honnakaluve,holalkere
sringeri-hanumanahalli,holalkere
iyyanahalli kaval,holalkere
iyyanahalli,holalkere
kadur kaval,holalkere
dasarahalli,holalkere
nandihalli,holalkere
anthapura,holalkere
agrahara,holalkere
kadur,holalkere
kotehal,holalkere
kodagavalli,holalkere
gandumalenahalli,holalkere
chikkayemmiganur kaval,holalkere
vamalapura,holalkere
hireyemmiganur,holalkere
ajjikyatanahalli,holalkere
kamanahalli,holalkere
vaderahalli,holalkere
chikkanakatti,holalkere
chikkayemmiganur,holalkere
hosahalli,holalkere
banagere,holalkere
vanakemaradi kaval,holalkere
ramagatta,holalkere
abradasikatte,holalkere
kengunte,holalkere
malladihalli,holalkere
basapura,holalkere
r.nulenur,holalkere
n.mallapura,holalkere
dogganal,holalkere
dummi,holalkere
hosuru,holalkere
kalkere,holalkere
hanumali,holalkere
rangapura,holalkere
harogutti kaval,holalkere
r.mallapura,holalkere
dasikatte,holalkere
talikatte kaval,holalkere
talikatti,holalkere
t.vaderahalli,holalkere
amblihalli,holalkere
ramagiri,holalkere
ramagiri kaval,holalkere
gollarahalli,holalkere
narayanagondanahalli,holalkere
uganekatte,holalkere
gowdihalli,holalkere
gangasamudra,holalkere
talagatta,holalkere
rangaiahnadurga kaval,holalkere
kenchapura,holalkere
devarahosahalli,holalkere
thuppadahalli,holalkere
singenahalli,holalkere
kanivehalli,holalkere
muddapura,holalkere
bidarakere,holalkere
arabagatta,holalkere
g.vaderahalli,holalkere
gundasamudra,holalkere
jakkanahalli,holalkere
channasamudra,holalkere
bommenahalli,holalkere
chikkandavadi,holalkere
sadarahalli,holalkere
keshavapura,holalkere
hanumanakatte,holalkere
arasanaghatta,holalkere
makunte,holalkere
channapatna,holalkere
apparasanahalli,holalkere
dasarahalli inam,holalkere
harenahalli,holalkere
garaga,holalkere
gilkenahalli,holalkere
garaga forest,holalkere
chatnahalli,holalkere
adanur,holalkere
padigatte,holalkere
hulemalali,holalkere
shivapura,holalkere
kunugali,holalkere
gundimadu,holalkere
punajur,holalkere
malkapura,holalkere
cheeranahalli,holalkere
halehalli,holalkere
kudineerakatti,holalkere
holalkere (rural),holalkere
amanahal,holalkere
arehalli,holalkere
arehalli kaval,holalkere
kamasamudra,holalkere
malenahalli,holalkere
malenahalli kaval,holalkere
gunderi kaval,holalkere
bommanakatte,holalkere
lokadolalu,holalkere
thirumalapura,holalkere
hanumanahalli kaval,holalkere
gunderi,holalkere
edehalli,holalkere
viswanathanahalli,holalkere
dodderikatti,holalkere
santhenahalli,holalkere
basavapura,holalkere
lingadahalli,holalkere
thodranal,holalkere
amruthapura,holalkere
kashipura,holalkere
kannenahalli,holalkere
gowripura,holalkere
kondapura,holalkere
aralikere,holalkere
amalapura,holalkere
chitrahalli,holalkere
t. nulenur,holalkere
banjagondanahalli,holalkere
brahmapura,holalkere
echaghatta,holalkere
veerapura,holalkere
mahadevapura,holalkere
shivaganga,holalkere
nagaraghatta,holalkere
pampapura,holalkere
borenahalli,holalkere
ramenahalli,holalkere
nellikatte,holalkere
madderu,holalkere
t.yemmiganur,holalkere
sirappanahalli,holalkere
hunasepanche,holalkere
malasingenahalli,holalkere
talya,holalkere
mathigatta,holalkere
horakeredevarapura,holalkere
goppenahalli,holalkere
kanivejogihalli,holalkere
kasavanahalli,holalkere
gondihalli,holalkere
sangenahalli,holalkere
tekalavatti,holalkere
kolalu,holalkere
kumaranahalli,holalkere
kantamaranahalli,holalkere
kereyagalahalli,holalkere
chowdagondanahalli,holalkere
nandanahosur,holalkere
neralakatte,holalkere
ghattihosahalli,holalkere
baragenahalli,holalkere
papenahalli,holalkere
hulikere,holalkere
giddanahalli,holalkere
kumminagatta,holalkere
gundikere,holalkere
budipura,holalkere
halenahalli,holalkere
upparigenahalli,holalkere
rangasamudra,holalkere
muligeranahalli,holalkere
gulihosahalli,holalkere
shankaranahalli,holalkere
lingadevarahalli,holalkere
chikkajajur (ct),holalkere
veerapura kaval,hosdurga
nagarakatte,hosdurga
thumbinakere,hosdurga
beesanahalli,hosdurga
kabbala,hosdurga
mavinakatte,hosdurga
kallahalli,hosdurga
herur,hosdurga
hebballi,hosdurga
krishnapura,hosdurga
kumbaragatte,hosdurga
devigere,hosdurga
dasarahalli,hosdurga
guthikatte,hosdurga
janthikolalu,hosdurga
kondapura,hosdurga
kadivanakatte,hosdurga
chikkayagati,hosdurga
mallapanahalli,hosdurga
chikkamanahalli,hosdurga
jammapura,hosdurga
burudekatte,hosdurga
anivala,hosdurga
kundur,hosdurga
iyalapura,hosdurga
mantenahalli (jodi),hosdurga
lakkenahalli,hosdurga
madhure,hosdurga
kanivesangenahalli,hosdurga
chinnapura,hosdurga
shivanekatte,hosdurga
rangapura,hosdurga
nagenahalli,hosdurga
bagur,hosdurga
palyadahalli,hosdurga
srirangapura,hosdurga
channapura,hosdurga
ballekere,hosdurga
kabbinakere,hosdurga
settyhalli,hosdurga
neeragunda kaval,hosdurga
kodihalli,hosdurga
honnekere,hosdurga
aralihalli,hosdurga
bokikere,hosdurga
goravinakal,hosdurga
srirangapura (jodi),hosdurga
hosahalli,hosdurga
hunavinadu,hosdurga
sodaranal,hosdurga
kappagere,hosdurga
kurubarahalli,hosdurga
byrapura,hosdurga
kumaranakanive,hosdurga
channasamudra,hosdurga
peelapura,hosdurga
neeragunda,hosdurga
sanihalli,hosdurga
hurulihalli,hosdurga
adrikatte,hosdurga
marabagatta,hosdurga
malali,hosdurga
machenahalli,hosdurga
kyadigere kaval,hosdurga
goravigondanahalli,hosdurga
bommenahalli,hosdurga
jogammanahalli,hosdurga
lingadhahalli,hosdurga
attigatta,hosdurga
kyadigere,hosdurga
adavi sangenahalli,hosdurga
kangavalli,hosdurga
kondajji,hosdurga
thippajjanahalli,hosdurga
veerapura,hosdurga
aladahalli,hosdurga
bagasettihalli,hosdurga
koratikere,hosdurga
ballalasamudra kaval,hosdurga
kadadanakere,hosdurga
karalamavinahalli,hosdurga
mettinahole,hosdurga
kannagondi,hosdurga
kellodu,hosdurga
doddagatta,hosdurga
duggavara,hosdurga
goolihatti,hosdurga
mallapura,hosdurga
thanigekal,hosdurga
janakal,hosdurga
sevanagara,hosdurga
kenchihalli,hosdurga
nakikere,hosdurga
bandihalli,hosdurga
jogihalli,hosdurga
doddakittadahalli,hosdurga
sannakittadahalli,hosdurga
lakkihalli,hosdurga
hanumanahalli,hosdurga
kenkere,hosdurga
veeravvanagathihalli,hosdurga
hullukatti,hosdurga
devapura colony,hosdurga
benakanahalli,hosdurga
banasihalli,hosdurga
bylahalli,hosdurga
karadikatte,hosdurga
narasipura,hosdurga
galabenahalli,hosdurga
honnenahalli,hosdurga
devapura,hosdurga
masanihalli,hosdurga
rangavvanahalli,hosdurga
athimage,hosdurga
ramajjanahalli,hosdurga
madadakere,hosdurga
bevinahalli,hosdurga
iyyanahalli,hosdurga
seeranakatte,hosdurga
alagatta,hosdurga
ballalasamudra,hosdurga
thimmalapura,hosdurga
kallihosahalli,hosdurga
handanakere,hosdurga
hosural,hosdurga
ulavinagondi,hosdurga
kalkere,hosdurga
aralahalli,hosdurga
malappanahalli,hosdurga
tumbinakere,hosdurga
mallenahalli (jodi),hosdurga
mathur,hosdurga
sirigepura,hosdurga
ballalasamudrakere kaval,hosdurga
thonechenahalli,hosdurga
kainadu,hosdurga
somasandra,hosdurga
kainaduval kaval,hosdurga
kainadu amanikere,hosdurga
kainaduhora kaval,hosdurga
bachavara,hosdurga
gollarahalli,hosdurga
mengasandra,hosdurga
arenahalli,hosdurga
chikkahullenahalli,hosdurga
grantapura,hosdurga
kadavagere,hosdurga
sadarahalli,hosdurga
neralakere,hosdurga
agrahara,hosdurga
naigere,hosdurga
nagaragere,hosdurga
haragondanahalli,hosdurga
mylarapura,hosdurga
yaraduguddasandi kaval,hosdurga
yadagatta,hosdurga
garaga,hosdurga
kerehosahalli,hosdurga
belagur,hosdurga
hariyanahalli,hosdurga
singenahalli,hosdurga
tandaga,hosdurga
somenahalli,hosdurga
mallihalli,hosdurga
sujikal,hosdurga
sujikal amanikere,hosdurga
goolihalli,hosdurga
gavirangapura,hosdurga
heggere,hosdurga
banapura,hosdurga
sriramapura,hosdurga
vengalapura,hosdurga
kachapura,hosdurga
kudurekanive forest,hosdurga
hagalakere,hosdurga
muttagundi,hosdurga
menasinadu,hosdurga
ganjigere,hosdurga
niruvagal,hosdurga
karehalli,hosdurga
ajjikamasagara,hosdurga
dalavaihalli,hosdurga
thippenahalli,hosdurga
mathodu,hosdurga
arehalli,hosdurga
siddagondanahalli,hosdurga
tarikere (jodi),hosdurga
nagathihalli,hosdurga
agasarahalli,hosdurga
ittigehalli,hosdurga
guddadaneralakere,hosdurga
kasappanahalli,hosdurga
laxmidevarahalli,hosdurga
chikkakarpuradakatte,hosdurga
doddakarpuradakatte,hosdurga
giriyapura,hosdurga
rangenahalli,hosdurga
kappanaikanahalli,hosdurga
balenahalli,hosdurga
hottugondanahalli,hosdurga
chikkatekalavatti kaval,hosdurga
kadlekamasagara,hosdurga
sirigondanahalli,hosdurga
doddathekalavatti,hosdurga
bukkasagara,hosdurga
chikkathekalavatti,hosdurga
kanchipura,hosdurga
kaggalakatte,hosdurga
kanubenahalli,hosdurga
chikkabyladakere,hosdurga
kittadal,hosdurga
mugilodu,hosdurga
naganaikanakatte,hosdurga
bydarahalli,hosdurga
doddabyladakere,hosdurga
jayasuvarnapura,hosdurga
chikkasiddavvanahalli,hiriyur
palavvanahalli,hiriyur
burujanaroppa,hiriyur
maradihalli,hiriyur
madakarinaikana kote,hiriyur
sondekere,hiriyur
jodipura,hiriyur
ramajogihalli,hiriyur
maddanakunte,hiriyur
gollahalli,hiriyur
khandikere,hiriyur
yaraballi,hiriyur
vaddikere,hiriyur
talavatti,hiriyur
aimangala,hiriyur
maradidevigere,hiriyur
yelakurnahalli,hiriyur
kumbarakatte,hiriyur
bharamapura,hiriyur
adiralu,hiriyur
thadapinachinnammana halli,hiriyur
guilalu,hiriyur
giddaobanahalli,hiriyur
kurudugirenahalli,hiriyur
mallappanahalli,hiriyur
salabommanahalli,hiriyur
kalavibagi,hiriyur
golagondanahalli,hiriyur
harthikote,hiriyur
kariobenahalli,hiriyur
metikurke,hiriyur
tavandi,hiriyur
sooragondanahalli,hiriyur
hulithotlu,hiriyur
goguddu,hiriyur
gownahalli,hiriyur
gudihalli,hiriyur
beerenahalli,hiriyur
yaradakatte,hiriyur
gannayakanahalli,hiriyur
balenahalli,hiriyur
hemadala,hiriyur
gudunurhalli,hiriyur
rangenahalli,hiriyur
shidlaiahnakote,hiriyur
sangenahalli,hiriyur
bidarakere,hiriyur
bhagavathikere,hiriyur
upparahalli,hiriyur
ambalagere,hiriyur
toreobenahalli,hiriyur
abbinahole,hiriyur
yelagondanahalli,hiriyur
gulya,hiriyur
hosahalli,hiriyur
salhunse,hiriyur
sugur,hiriyur
kanajanahalli,hiriyur
hosakere,hiriyur
khandenahalli,hiriyur
halagaladdi,hiriyur
parasuramadevarakote,hiriyur
amanitalav,hiriyur
shravanagere,hiriyur
hariyabbe,hiriyur
mungasavalli,hiriyur
chillahalli,hiriyur
eswaragere,hiriyur
devarakotta,hiriyur
byadarahalli,hiriyur
huvinahole,hiriyur
venukalgudda,hiriyur
dharmapura,hiriyur
benkanahalli,hiriyur
sakkara,hiriyur
kodihalli,hiriyur
yennegere,hiriyur
appasamudra,hiriyur
myadanahole,hiriyur
kundalagura,hiriyur
thimmalapura,hiriyur
ikkanur,hiriyur
kurubarahalli,hiriyur
bharamagiri,hiriyur
yarekenagenahalli,hiriyur
kunikere,hiriyur
mayasandra,hiriyur
huchavvanahalli,hiriyur
myakalurahalli,hiriyur
babbur,hiriyur
maskal,hiriyur
bochapura,hiriyur
sevalalnagar,hiriyur
hiriyur (rural),hiriyur
lakkavvanahalli,hiriyur
doddaghatta,hiriyur
katrikenahalli,hiriyur
kambadahalli,hiriyur
vanivilasapura,hiriyur
myakenahalli,hiriyur
kattehole,hiriyur
uttare,hiriyur
haladyamenahalli,hiriyur
hindasakatte,hiriyur
paremenahalli,hiriyur
uduvalli,hiriyur
hulugalakunte,hiriyur
somerahalli,hiriyur
indiranagar,hiriyur
lakkanahal,hiriyur
patrehalli,hiriyur
alur,hiriyur
kasavanahalli,hiriyur
nandihalli,hiriyur
yerachikkenahalli,hiriyur
pitlali,hiriyur
yelanadu,hiriyur
koodlahalli,hiriyur
toresal nagenahalli,hiriyur
samudradahalli,hiriyur
uppalagere,hiriyur
ranganathapura,hiriyur
boranakunte,hiriyur
kasturirangappenahalli,hiriyur
gorladaku,hiriyur
bagganadu,hiriyur
bagganadu kaval,hiriyur
vaddanahalli,hiriyur
rayabommanahalli,hiriyur
adivala,hiriyur
ganjalagunte,hiriyur
challamadu,hiriyur
iddalanagenahalli,hiriyur
gowadanahalli,hiriyur
rangapura,hiriyur
madenahalli,hiriyur
malagondanahalli,hiriyur
katanayakanahalli,hiriyur
anesidri,hiriyur
javanagondanahalli,hiriyur
kariyala,hiriyur
obalapura,hiriyur
dindavara,hiriyur
layaradasarahalli,hiriyur
handiganadu,hiriyur
yelladakere,hiriyur
arasinagundi,hiriyur
ulivinahal,hiriyur
halumadenahalli,hiriyur
byaramadu,hiriyur
sheshappanahalli,hiriyur
pilali,hiriyur
veeravvanagathihalli,hiriyur
lakkenahalli,hiriyur
mavinamadu,hiriyur
kilaradahalli,hiriyur
huliginahole,harihar
ingalagondi,harihar
dhulehole,harihar
nandigavi,harihar
bilasanur,harihar
hosahalli,harihar
kamalapura,harihar
sirigere,harihar
yalehole,harihar
ukkadagathri,harihar
malalahalli,harihar
palya,harihar
vasana,harihar
sarkari vasana,harihar
nandigudi,harihar
kadaranaikanahalli,harihar
yalavatti,harihar
jigali,harihar
hallihalu,harihar
kambathanahalli,harihar
kokkanur,harihar
hindasaghatte,harihar
govinahalu,harihar
baggadanahalu,harihar
muginagondi,harihar
guddada thumminakatte,harihar
bevinahalli,harihar
vadera basapura,harihar
kumbalur,harihar
nandi tavare,harihar
kunibelakere,harihar
budihalu,harihar
adapura,harihar
nittur,harihar
malebennur,harihar
komaranahalli,harihar
koppa,harihar
chikkathammanahalli,harihar
dibbadahalli,harihar
halivana,harihar
mudalabasapura,harihar
guladahalli,harihar
sanklipura,harihar
mallanaikanahalli,harihar
haralahalli,harihar
thimlapura,harihar
rajanahalli,harihar
halasabalu,harihar
haraganahalli,harihar
nagenahalli,harihar
ramathirtha,harihar
rayapura,harihar
bhanuvalli,harihar
lakkasettihalli,harihar
yakkegondi,harihar
byaladahalli,harihar
belludi,harihar
hanagawadi,harihar
mahajenahalli,harihar
harihar (rural),harihar
bhyranahalli,harihar
dheetur,harihar
pamenahalli,harihar
chikkabidre,harihar
sarathi,harihar
hottigenahalli,harihar
kurubarahalli,harihar
karalahalli,harihar
bullapura,harihar
kenchanahalli,harihar
kondajji,harihar
vaderahalli,harihar
ganganarasi,harihar
bakkapura,harihar
doggalli,harihar
sherapura,harihar
shamshipura,harihar
bannikodu,harihar
salaganahalli,harihar
kadlegondi,harihar
devarabelakere,harihar
salakatte,harihar
mittlakatte,harihar
haralapura (ct),harihar
amaravathi (ct),harihar
guttur  (og),harihar
chennahalli,harapanahalli
eshapura,harapanahalli
harakanahal,harapanahalli
hulikatti,harapanahalli
kannayakanahalli,harapanahalli
madalageri,harapanahalli
bapujinagar,harapanahalli
togarikatti,harapanahalli
neelagunda,harapanahalli
ananthanahalli,harapanahalli
myalikatti,harapanahalli
narayanapura,harapanahalli
madapura,harapanahalli
kulahalli,harapanahalli
kodihalli,harapanahalli
bagali,harapanahalli
sringarathota,harapanahalli
kayakadahalli,harapanahalli
nichapura,harapanahalli
adavihalli,harapanahalli
kanvihalli,harapanahalli
nandibevoor,harapanahalli
kongana hossur,harapanahalli
mydur,harapanahalli
chigateri,harapanahalli
gajapura,harapanahalli
bennihalli,harapanahalli
niluvanji,harapanahalli
pruthveswara,harapanahalli
muttigi,harapanahalli
komaranahalli,harapanahalli
kambatrahalli,harapanahalli
nichavvanahalli,harapanahalli
hikkimgeri,harapanahalli
joislingapura,harapanahalli
kadabageri,harapanahalli
sasvihalli,harapanahalli
mathihalli,harapanahalli
aladahalli,harapanahalli
hagari gudihalli,harapanahalli
arasanahal,harapanahalli
k.kallahalli,harapanahalli
ittigudi,harapanahalli
kunchur,harapanahalli
halavagal,harapanahalli
tavaragundi,harapanahalli
nittur basapura,harapanahalli
nittur,harapanahalli
kadathi,harapanahalli
yerbalu,harapanahalli
aligilawada,harapanahalli
shivapur,harapanahalli
chirasthahalli,harapanahalli
machihalli,harapanahalli
gundagathi,harapanahalli
sevanagar,harapanahalli
yadihalli,harapanahalli
teligi,harapanahalli
duggavatti,harapanahalli
siriganahalli,harapanahalli
ragimasalawada,harapanahalli
kyarakatti,harapanahalli
towdur,harapanahalli
thimalapura,harapanahalli
arsikeri,harapanahalli
hosakote,harapanahalli
budihal,harapanahalli
madihalli,harapanahalli
anajigeri,harapanahalli
kallugudi,harapanahalli
punabagatta,harapanahalli
kanchikeri,harapanahalli
hallikeri,harapanahalli
singrihalli,harapanahalli
laxmipura,harapanahalli
sathur,harapanahalli
hiremegalageri,harapanahalli
uchangidurga,harapanahalli
ramaghatta,harapanahalli
chatnihalli,harapanahalli
basavanakote,jagalur
agasanahalli,jagalur
magadi,jagalur
gurusiddapura,jagalur
jadanakatte,jagalur
siddaiahnakote,jagalur
ujjappavaderahalli,jagalur
guddanaikanahalli,jagalur
challakatte,jagalur
varavenahalli,jagalur
rangaiahnadurga,jagalur
yerlakatte,jagalur
sokke,jagalur
chikkabantanahalli,jagalur
gopalapura,jagalur
medakeripura,jagalur
lakkampura,jagalur
katenahalli,jagalur
krishnapura,jagalur
hosakere,jagalur
talavara kariyappanahalli,jagalur
hirebannihatti,jagalur
chikkabannihatti,jagalur
malemachikere,jagalur
gowdikatte,jagalur
kanakuppe,jagalur
kelagote,jagalur
seetharasanahalli,jagalur
veeravvanagathihalli,jagalur
gowdagondanahalli,jagalur
bedarabenakanahalli,jagalur
venkatapura,jagalur
gowripura,jagalur
medakerihalli,jagalur
gadimakunte,jagalur
chikka-ujjini,jagalur
thumbinakatte,jagalur
marikatte,jagalur
yaramallanahalli,jagalur
jayaramanahalli,jagalur
hanumavvanagathihalli,jagalur
kyasenahalli,jagalur
lakkenahalli,jagalur
gudugobanahalli,jagalur
anebenakanahalli,jagalur
tamalihalli,jagalur
kenchenahalli,jagalur
papedevarahalli,jagalur
chikkammanahatti,jagalur
giddanakatte,jagalur
byranaikanahalli,jagalur
huchangipura,jagalur
diddige,jagalur
urlakatte,jagalur
chikkaurlakatte,jagalur
tharehalli,jagalur
gode,jagalur
pallagatte,jagalur
kenchammanagathihalli,jagalur
rajapura,jagalur
akalihalli,jagalur
badabasavanahalli,jagalur
asagodu,jagalur
obalapura,jagalur
masanikatte,jagalur
kallenahalli,jagalur
guddadalingana halli,jagalur
meenigarahalli,jagalur
palanaikanakote,jagalur
suragondanahalli,jagalur
marikunte,jagalur
kolamaghatta,jagalur
thuppadahalli,jagalur
kurubanahalli,jagalur
kunigalagatte,jagalur
madanahalli,jagalur
borapura,jagalur
medakerehalli,jagalur
suraddihalli,jagalur
basavapura,jagalur
kotadagudda,jagalur
mustigarahalli,jagalur
iyyanahalli,jagalur
huchapalanahalli,jagalur
channapura,jagalur
baggenahalli,jagalur
rastemachikere,jagalur
malammanahalli,jagalur
bullanahalli,jagalur
kasturipura,jagalur
vysyagondanahalli,jagalur
meldaginakere,jagalur
settigondanahalli,jagalur
devikere,jagalur
hirearakere,jagalur
ajjabommanahalli,jagalur
narenahalli,jagalur
bilichodu,jagalur
muggidaragihalli,jagalur
halekal,jagalur
ningaanahalli,jagalur
muchanur,jagalur
madammanahalli,jagalur
chaduragolla,jagalur
narasimharajapura,jagalur
chikka arakere,jagalur
sagalagatte,jagalur
halavadandi,jagalur
kortikere,jagalur
somanahalli,jagalur
guttidurga,jagalur
rangapura,jagalur
hanumanthapura,jagalur
kasavanahalli,jagalur
byatagaranahalli,jagalur
jyothipura,jagalur
doddabommanahalli,jagalur
anabur,jagalur
goguddu,jagalur
reddihalli,jagalur
uddagatta,jagalur
jagalur rural,jagalur
bharamasamudra,jagalur
thimmalapura,jagalur
badabadanahalli,jagalur
kananakatte,jagalur
mooginachikkenahalli,jagalur
madamuthnahalli,jagalur
yerehalli,jagalur
chikkamallanahole,jagalur
thumbaraguddu,jagalur
mallapura,jagalur
kamandalagondi,jagalur
dibbadahalli,jagalur
taitone,jagalur
salahalli,jagalur
halehalli,jagalur
hiremallanahole,jagalur
huchavvanahalli,jagalur
bangarakkanagudda,jagalur
siddammanahalli,jagalur
mudlamachikere,jagalur
siddihalli,jagalur
mustur,jagalur
donnehalli,jagalur
kamagethanahalli,jagalur
marenahalli,jagalur
lingannanahalli,jagalur
gopagondanahalli,jagalur
kullobanahalli,jagalur
bistuvalli,jagalur
santhemuddapura,jagalur
mathadadyamavvanahalli,jagalur
bidarakere,jagalur
rastemakunte,jagalur
nibagur,jagalur
kattigehalli,jagalur
arasinagundi,jagalur
maddarasanakatte,jagalur
guheswaranahalli,jagalur
gowrammanahalli,jagalur
thoranagatte,jagalur
jammapura,jagalur
bommakkanahalli,jagalur
honnamaradi,jagalur
dyamalinganahalli,jagalur
bennehalli,jagalur
bommagatta,jagalur
kalledevarapura,jagalur
sangenahalli,jagalur
naraginakere,honnali
hosakoppa,honnali
kullahalli,honnali
guddehalli,honnali
jeenahalli,honnali
belaguthi,honnali
thirtharampura,honnali
kyathinkoppa,honnali
siddapura,honnali
joga,honnali
belalakatte,honnali
gundichatnahalli,honnali
savagondanahalli,honnali
arekatte,honnali
suragondanakoppa,honnali
lakkienkoppa,honnali
chinnikatte,honnali
bidarahalli,honnali
yallapura,honnali
israpura,honnali
rameswara,honnali
yaraganal,honnali
madapura,honnali
machagondanahalli,honnali
sovalanga,honnali
kodatalu,honnali
kudurekonda,honnali
surahonne,honnali
nyamati,honnali
basavapura,honnali
danihalli,honnali
doddethenahalli,honnali
chikkethinahalli,honnali
kodikoppa,honnali
devekoppa,honnali
salubalu,honnali
veerapura,honnali
sogilu,honnali
manganakoppa,honnali
chatnahalli,honnali
ganjeenahalli,honnali
kenchiganahalli,honnali
palavanahalli,honnali
mussenalu,honnali
dasarahatti,honnali
kallukatte,honnali
kunkova,honnali
vaderahathur,honnali
kooganahalli,honnali
gadikatte,honnali
kathige,honnali
madenahalli,honnali
boodihalu,honnali
thuglahalli,honnali
kenchikoppa,honnali
arundi,honnali
kodachagondanahalli,honnali
madanabhavi,honnali
arabagatte,honnali
soratur,honnali
h.kadadakatte,honnali
hosakatte,honnali
hathur,honnali
dodderahalli,honnali
chikkerahalli,honnali
somanamallapura,honnali
gopagondanahalli,honnali
hanumasagara,honnali
konanathale,honnali
haraganahalli,honnali
hiregonigere,honnali
chickagonigere,honnali
kotemallur,honnali
vijayapura,honnali
arakere,honnali
narasagondanahalli,honnali
masadi,honnali
belimallur,honnali
gollarahalli,honnali
devarahonnali,honnali
thakkanahalli,honnali
kammaragatte,honnali
anjaneyapura,honnali
tharaganahalli,honnali
singatagere,honnali
gantyapura,honnali
neralagundi,honnali
bevinahalli,honnali
sevalalnagara,honnali
thimalapura,honnali
kundur,honnali
yakkanahalli,honnali
chikkahalivana,honnali
yarehalli,honnali
yarachikkanahalli,honnali
bannikodu,honnali
mukthenahalli,honnali
thimmenahalli,honnali
kengalahalli,honnali
kulambi,honnali
nelahonne,honnali
kumblur,honnali
hanumapura,honnali
marikoppa,honnali
balamuri,honnali
holeharalahalli,honnali
narasimhapura,honnali
balleshwara,honnali
konayakanahalli,honnali
anjanapura,honnali
honnali(rural),honnali
hiremata,honnali
malladevarakatte,honnali
sunkadakatte,honnali
maragondanahalli,honnali
devanayakanahalli,honnali
holemadapura,honnali
bidaragadde,honnali
didagur,honnali
haralahalli,honnali
basavanahalli,honnali
govinakovi,honnali
arehalli,honnali
kankanahalli,honnali
ganganakote,honnali
bijogatte,honnali
sevalal nagar,honnali
kuruva,honnali
marigondanahalli,honnali
achuthapura,honnali
kotehalu,honnali
goravarakatte,honnali
chilurkadadakatte,honnali
kengatte,honnali
dodderi,honnali
chilur,honnali
akkathangerakatte,honnali
tavaragopagondanahalli,honnali
thaggehalli,honnali
malali,honnali
hirebasur,honnali
beeragondanahalli,honnali
chikkabasur,honnali
hunesehalli,honnali
benakanahalli,honnali
ujjanipura,honnali
sadashivapura,honnali
hottyapura,honnali
rampura,honnali
bullapura,honnali
iyanoor,honnali
sasavehalli,honnali
mavinakote,honnali
hanumanahalli,honnali
kamalapura,honnali
kulagatte,honnali
bommenahalli,honnali
hosahalli,honnali
huralihalli,honnali
bagavadi,honnali
lingapura,honnali
hanagavadi,honnali
channambapura,honnali
hunsagatta,honnali
jalikatte,honnali
kyasainakere,honnali
channanahalli,honnali
byranahalli,honnali
chilapura,honnali
hattehalu,honnali
thyagadakatte,honnali
daginakatte,channagiri
yalodahalli,channagiri
hurlihalli,channagiri
harlipura,channagiri
reddihalli,channagiri
belalagere,channagiri
kulumenahalli,channagiri
sangahalli,channagiri
chikkakurubarahalli,channagiri
marabanahalli,channagiri
kotehalu,channagiri
harosagara,channagiri
sagarapet,channagiri
hosakere,channagiri
sringarabagu,channagiri
bulnaikanahalli,channagiri
kanchugaranahalli,channagiri
nilogallu,channagiri
benakanahalli,channagiri
komaranahalli,channagiri
malligenahalli,channagiri
madhuranaikanahalli,channagiri
mohidinpura,channagiri
vylipura,channagiri
pillankatte,channagiri
kamsagara,channagiri
veerapura,channagiri
chiradoni,channagiri
basavapura,channagiri
laxmisagara,channagiri
hirekurubarahalli,channagiri
haronahalli,channagiri
kengapura,channagiri
kanivebilchi,channagiri
ramasagara,channagiri
hosahalli,channagiri
rudrapura,channagiri
kavalithanda,channagiri
kathalgere,channagiri
kariganur,channagiri
kallenahalli,channagiri
kadaranahalli,channagiri
arehalli,channagiri
kasettihalli,channagiri
thyavanige thanda,channagiri
thyavanige,channagiri
miyapura,channagiri
nalkudre,channagiri
navilehalu,channagiri
rampura,channagiri
doddaghatta,channagiri
ramagondanahalli,channagiri
uduva,channagiri
kabbala,channagiri
byrapura,channagiri
yakkegondi,channagiri
siddapura,channagiri
kogaloor,channagiri
giriyapura,channagiri
kamanahalli,channagiri
kempanahalli,channagiri
eraganahalli,channagiri
bhimanere,channagiri
tanigere,channagiri
maradi,channagiri
uppanaikanahalli,channagiri
narasipura,channagiri
yekkegondi,channagiri
siddanamatha,channagiri
thopenahalli,channagiri
medikere,channagiri
mangenahalli,channagiri
belliganodu,channagiri
chikkakogalur,channagiri
gollarahalli,channagiri
somanahalu,channagiri
chickkbennur,channagiri
santhebennur,channagiri
nagenahalli,channagiri
chikkabbigere,channagiri
doddabbigere,channagiri
hanumanahalli,channagiri
linganagathihalli,channagiri
kulenur,channagiri
kakanur,channagiri
dodderikatte,channagiri
arlikatte,channagiri
sulekere,channagiri
kerebilachi,channagiri
kagathur,channagiri
somlapura,channagiri
kashipura,channagiri
mallapura,channagiri
karekatte,channagiri
alur,channagiri
kudligere,channagiri
hallimallapura,channagiri
avalaghatta,channagiri
channapura,channagiri
chikkuda,channagiri
jakkali,channagiri
hireuda,channagiri
devarahalli,channagiri
kondadahalli,channagiri
nuggehalli,channagiri
honnemaradahalli,channagiri
bommenahalli,channagiri
neethigere,channagiri
chikkadevarahalli,channagiri
ramenahalli,channagiri
kenchapura,channagiri
yeragattihalli,channagiri
neethigere camp,channagiri
hiregangoor,channagiri
chikgangoor,channagiri
lakshmisagar,channagiri
kortikere,channagiri
thimlapura (jodi),channagiri
n.ganadakatte,channagiri
lingadahalli,channagiri
somasettihalli,channagiri
arasinaghatta,channagiri
ittige,channagiri
bulsagara,channagiri
hatti,channagiri
rangapura,channagiri
gullehalli,channagiri
agarabannihatti,channagiri
sripura,channagiri
akalikatti,channagiri
anapura,channagiri
mantraghatta,channagiri
nallur,channagiri
belavanthanahalli,channagiri
thilineerkatte,channagiri
astapanahalli,channagiri
garagadakatte,channagiri
n.basavanahalli,channagiri
shivagangehalli,channagiri
melanaikanakatte,channagiri
byranahalli,channagiri
galihalli,channagiri
billahalli,channagiri
bussenahalli,channagiri
donihalli,channagiri
thimlapura,channagiri
mudigere,channagiri
chennenahalli,channagiri
k.basavanahalli,channagiri
chikkamalali,channagiri
hiremalali,channagiri
chikkamadalu,channagiri
hagedahalli,channagiri
channeshapura,channagiri
mavinakatte,channagiri
madenahalli,channagiri
sarathi,channagiri
dondraghatta,channagiri
sunnagere,channagiri
pandogere,channagiri
chikkulikere,channagiri
muddenahalli,channagiri
gurupura,channagiri
machanaikanahalli kaval,channagiri
machanaikanahalli,channagiri
channagiri (rural),channagiri
ajjihalli,channagiri
yarehalli,channagiri
gopanhal,channagiri
k.ganadakatte,channagiri
joladalu,channagiri
kukwada,channagiri
mandaganahalu,channagiri
kablikatte,channagiri
shivpuradal,channagiri
malligere,channagiri
diggenahalli,channagiri
mavinahole,channagiri
dandigenahalli,channagiri
rajagondanahalli,channagiri
thippagondanahalli,channagiri
honnebagi,channagiri
garaga,channagiri
honnaikanahalli,channagiri
hodigere,channagiri
settihalli,channagiri
madapura,channagiri
hebbalagere,channagiri
benkikere,channagiri
durgadabasavapura,channagiri
ganduganahanklu,channagiri
halakanhalu,channagiri
pandomatti,channagiri
savehadlu,channagiri
narashettihalli,channagiri
bannihatti,channagiri
haralakatta,channagiri
vaddanalu,channagiri
kanchiganahalu,channagiri
mahadevapura,channagiri
bettakaduru,channagiri
penasamudra,channagiri
goppenahalli,channagiri
malahalu,channagiri
maravanji,channagiri
medugondanahalli,channagiri
beedugondanahalli,channagiri
jammapura,channagiri
kalkere,channagiri
hanumalapura,channagiri
megyathanahalli,channagiri
chikkasandi,channagiri
hakkihalli,channagiri
khaggi,channagiri
doddamalali,channagiri
ubrani,channagiri
dasarahosahalli,channagiri
shankaripura,channagiri
kodagikere,channagiri
durvigere,channagiri
thavarekere,channagiri
basavanahalli,channagiri
mugalihalli,channagiri
nellihanklu,channagiri
kolkere,channagiri
karkikere,channagiri
masanikere,channagiri
gangondanahalli,channagiri
gondhihosalli,channagiri
athigatta,channagiri
urulagallu,sagar
kanuru,sagar
nagavalli,sagar
nelahari,sagar
balige,sagar
gudihithalu,sagar
bhanukuli,sagar
kanapagaru,sagar
talakalale,sagar
nada ilakalale,sagar
brahmana ilakalale,sagar
muppane,sagar
aravade,sagar
mandavalli,sagar
bidarur,sagar
iduvani,sagar
kanuthota,sagar
heravale,sagar
karumane,sagar
aralagodu,sagar
kopparige,sagar
banumane,sagar
honnemaradu,sagar
hebbebylu,sagar
baligere,sagar
nitlihalethota,sagar
talavata,sagar
hiremane,sagar
talaguppa,sagar
marthur,sagar
bellanne,sagar
hosahalli,sagar
arehada,sagar
sasaravalli,sagar
kibbachalu,sagar
hunasuru,sagar
balegaru,sagar
kanle,sagar
sydur,sagar
tadagalale,sagar
shuntikoppa,sagar
hirenellur,sagar
shiruru,sagar
sunkadevarakoppa,sagar
hulegaru,sagar
khandika,sagar
kelaginagolagodu,sagar
hosakoppa,sagar
shiravanthe,sagar
baradavalli,sagar
kugve,sagar
dombe,sagar
nadahalli kai,sagar
shettisara,sagar
adaranthe,sagar
masuru,sagar
chikkanellur,sagar
beluru,sagar
keladi,sagar
shiravala,sagar
analekoppa,sagar
sangala,sagar
eli,sagar
malve,sagar
sulagodu,sagar
bhimaneri,sagar
mankodu,sagar
kambalikoppa,sagar
yalagalale,sagar
balasagodu,sagar
yalavarsi,sagar
jambagar,sagar
balagodu,sagar
marasa,sagar
madasuru,sagar
padavagodu,sagar
marur,sagar
kerodi,sagar
nadakalasi,sagar
brahmanamanchale,sagar
nadamanchale,sagar
harogoppa,sagar
banadakoppa,sagar
puradasara,sagar
hotalasara,sagar
brahmanachitratte,sagar
hakkarekoppa,sagar
ulluru,sagar
balegundi,sagar
shiraguppe,sagar
naragodu,sagar
bilisiri,sagar
halavagodu,sagar
jambani,sagar
mullakere,sagar
barur,sagar
guthanahalli,sagar
korlikoppa,sagar
theppagodu,sagar
laviggere,sagar
malla,sagar
neechadi,sagar
kelaginamane,sagar
shedtikere,sagar
kerekoppa,sagar
henagere,sagar
mathikoppa,sagar
bhimanakone,sagar
mavinasara,sagar
athavadi,sagar
channiganathota,sagar
heggodu,sagar
honnesara,sagar
mundigesara,sagar
hythuru,sagar
heggattu,sagar
hebbarige,sagar
gijaga,sagar
bilagodi,sagar
malali,sagar
kanumane,sagar
hongodu,sagar
nanditale,sagar
kaspadi,sagar
nedaravalli,sagar
jambekoppa,sagar
madarasanakoppa,sagar
ballibylu,sagar
hosagunda,sagar
iginabylu,sagar
chipli,sagar
byadarakoppa,sagar
chikkabilagunji,sagar
hirebilagunji,sagar
thyagarthi,sagar
thyagarthi swasthi,sagar
thyagarthi sarkari,sagar
belandur,sagar
kudigere,sagar
sampalli,sagar
kotekoppa,sagar
channashettikoppa,sagar
hosur,sagar
adur,sagar
tumari koppa,sagar
saragunda,sagar
gantinakoppa,sagar
yebbodi,sagar
tavarehalli,sagar
mumbalu,sagar
narasipura,sagar
gowja swasthi,sagar
gowthampura,sagar
gowja sarkari,sagar
nadavalli,sagar
bhyrapura,sagar
hireharaka,sagar
danandur,sagar
kannur sarkari,sagar
kannur inam,sagar
malanduru,sagar
anandapuram,sagar
yadehalli,sagar
iruvakki,sagar
achapura,sagar
khyra,sagar
tangalavadi,sagar
gilalagundi,sagar
kerehithalu,sagar
lakkavalli,sagar
devasa,sagar
maradavalli,sagar
kesavinamane,sagar
nadamalla,sagar
hedatri,sagar
kagarasu,sagar
seetur,sagar
hebbase,sagar
kippadi,sagar
ambaragodlu,sagar
hulakodu,sagar
benkatavalli,sagar
nadavaddalli,sagar
chikkamattur,sagar
hunalamadike,sagar
mattikoppa,sagar
besur,sagar
kolur,sagar
kanike,sagar
kabbanadakoppa,sagar
ginivara,sagar
gulehalli,sagar
kuruva ri,sagar
avinahalli,sagar
udri,sagar
brahmana bedur,sagar
yadajigalemane,sagar
mankalale,sagar
neerakodu,sagar
aralikoppa,sagar
kalmane,sagar
haleikkeri,sagar
koppalagadde,sagar
lingadahalli,sagar
thirtha,sagar
genasinakuni,sagar
godekoppa,sagar
satalalu,sagar
kaptemane,sagar
induvalli,sagar
kattinakaru,sagar
channagonda,sagar
kaluru,sagar
valagere,sagar
chadaravalli,sagar
honagallu,sagar
bobbige,sagar
karani,sagar
kodanavalli,sagar
kudaruru,sagar
tumari,sagar
kalasavalli,sagar
avade,sagar
araballi,sagar
brahmana keppige,sagar
maluru,sagar
adagalale,sagar
marati,sagar
valur,sagar
shankanna shanubhog,sagar
talagodu,sagar
chimale,sagar
nadakeppige,sagar
kiruvase,sagar
baruve,sagar
suranagi,sorab
bankavalli,sorab
bilagalikoppa,sorab
bilagali,sorab
alahalli,sorab
thelagadde state forest,sorab
kamaruru,sorab
kalkoppa,sorab
jade,sorab
mangapura,sorab
makoppa,sorab
thelagunda,sorab
t.madapura,sorab
shanthapura,sorab
kodikoppa,sorab
yadamatha,sorab
arethelagadde,sorab
devarahosakoppa,sorab
shakunavalli,sorab
shankrikoppa,sorab
sabara,sorab
thuilikoppa,sorab
mallasamudra,sorab
telagadde,sorab
kachavi,sorab
shanuvalli,sorab
bankasana,sorab
salige,sorab
kaliggeri,sorab
jigarikoppa,sorab
halekoppa,sorab
jademadapura,sorab
chagaturu,sorab
varadikoppa,sorab
hanaji,sorab
hosakoppa,sorab
tumarikoppa,sorab
muguru,sorab
dwarahalli,sorab
bommarsikoppa,sorab
agasanahalli,sorab
thoravanda,sorab
mudidoddikoppa (mudi),sorab
ujjanipura,sorab
kodihalli,sorab
neralige,sorab
mallapura,sorab
kubaturu,sorab
vittalapura,sorab
lakkavalli,sorab
bennuru,sorab
kathuvalli,sorab
kotekoppa,sorab
haralikoppa,sorab
samanavalli,sorab
hosahalli,sorab
anavatti,sorab
devasthanadahakkalu (kotipura),sorab
hurali,sorab
hurali koppa,sorab
chikkachowti,sorab
thalluru,sorab
hireidagodu,sorab
hunsavalli,sorab
yennekoppa,sorab
kamanavalli,sorab
hirechowti,sorab
belavantanakoppa,sorab
kuniteppa,sorab
tevarteppa,sorab
vrithikoppa,sorab
chikkadagodu,sorab
nellikoppa,sorab
thathuru,sorab
gangavalli,sorab
hiremagadi,sorab
hanchi,sorab
bharangi,sorab
bennigere,sorab
koppadahalu,sorab
yalavala,sorab
jogihalli,sorab
ginivala,sorab
gummanalu,sorab
kerehalli,sorab
basuru,sorab
jaddihalli,sorab
hunsekoppa,sorab
sampagodu,sorab
thekkuru,sorab
kulaga,sorab
dyavanahalli,sorab
puttanahalli,sorab
thalaguppa,sorab
siddihalli state forest,sorab
siddihalli,sorab
hasavi,sorab
kathuru,sorab
gendla,sorab
nittakki,sorab
bommanahalli,sorab
uyiguddekoppa,sorab
kerekoppa,sorab
sarekoppa,sorab
bilavagodu,sorab
bendekoppa,sorab
thavanandi,sorab
dodderikoppa,sorab
thotlagondanakoppa,sorab
malagikurli,sorab
bilagi,sorab
kummuru,sorab
malekoppa,sorab
korakodu,sorab
kuppagadde,sorab
haya,sorab
bettadakurli state forest,sorab
mathighatta,sorab
thudanuru,sorab
badanakatte,sorab
bettadakurli,sorab
guddekoppa,sorab
kanthanahalli,sorab
negavadi,sorab
balekoppa,sorab
chikkabburu,sorab
kanak0ppa,sorab
guduginakoppa,sorab
telagundli,sorab
chikkalagodu,sorab
hirekalagodu,sorab
kenchikoppa,sorab
eduru,sorab
mangarshikoppa,sorab
harishi,sorab
shindli,sorab
kuntagalale,sorab
nalluru,sorab
narchi,sorab
horabylu,sorab
mangalore,sorab
sambapura,sorab
hosabale,sorab
mannathi,sorab
kundagodu,sorab
baragavalli,sorab
mavinaballikoppa,sorab
kodambi,sorab
chandraguthi state forest,sorab
kamalapura,sorab
nyarshi,sorab
pura,sorab
hiremakoppa,sorab
chikkamakoppa,sorab
chandraguthi,sorab
kathavai,sorab
basthikoppa,sorab
thoragondanakoppa,sorab
holemaruru,sorab
andavalli,sorab
heche,sorab
kadasuru,sorab
kakkarasi,sorab
abasi,sorab
haralige,sorab
mutaguppe,sorab
goggehalli,sorab
dyavagodu,sorab
hosuru,sorab
gudavi,sorab
kallambi,sorab
gunjanur,sorab
ankaravalli,sorab
chowdikoppa,sorab
saremaruru,sorab
thyavagodu,sorab
kuduregani,sorab
jambehalli,sorab
thandige,sorab
gangena koppa,sorab
yelasi,sorab
thavarehalli,sorab
narasipura,sorab
chitrahattihalli,sorab
oturu,sorab
halesoraba,sorab
karadigere,sorab
gunda setti koppa,sorab
nadahalli,sorab
maruru,sorab
tirumalapura,sorab
hire shakuna,sorab
chikkashakuna,sorab
uppalli,sorab
kanukoppa,sorab
kodakani,sorab
kunaji,sorab
shanthagere,sorab
andige,sorab
uraganahalli,sorab
hiriyavali,sorab
chikkavali,sorab
udri,sorab
devathikoppa,sorab
channapura,sorab
mavali,sorab
thavarekoppa,sorab
haruru,sorab
kaspadikoppa,sorab
yalavalli,sorab
bedavatti,sorab
kumsi,sorab
gerukoppa,sorab
boppagondanakoppa,sorab
biluvani,sorab
suthukote,sorab
chatradahalli,sorab
kolgunisi,sorab
arekoppa,sorab
manamane,sorab
jiralekoppa,sorab
kasaraguppe,sorab
shanthakoppa,sorab
tumari,sorab
kelaginakiragunasi,sorab
halaghatta,sorab
chilanuru,sorab
kanagodu,sorab
nisarani,sorab
melinakiragunasi,sorab
hirale,sorab
balagodu,sorab
kodanakatte,sorab
nadavadadodderi,sorab
magadi,sorab
mudagodu,sorab
ramagondanakoppa,sorab
veeranapura,sorab
nandigudde,sorab
kyasanuru,sorab
thalakalakoppa,sorab
banadakoppa,sorab
siravanthi,sorab
avalagodu,sorab
kuppe,sorab
byrekoppa,sorab
kappagalale,sorab
halagalale,sorab
heggodu,sorab
chimanuru,sorab
kondagalale,sorab
kolisalu,sorab
malalagadde,sorab
charanthihosakoppa,sorab
dalavaihosakoppa,sorab
brahmanavadadodderi,sorab
sannamane,sorab
horabailukoppa,sorab
halasinakoppa,sorab
devagundikoppa,sorab
holekoppa,sorab
amachi,sorab
bhadrapura,sorab
duguru,sorab
barige,sorab
horabailu,sorab
hodabatte,sorab
ulavi,sorab
karjikoppa,sorab
n.sagadde,sorab
brahmanavadasagadde,sorab
ammagondanakoppa,sorab
kumbathi,sorab
kulavalli,sorab
talebylu,sorab
kattinakere,sorab
brahmanavadaholekatte,sorab
kannuru,sorab
kanahalli,sorab
kaisodi,sorab
maisavi,sorab
hunavalli,sorab
nadavadaholekatte,sorab
shigga,sorab
kothari,sorab
kundagasavi,sorab
chikkasavi,sorab
hirekasavi,sorab
kavadi,sorab
brahamanavadainduvalli,sorab
induvalli,sorab
hesarikoppa,sorab
hesari,sorab
karekoppa,sorab
chittur,sorab
malalikoppa,sorab
indihalli,sorab
shadalakoppa,sorab
yelagere,shikarpur
chikkamagadi,shikarpur
sarkari agrahara muchadi,shikarpur
inam agrahara muchadi,shikarpur
mallenahalli,shikarpur
malavalli,shikarpur
sarkari muthalli,shikarpur
inam muthalli,shikarpur
sheerihalli,shikarpur
narasapura,shikarpur
bandalike,shikarpur
shankrikoppa,shikarpur
channapura,shikarpur
kolagi,shikarpur
thandagunda,shikarpur
siddihalli,shikarpur
kanas0gi,shikarpur
bilaki,shikarpur
mulakoppa,shikarpur
ragikoppa,shikarpur
karnelli,shikarpur
mayathammana muchadi,shikarpur
sunnadakoppa,shikarpur
koratigere,shikarpur
donanagudde,shikarpur
bisalahalli,shikarpur
kanahalli,shikarpur
kadethinahalli,shikarpur
kawli,shikarpur
thogarsi,shikarpur
kodihalli,shikarpur
haragi,shikarpur
sahasravalli,shikarpur
hunsekatte,shikarpur
guddadahosalli,shikarpur
malooru,shikarpur
idukinahosakoppa,shikarpur
devikoppa,shikarpur
vadagatte,shikarpur
shivapura,shikarpur
thalagunda,shikarpur
malagondanakoppa,shikarpur
belagavi,shikarpur
mayasettikoppa,shikarpur
basavanandihalli,shikarpur
huluginakoppa,shikarpur
thadasanahalli,shikarpur
kadenandihalli,shikarpur
sadapura,shikarpur
bidarikoppa,shikarpur
muthagi,shikarpur
mugalikoppa,shikarpur
hakkali,shikarpur
shiralakoppa (rural),shikarpur
belavanthanakoppa,shikarpur
manchikoppa,shikarpur
utharanihalli,shikarpur
adaganti,shikarpur
bhakthanakoppa,shikarpur
thirthahalu,shikarpur
guddada thumminakatte,shikarpur
chikkajamburu,shikarpur
boghasamudra,shikarpur
virupapura,shikarpur
neralagi,shikarpur
thadagani,shikarpur
jamburuhosakoppa,shikarpur
kyadigikoppa,shikarpur
udugani,shikarpur
bhadrapura,shikarpur
kuskuru,shikarpur
dasanapura,shikarpur
hirejamburu,shikarpur
kodikoppa,shikarpur
ujjanipura,shikarpur
basavapura,shikarpur
bhogi,shikarpur
nagihalli,shikarpur
kutrahalli,shikarpur
ambaragoppa,shikarpur
seelavanthanakoppa,shikarpur
thumrihosuru,shikarpur
punedahalli,shikarpur
jakkanahalli,shikarpur
sanda,shikarpur
honakinakoppa,shikarpur
haraguvalli,shikarpur
kaniya,shikarpur
chikkalavathi,shikarpur
amtekoppa,shikarpur
shettihalli,shikarpur
kotta,shikarpur
sadashivapura,shikarpur
kalenahalli,shikarpur
kappanahalli,shikarpur
kotipura,shikarpur
hirekalavathi,shikarpur
mallapura,shikarpur
mudubasiddapura,shikarpur
a. annapura,shikarpur
ambligola,shikarpur
hariharapura,shikarpur
yarekoppa,shikarpur
bannuru,shikarpur
ramapura,shikarpur
hothanakatte,shikarpur
chunchinakoppa,shikarpur
suragihalli,shikarpur
nimbegondi,shikarpur
harnahalli,shikarpur
mattikote,shikarpur
mugalagere,shikarpur
goddanakoppa,shikarpur
puradahalu,shikarpur
channahalli,shikarpur
nelavagilu,shikarpur
beguru dodda thanda,shikarpur
beguru,shikarpur
baganakatte,shikarpur
kittadahalli,shikarpur
kavaspura,shikarpur
dindadahalli,shikarpur
maravalli,shikarpur
sanklapura,shikarpur
dabbanabhyranahalli,shikarpur
kenchigondanakoppa,shikarpur
balekoppa,shikarpur
muddanahalli,shikarpur
kengatti,shikarpur
doopadahalli,shikarpur
thimlapura,shikarpur
ittigehalli,shikarpur
voderapura,shikarpur
bhandibhyranahalli,shikarpur
huluginakatte,shikarpur
gogga,shikarpur
chowdanayakanakoppa,shikarpur
guledahalli,shikarpur
kaginalli,shikarpur
baluru,shikarpur
jakkinakoppa,shikarpur
aralehalli,shikarpur
nallinakoppa,shikarpur
hosuru,shikarpur
gungarakatte,shikarpur
saluru,shikarpur
gama,shikarpur
chikkajogihalli,shikarpur
issuru,shikarpur
harigehalu,shikarpur
arasinagere,shikarpur
anaginabylu,shikarpur
madravalli,shikarpur
kalmane,shikarpur
hunsekoppa,shikarpur
hithala,shikarpur
sanyasikoppa,shikarpur
churchugundi,shikarpur
doddajogihalli,shikarpur
tharalaghatta,shikarpur
nandihalli,shikarpur
yerekatte,shikarpur
suthakande,shikarpur
markande,shikarpur
kambadooru,shikarpur
mathighatta,shikarpur
thattihalli,shikarpur
anjanapura,shikarpur
hirekoralahalli,shikarpur
chikkoralahalli,shikarpur
kesaraghatta,shikarpur
harogoppa,shikarpur
sidiginahalu,shikarpur
athibylu,shikarpur
yalaneerakoppa,shikarpur
nagodi,hosanagara
hebbige,hosanagara
koteshirur,hosanagara
kallodi,hosanagara
bydur,hosanagara
badenagara,hosanagara
jala,hosanagara
hosanadu,hosanagara
kesare,hosanagara
andagoli,hosanagara
horoyathige,hosanagara
hosakoppa,hosanagara
churda,hosanagara
veerabhadrapura,hosanagara
halethota,hosanagara
neelakantanathota,hosanagara
k.honnekoppa,hosanagara
dumma,hosanagara
mulagadde,hosanagara
malali,hosanagara
manasette,hosanagara
l.guddekoppa,hosanagara
tenkabylu,hosanagara
sutha,hosanagara
salageri,hosanagara
h.honne koppa,hosanagara
ganganakoppa,hosanagara
varakodu,hosanagara
mavinakoppa,hosanagara
gerupura,hosanagara
kalur,hosanagara
masagalli,hosanagara
kalikapura,hosanagara
jeni,hosanagara
holagodu,hosanagara
basavapura,hosanagara
kanagodu,hosanagara
nelagalale,hosanagara
gudodi,hosanagara
thotada koppa,hosanagara
amachi,hosanagara
melina sampalli,hosanagara
sidiyapura,hosanagara
punaje,hosanagara
m.guddekoppa,hosanagara
mumbaru,hosanagara
muthur,hosanagara
aragodi,hosanagara
kachigebylu,hosanagara
gubbiga,hosanagara
baniga,hosanagara
maruthipura,hosanagara
hosakesare,hosanagara
majavana,hosanagara
hulusale malavalli,hosanagara
echala koppa,hosanagara
h.kallukoppa,hosanagara
purappe mane,hosanagara
dodda bilagodu,hosanagara
nandri,hosanagara
chikkabilagodu,hosanagara
hebbylu,hosanagara
devara honnekoppa,hosanagara
haridravati,hosanagara
p. kallukoppa,hosanagara
h.hunasavalli,hosanagara
bilagodu,hosanagara
heelagodu,hosanagara
alageri mandri,hosanagara
dombekoppa,hosanagara
menase,hosanagara
k.hunasavalli,hosanagara
harathalu,hosanagara
shunti koppa,hosanagara
muthala,hosanagara
hosahalli,hosanagara
karakki,hosanagara
kusgundi,hosanagara
adavalli,hosanagara
k.kunnur,hosanagara
chikkajeni,hosanagara
hiremaithe,hosanagara
kalasetti koppa,hosanagara
nanjavalli,hosanagara
halugudde,hosanagara
nevatoor,hosanagara
balur,hosanagara
nerala mane,hosanagara
kukakalale,hosanagara
bilki,hosanagara
govatoor,hosanagara
mugute koppa,hosanagara
kerehalli,hosanagara
belanduru,hosanagara
madapura,hosanagara
alavalli,hosanagara
masarur,hosanagara
kenchanala,hosanagara
benavalli,hosanagara
baruve,hosanagara
malavalli,hosanagara
haramballi,hosanagara
thammadikoppa,hosanagara
arasalu,hosanagara
harohithlu,hosanagara
kalase,hosanagara
masakani,hosanagara
dobylu,hosanagara
bellur,hosanagara
haniya,hosanagara
balekoppa,hosanagara
kargadi,hosanagara
kukkod agasaramane,hosanagara
ramachandrapura,hosanagara
melina besige,hosanagara
vasave,hosanagara
devarasalike,hosanagara
varamballi,hosanagara
goragodu,hosanagara
nellunde,hosanagara
thrinive,hosanagara
thogare,hosanagara
kalluvidi abbigalla,hosanagara
billodi,hosanagara
bori koppa,hosanagara
sonale,hosanagara
kolagi,hosanagara
iragodu,hosanagara
hiriyogi,hosanagara
behalli,hosanagara
kodur,hosanagara
yalagallu,hosanagara
shakavalli,hosanagara
savanthur,hosanagara
nivane,hosanagara
anegadde,hosanagara
honne bylu,hosanagara
kadasoor,hosanagara
malur,hosanagara
h. kunnur,hosanagara
hirejeni,hosanagara
karigerasu,hosanagara
malali koppa,hosanagara
nagarahalli,hosanagara
humcha,hosanagara
halandur,hosanagara
jamballi,hosanagara
kalkoppa,hosanagara
tariga,hosanagara
kolavalli,hosanagara
huligadde,hosanagara
amrutha,hosanagara
kammachi,hosanagara
bidharalli,hosanagara
kallur,hosanagara
mugadthi,hosanagara
kanabandur,hosanagara
karagodu,hosanagara
talale,hosanagara
kagachi,hosanagara
vadahosalli,hosanagara
manjagalale,hosanagara
adagodi,hosanagara
magodu,hosanagara
hebburli,hosanagara
hosur,hosanagara
mathikai,hosanagara
kattinahole,hosanagara
kilandur jungle,hosanagara
bhramanavada,hosanagara
aramane koppa,hosanagara
brahmanatharuve,hosanagara
kumbatti,hosanagara
basavanabyana,hosanagara
byse,hosanagara
karimane,hosanagara
kilandur,hosanagara
kadiggere,hosanagara
mudugoppa (nagara),hosanagara
kodase,hosanagara
hilukunji,hosanagara
belur,hosanagara
anadagadoduru,hosanagara
kabale,hosanagara
khyrugundha,hosanagara
ryave,hosanagara
kolavadi,hosanagara
ginikallu,hosanagara
nidagodu,hosanagara
sulagodu,hosanagara
kavari,hosanagara
yadur,hosanagara
hummadagallu,hosanagara
karigallu,hosanagara
ulthiga,hosanagara
nirathotlu,hosanagara
koranakote,hosanagara
begadali,hosanagara
kattekoppa,hosanagara
muniyur,tirthahalli
humchadakatte,tirthahalli
kesare,tirthahalli
umblebailu,tirthahalli
huttalli,tirthahalli
alur,tirthahalli
vatagaru,tirthahalli
thorebailu,tirthahalli
beede,tirthahalli
hirekallahalli,tirthahalli
chikkallalli,tirthahalli
melinakadagodu,tirthahalli
karekoppa,tirthahalli
mandaka,tirthahalli
shankarahalli,tirthahalli
hosakoppa,tirthahalli
mallesara,tirthahalli
suruli,tirthahalli
karadiga,tirthahalli
hadigallu,tirthahalli
halavanahalli,tirthahalli
sannikoppa,tirthahalli
demlapura,tirthahalli
aklapura,tirthahalli
hullathi,tirthahalli
konandur,tirthahalli
halesara,tirthahalli
kolige,tirthahalli
horabailu,tirthahalli
hullukodu,tirthahalli
kattekoppa,tirthahalli
hosakere,tirthahalli
nonaburu,tirthahalli
shiragaru,tirthahalli
aralasurali,tirthahalli
balagodu,tirthahalli
shankarapura,tirthahalli
mavadi,tirthahalli
yamaravalli,tirthahalli
bandya,tirthahalli
nandigodu,tirthahalli
khandaka,tirthahalli
agalabagilu,tirthahalli
jagatagaru,tirthahalli
maragalale,tirthahalli
jambetalluru,tirthahalli
guddekoppa,tirthahalli
malali,tirthahalli
hodalakutra,tirthahalli
agasadi,tirthahalli
tyarandoor,tirthahalli
hallusale,tirthahalli
udukere,tirthahalli
kittandur,tirthahalli
triyambakapura,tirthahalli
virupapura,tirthahalli
yogimalali,tirthahalli
alase,tirthahalli
aranalli,tirthahalli
karakuchi,tirthahalli
hanagere,tirthahalli
shiranalli,tirthahalli
hegalathi,tirthahalli
garaga,tirthahalli
basavanagadde,tirthahalli
kombinakai,tirthahalli
jogikoppa,tirthahalli
adinasara,tirthahalli
mallapura,tirthahalli
salekoppa,tirthahalli
venkanahalli,tirthahalli
kannangi,tirthahalli
kikkeri,tirthahalli
singanabidare,tirthahalli
keegadi,tirthahalli
talale,tirthahalli
bommanahalli,tirthahalli
melinapadaravalli,tirthahalli
kelanarasi,tirthahalli
kulunde,tirthahalli
halaga,tirthahalli
ubburu,tirthahalli
kuchhalu,tirthahalli
jeerahalli,tirthahalli
attigadde,tirthahalli
kalavathi,tirthahalli
marahalli,tirthahalli
neralakoppa,tirthahalli
thotadakoppa,tirthahalli
bettadasaravani,tirthahalli
danasale,tirthahalli
bhandya,tirthahalli
kukke,tirthahalli
kudumallige,tirthahalli
bekshikenjigudde,tirthahalli
hirethota,tirthahalli
bejjavalli,tirthahalli
hosabeedu,tirthahalli
nayadavalli,tirthahalli
sheeke,tirthahalli
kuduvalli,tirthahalli
yadavathi,tirthahalli
bylubadagi,tirthahalli
yadehallipal,tirthahalli
shedgar,tirthahalli
guthiyadehalli,tirthahalli
kaveri,tirthahalli
nandagadde,tirthahalli
malur,tirthahalli
kasagaru,tirthahalli
kudige,tirthahalli
thuduru,tirthahalli
tyananduru,tirthahalli
beguvalli,tirthahalli
jambuvalli,tirthahalli
hemmakki,tirthahalli
shinduvadi,tirthahalli
halasavala,tirthahalli
kangalakoppa,tirthahalli
lingapura,tirthahalli
neralamane,tirthahalli
beesu,tirthahalli
nekragodu,tirthahalli
hosakodige,tirthahalli
tenginakoppa,tirthahalli
tenkabylu,tirthahalli
kavaledurga,tirthahalli
kimmane,tirthahalli
bobli,tirthahalli
boblihinchuvalli,tirthahalli
saluru,tirthahalli
mitla godu,tirthahalli
khabgal,tirthahalli
kadegadde,tirthahalli
kalammana gudi,tirthahalli
araga,tirthahalli
nijagooru,tirthahalli
hiresara,tirthahalli
hire gadde,tirthahalli
muktihariharapura,tirthahalli
beluru,tirthahalli
kokkodu,tirthahalli
kesturu,tirthahalli
horani,tirthahalli
geruvalli,tirthahalli
neraturu,tirthahalli
sarala,tirthahalli
shirupathi,tirthahalli
aralapura,tirthahalli
biluvehariharapura,tirthahalli
kanaboor,tirthahalli
biluve,tirthahalli
odalamane,tirthahalli
bharathipura,tirthahalli
nellisara,tirthahalli
yadagudde,tirthahalli
yadehalli,tirthahalli
yoginarasipura,tirthahalli
surali bale bailu,tirthahalli
bintala,tirthahalli
mulubagilu,tirthahalli
hosahalli,tirthahalli
shettigalakoppa,tirthahalli
kolagibylu,tirthahalli
lakkunda,tirthahalli
alamanepalbasagere,tirthahalli
herabailu,tirthahalli
bogarukoppa,tirthahalli
kodlu,tirthahalli
alageri,tirthahalli
hunasavalli,tirthahalli
melinakuruvalli,tirthahalli
theerthahalli (rural),tirthahalli
buklapura (rural),tirthahalli
kelakere,tirthahalli
halumahishi,tirthahalli
mahishi,tirthahalli
hedduru,tirthahalli
munduvalli,tirthahalli
kyadigere,tirthahalli
holekoppa,tirthahalli
dabbanagadde,tirthahalli
nambala,tirthahalli
melige,tirthahalli
balagatte,tirthahalli
haralimutt,tirthahalli
harogolige,tirthahalli
hosaagrahara,tirthahalli
andagere,tirthahalli
devangi,tirthahalli
ingladi,tirthahalli
kuluru,tirthahalli
salgadi,tirthahalli
katagaru,tirthahalli
angalagodige,tirthahalli
munnurhalli,tirthahalli
hasandur,tirthahalli
mrugavadhe,tirthahalli
manikoppa,tirthahalli
thumbramane,tirthahalli
patlamane,tirthahalli
honnekere,tirthahalli
almane,tirthahalli
hadaginamakki,tirthahalli
haluvani,tirthahalli
basavani,tirthahalli
bhandigadi,tirthahalli
guruvalli,tirthahalli
bekkanur,tirthahalli
keeranakere,tirthahalli
herambapura,tirthahalli
bellangi,tirthahalli
kabase,tirthahalli
shuntihaklu,tirthahalli
huruli,tirthahalli
maradi,tirthahalli
hanasa,tirthahalli
bilumane,tirthahalli
shivalli,tirthahalli
dasanakodige,tirthahalli
kolagi,tirthahalli
megaravalli,tirthahalli
baggodige,tirthahalli
chakkodabylu,tirthahalli
shiruru,tirthahalli
honnetalu,tirthahalli
hosuru,tirthahalli
talluru,tirthahalli
balehalli,tirthahalli
nantur,tirthahalli
changaru,tirthahalli
arehalli,tirthahalli
holalurbetagere,tirthahalli
yadamane,tirthahalli
kasaravalli,tirthahalli
muthuvalli,tirthahalli
thirthamuthur,tirthahalli
chikkaluru,tirthahalli
kesalur,tirthahalli
malalur,tirthahalli
kunda,tirthahalli
bidaragodu,tirthahalli
nimbegondi,bhadravati
kurubaravittalapura,bhadravati
sydarakallahalli,bhadravati
diggenahalli,bhadravati
adrihalli,bhadravati
arisinaghatta,bhadravati
vaderapura,bhadravati
anaveri,bhadravati
ittigehalli,bhadravati
indiranagara,bhadravati
siddarahalli,bhadravati
gudumagatta,bhadravati
jangamarahalli,bhadravati
mangote,bhadravati
nagasamudra,bhadravati
mallapura,bhadravati
mydolalu,bhadravati
kallajjanalu,bhadravati
malligenahalli,bhadravati
thadasa,bhadravati
sidlipura,bhadravati
sannyasikodamagge,bhadravati
kanasinakatte,bhadravati
danayakapura,bhadravati
holehonnuru,bhadravati
kannekoppa,bhadravati
jambaraghatta,bhadravati
hanumanthapura,bhadravati
arahatholalu,bhadravati
kerebeeranahalli,bhadravati
mudalavittalapura,bhadravati
koppa,bhadravati
holebyranahalli,bhadravati
yammehatti,bhadravati
agasanahalli,bhadravati
dasarakallahalli,bhadravati
aradottilu,bhadravati
chandanakere,bhadravati
yedehalli,bhadravati
kenganalu,bhadravati
agaradahalli,bhadravati
hanchinasiddapura,bhadravati
bhadrapura,bhadravati
basavapura,bhadravati
harogundi,bhadravati
bommanakatte,bhadravati
kallihal,bhadravati
dombarabyranahalli,bhadravati
thattehalli,bhadravati
thimmlapura,bhadravati
marasettyhalli,bhadravati
arebilachi,bhadravati
arakere,bhadravati
danavadi,bhadravati
hosuru,bhadravati
nagoli,bhadravati
belligere,bhadravati
badanehal,bhadravati
rangapura,bhadravati
kallapura,bhadravati
thallikatte,bhadravati
nagathibelagalu,bhadravati
hosahalli,bhadravati
kalpanahalli,bhadravati
sitaramapura,bhadravati
kagekodamagge,bhadravati
baballi,bhadravati
gowdarahalli,bhadravati
majjigenahalli,bhadravati
veerapura,bhadravati
thiplapura,bhadravati
aralihalli,bhadravati
komaranahalli,bhadravati
devarahalli,bhadravati
kachagondanahalli,bhadravati
devaranarasipura,bhadravati
koralakoppa,bhadravati
guninarasipura,bhadravati
yarehalli,bhadravati
antaragange,bhadravati
bisilamane,bhadravati
guddadaneralakere,bhadravati
basalikatte,bhadravati
athigunda,bhadravati
kudligere,bhadravati
kodihalli,bhadravati
kottadalu,bhadravati
halemallapura,bhadravati
bandigudda,bhadravati
nettakallahatti,bhadravati
dodderi,bhadravati
yammedoddi,bhadravati
balekatte,bhadravati
varavinakere,bhadravati
kenchammanahalli,bhadravati
ukkunda,bhadravati
malalaharavu,bhadravati
gangooru,bhadravati
koppadalu,bhadravati
padmenahalli,bhadravati
hathikatte,bhadravati
mathighatta,bhadravati
tadasa,bhadravati
donabaghatta,bhadravati
bilaki,bhadravati
navile basavapura,bhadravati
holeneralakere,bhadravati
masarahalli,bhadravati
mavinakere,bhadravati
kenchenahalli,bhadravati
hallikere,bhadravati
barandooru,bhadravati
bommenahalli,bhadravati
karehalli,bhadravati
kalinganahalli,bhadravati
hadlaghatta,bhadravati
somenakoppa,bhadravati
hagalamane,bhadravati
kallahalli,bhadravati
siriyur,bhadravati
sanklipura,bhadravati
huliyar ramenakoppa,bhadravati
hunasekatte,bhadravati
kalanakatte,bhadravati
nanjapura,bhadravati
hiriyur,bhadravati
tharikatte,bhadravati
kambadala hosuru,bhadravati
honnehatti,bhadravati
thammadihalli,bhadravati
goneebeedu,bhadravati
thavaraghatta,bhadravati
singanamane,bhadravati
vadiyuru,bhadravati
nellisara,bhadravati
malenahalli,bhadravati
chikkagoppenahalli,bhadravati
aralikoppa,bhadravati
ganguru,bhadravati
balemaranahalli,bhadravati
shiroor,kundapura
yedthare,kundapura
paduvari,kundapura
uppunda,kundapura
bijoor,kundapura
nandanavana,kundapura
kergal,kundapura
kirimanjeshwar,kundapura
kambadakone,kundapura
ulloor [11],kundapura
navunda,kundapura
badakere,kundapura
maravanthe,kundapura
hadavu,kundapura
nada,kundapura
heroor,kundapura
kalthodu,kundapura
heranjal,kundapura
thagarasi,kundapura
byndoor,kundapura
yeljith,kundapura
kollur,kundapura
golihole,kundapura
jadkal,kundapura
mudoor,kundapura
hallihole,kundapura
trashi,kundapura
hosadu,kundapura
gujjadi,kundapura
gangolli,kundapura
uppinakudru,kundapura
tallur,kundapura
hattiangadi,kundapura
kanyana,kundapura
kattabelthoor,kundapura
hemmadi,kundapura
hakladi,kundapura
senapur,kundapura
harkoor,kundapura
kundabarandadi,kundapura
noojadi,kundapura
devalkunda,kundapura
kenchanoor,kundapura
gulvadi,kundapura
karkunje,kundapura
vandse,kundapura
aloor,kundapura
idurkunhadi,kundapura
chittoor,kundapura
hosoor,kundapura
keradi,kundapura
bellal,kundapura
kodladi,kundapura
kavrady,kundapura
halnad,kundapura
ampar,kundapura
shankaranarayana,kundapura
siddapur,kundapura
ajri,kundapura
kamalashile,kundapura
edmoge,kundapura
hosangadi,kundapura
machattu,kundapura
ulloor  74,kundapura
kulanje,kundapura
hangaloor,kundapura
koni,kundapura
beejadi,kundapura
gopadi,kundapura
vakwadi,kundapura
thekkatte,kundapura
ulthoor,kundapura
beloor,kundapura
kedoor,kundapura
kumbashi,kundapura
asodu,kundapura
kalavara,kundapura
kandavara,kundapura
anagalli,kundapura
basrur,kundapura
balkur,kundapura
japthi,kundapura
hombady-mandadi,kundapura
korgi,kundapura
heskathoor,kundapura
hallady-harkadi,kundapura
yedyadi-mathyadi,kundapura
molahalli,kundapura
hardally-mandally,kundapura
harady (28),kundapura
halady (76),kundapura
hengavalli,kundapura
belve,kundapura
albadi,kundapura
shedimane,kundapura
rattadi,kundapura
amasebailu,kundapura
madammakki,kundapura
koteshwar (ct),kundapura
belenje,karkal
kuchchur,karkal
nadpalu,karkal
hebri,karkal
chara,karkal
kerebettu,karkal
shivapura,karkal
mudrady,karkal
kabbinale,karkal
varanga,karkal
padukudoor,karkal
yellare,karkal
kukkuje,karkal
kadthala,karkal
marne,karkal
yerlapady,karkal
hirgana,karkal
hermunde,karkal
andaru,karkal
shirlal,karkal
jarkala,karkal
kervashe,karkal
mala,karkal
kanajaru,karkal
neere,karkal
bailoor,karkal
kowdoor,karkal
ninjoor,karkal
palli,karkal
kallya,karkal
kukkundoor,karkal
nitte,karkal
nandalike,karkal
sooda,karkal
belman,karkal
inna,karkal
mulladka,karkal
mundkuru,karkal
bola,karkal
kedinje,karkal
kanthavara,karkal
miyar,karkal
durga,karkal
mudar,karkal
nooralbettu,karkal
eedu,karkal
nallur,karkal
renjala,karkal
irvathuru,karkal
sanoor (ct),karkal
asanabalu,sringeri
begar,sringeri
kumbaragodu,sringeri
neelandur,sringeri
meega,sringeri
k.masige,sringeri
rushyashringapura (markal),sringeri
kogodu,sringeri
gandagatta,sringeri
yadadalu,sringeri
yedadalli,sringeri
balekadi,sringeri
karki khan estate *,sringeri
sunkadamakki,sringeri
nemmaru,sringeri
haruru (harur),sringeri
nemmar estate,sringeri
mathuvalli estate,sringeri
gulaganjimane,sringeri
kere,sringeri
muduba,sringeri
sheerlu,sringeri
hadi,sringeri
malanadu,sringeri
hadikiruru,sringeri
balagere,sringeri
nallur,sringeri
darekoppa,sringeri
melukoppa,sringeri
kelakoppa,sringeri
addagadde,sringeri
kavadi,sringeri
belandur,sringeri
honnavalli,sringeri
uluvalli,sringeri
sringeri (rural),sringeri
masige,sringeri
halandur,sringeri
kikkare (kikkre),sringeri
menase,sringeri
vidyaranyapura,sringeri
kochavalli,sringeri
bettagere,sringeri
vykuntapura,sringeri
kunthur,sringeri
heruru,sringeri
gundre,sringeri
kuthagodu,sringeri
ginikal,sringeri
chavalamane,koppa
devarahalli,koppa
shirakaradi,koppa
halmathur,koppa
honagaru,koppa
makkikoppa,koppa
hosur,koppa
bhandigadi,koppa
nilavagilu,koppa
heggaru,koppa
heggadde,koppa
shankarapura,koppa
kodur,koppa
shanuvalli,koppa
bilagadde,koppa
kuppali,koppa
melbilre,koppa
yadadanti,koppa
hariharapura,koppa
kunimakki,koppa
asagodu,koppa
thammadavalli,koppa
bhuyanakote,koppa
belavinakodige,koppa
heddase,koppa
bomlapura,koppa
bolapura,koppa
hirekodige,koppa
kelakuli,koppa
gunavanthe,koppa
kumbarkoppa,koppa
kagga,koppa
addada,koppa
ammadi estate,koppa
harandur,koppa
kesave,koppa
thalamakki,koppa
talamakki estate,koppa
koppa (rural),koppa
narasipura,koppa
kunchur,koppa
marithotlu,koppa
somlapura,koppa
bintravalli,koppa
nuggi,koppa
tanudi,koppa
herambapura,koppa
machikoppa,koppa
udana,koppa
belagola,koppa
thuluvinakoppa,koppa
belawadi,koppa
karimane,koppa
kalasapura,koppa
dayamballi,koppa
lokanathapura,koppa
hosuru,koppa
agalagandi,koppa
kulur,koppa
jayapura,koppa
hiregadde,koppa
adigebylu,koppa
yelemadalu,koppa
murugadde,koppa
vate bachalakan,koppa
guddethota,koppa
huligaradi,koppa
byredevaru,koppa
haralane,koppa
megur,koppa
kallugudde,koppa
bethadakolalu,koppa
herthanakudige,koppa
herur,koppa
hillikere,koppa
attikudige,koppa
honnagundi,koppa
sthirur,koppa
devagodu,koppa
kanive,narasimharajapura
konakere,narasimharajapura
muthinakoppa,narasimharajapura
k.kanabur,narasimharajapura
byrapura,narasimharajapura
kusabur,narasimharajapura
madaboor,narasimharajapura
kadahinabylu,narasimharajapura
aramballi,narasimharajapura
vittala,narasimharajapura
haledanivasa,narasimharajapura
lingapura,narasimharajapura
soosalavani,narasimharajapura
balekoppa,narasimharajapura
nerlukoppa,narasimharajapura
badagabylu,narasimharajapura
shimse,narasimharajapura
mensur,narasimharajapura
hiluvalli,narasimharajapura
ravoor,narasimharajapura
nagalapura,narasimharajapura
shiragalale,narasimharajapura
honnekudige,narasimharajapura
handur,narasimharajapura
bilalkoppa,narasimharajapura
salur,narasimharajapura
nandigave,narasimharajapura
dandubittahara,narasimharajapura
varkate,narasimharajapura
sarya,narasimharajapura
hebbe,narasimharajapura
mallandaru,narasimharajapura
hathbur,narasimharajapura
bellur,narasimharajapura
konodi,narasimharajapura
kamalapura,narasimharajapura
seethur,narasimharajapura
shedagaru,narasimharajapura
gubbiga,narasimharajapura
echikere,narasimharajapura
aralikoppa,narasimharajapura
bale,narasimharajapura
sankse,narasimharajapura
kanur,narasimharajapura
vaggade,narasimharajapura
haravari,narasimharajapura
davana,narasimharajapura
alehalli,narasimharajapura
aduvalli,narasimharajapura
karekeshwara,narasimharajapura
megaramakki,narasimharajapura
kolale,narasimharajapura
muduguni,narasimharajapura
b.kanabur,narasimharajapura
karehadlu,narasimharajapura
bannur,narasimharajapura
halsur,narasimharajapura
magundi,narasimharajapura
sevalal nagar,tarikere
siddlipura,tarikere
gopala,tarikere
karkuchi,tarikere
gundenahalli,tarikere
ganjigere,tarikere
bhavikere,tarikere
arsikere,tarikere
rangenahalli,tarikere
kesarakoppa,tarikere
sompura,tarikere
malikoppa,tarikere
lakkavalli,tarikere
upparabeeranahalli,tarikere
kenchikoppa,tarikere
halasur,tarikere
mudugodu,tarikere
basavanahalli,tarikere
shanthipura,tarikere
sale borna halli,tarikere
vaddaradibba,tarikere
hirigapura,tarikere
mandaravalli,tarikere
doddakundur,tarikere
hunasanahalli,tarikere
haruvanahalli,tarikere
bargenahalli,tarikere
gurupura,tarikere
kundurkaval,tarikere
lakkavalli manna jungal,tarikere
guddadabeeranahalli,tarikere
malalichannenahalli,tarikere
h.rangapura,tarikere
thimmapura,tarikere
belenahalli,tarikere
hurulihalli,tarikere
gulladahatti,tarikere
jodikodihalli,tarikere
yerebylu,tarikere
hirekathur,tarikere
perumenahalli,tarikere
seethapura,tarikere
shivagange,tarikere
a.rangapura,tarikere
rangapura (kaval),tarikere
kerehosahalli,tarikere
ramapura,tarikere
chikkathur,tarikere
seethapura (kaval),tarikere
duglapura,tarikere
siddarahalli,tarikere
sidakanahalli,tarikere
yalugere,tarikere
govindapura,tarikere
indavara,tarikere
chakonahalli,tarikere
hosur,tarikere
channapura,tarikere
guddadabasavanahalli,tarikere
attiganalu,tarikere
dyamapura,tarikere
byrapura,tarikere
doranalu,tarikere
geramaradi,tarikere
bettadahalli,tarikere
nagarajapura,tarikere
hadikere,tarikere
nagenahalli,tarikere
mundanahalli,tarikere
kodihalli,tarikere
obalapura,tarikere
guddadamallenahalli,tarikere
siddaramapura,tarikere
hosahalli,tarikere
muddenahalli s.kaval,tarikere
vittalapura,tarikere
kuntinamadu,tarikere
rushipura,tarikere
ramenahalli,tarikere
lakkenahalli,tarikere
ittige,tarikere
yerehalli,tarikere
mallenahalli,tarikere
lakshmisagara,tarikere
mirlenahalli,tarikere
amrutapura,tarikere
nerlekere,tarikere
sirehalli,tarikere
mudenahallikaval,tarikere
mudugundi,tarikere
muddenahalli,tarikere
medihalli,tarikere
soppinahalli,tarikere
bommenahalli,tarikere
santedibbadakaval,tarikere
samatala,tarikere
bettadavarekere,tarikere
savemardikaval,tarikere
gollarahalli,tarikere
hunasaghatta,tarikere
narasipura,tarikere
v.chattanahalli,tarikere
makanahalli,tarikere
shanubhoganahalli,tarikere
vaderahalli,tarikere
doddabokikere,tarikere
belibasavanahalli,tarikere
brahmanahalli,tarikere
koranahalli,tarikere
rajanahalli,tarikere
k.chattanahalli,tarikere
jannapura,tarikere
bokikere,tarikere
kedigehalli,tarikere
k.gollarahalli,tarikere
shivapura,tarikere
kotebasavanahalli,tarikere
mundre,tarikere
pundanahalli,tarikere
kudlur,tarikere
boodiguppe,tarikere
kenchapura,tarikere
billahalli,tarikere
nagabovanahalli,tarikere
masanekerekaval,tarikere
beeranahalli,tarikere
karehalli,tarikere
haralahalli,tarikere
bhaktana katte,tarikere
kallenahalli,tarikere
dandoor,tarikere
baramanahalli,tarikere
bukkambudi,tarikere
jodijayapura,tarikere
attigatta,tarikere
siragalipura,tarikere
gundasamudra,tarikere
koppadahalli,tarikere
kanabagatte,tarikere
hariyanahalli,tarikere
shivane,tarikere
shivanekaval,tarikere
gijikatte,tarikere
rangapura,tarikere
thygadakatte,tarikere
banoor,tarikere
veerapura,tarikere
anuvanahalli,tarikere
javoor,tarikere
danayakapura,tarikere
chikkanvangala,tarikere
siddapura,tarikere
jaldihalli,tarikere
hirekanvangala,tarikere
naranapura,tarikere
bankana katte,tarikere
abbinaholalu,tarikere
tadaga,tarikere
giriyapura,tarikere
cheernanahalli kaval,tarikere
basavapura,tarikere
thyarajjanahalli,tarikere
beernahalli,tarikere
nandipura,tarikere
hannekaval,tarikere
hanne,tarikere
gejjegondanahalli,tarikere
hebbur,tarikere
asunde,tarikere
siraganahalli,tarikere
bandre,tarikere
annapura,tarikere
garagadahalli,tarikere
boothanahalli,tarikere
arabala,tarikere
guddadahalli,tarikere
mylanahalli,tarikere
kallapura,tarikere
gadihalli,tarikere
katiganere,tarikere
gowrapura,tarikere
ajjampura,tarikere
attimogge,tarikere
thippagondanahalli,tarikere
kallasettihalli,tarikere
karanaghatta,tarikere
sokke,tarikere
paravatharayanakere kaval,tarikere
sollapur,tarikere
tamatadahalli,tarikere
mugali,tarikere
begur,tarikere
heggadehalli,tarikere
sriramapura,tarikere
southanahalli,tarikere
malenahalli,tarikere
gondedahalli,tarikere
baggavalli,tarikere
baggavalli kaval,tarikere
kurubarahalli,tarikere
nagavangala,tarikere
koratikere,tarikere
somenahalli,tarikere
chinnapura,tarikere
mudigere,tarikere
tyagadabagi,tarikere
kenchenahalli,tarikere
sunnadahalli,tarikere
nandi,tarikere
gulladamane,tarikere
ranganathapura,tarikere
nandi battlu,tarikere
hulithimmapura,tarikere
lingadahalli (kaval),tarikere
sahyadripura,tarikere
lingadahalli,tarikere
shankaraghatta,tarikere
ballavara,tarikere
manchethevaru,tarikere
tanigebylu,tarikere
thigada,tarikere
gonagilakatte,tarikere
kallahalu,tarikere
yaradahanklu,tarikere
marekallahalli,tarikere
gangur,tarikere
pillebeeranahalli,tarikere
kallathipura,tarikere
kamanadurga,tarikere
udeva,tarikere
hoovinahalli,kadur
doddagatta,kadur
karehalli,kadur
yarehalli,kadur
hullehalli,kadur
birurkaval  (rural),kadur
inglaranahalli,kadur
galihalli,kadur
jodithimmapura,kadur
horithimmanahalli,kadur
hanumapura,kadur
b.kodihalli,kadur
ramanahalli,kadur
dogihalli,kadur
nagadevarahalli,kadur
devarahalli  kaval,kadur
balliganur,kadur
aladahalli,kadur
hogrehalli,kadur
bagaithu,kadur
birur (rural),kadur
hosahalli  (rural),kadur
byagadihalli,kadur
u.kodihalli,kadur
ullinagur (rural),kadur
lingalapura,kadur
hireyangala,kadur
outhanahalli,kadur
karithimmanahalli,kadur
gollarahalli,kadur
hyaralagatta,kadur
yemmedoddi,kadur
shankunipura,kadur
dodabukkasagara,kadur
channenahalli,kadur
govindapura,kadur
kannenahalli,kadur
chikkangala,kadur
revanahalli,kadur
giriyapura,kadur
chikkanalluru,kadur
asandi,kadur
k.chomanahalli,kadur
antharagatte,kadur
sanklapura,kadur
kalkere,kadur
gummanahalli,kadur
c.dasarahalli,kadur
siddapura,kadur
siddegowdanahalli,kadur
gadaganahalli,kadur
kedigere,kadur
hirenalluru,kadur
hirenallurukaval,kadur
m.chomanahalli,kadur
melenahalli,kadur
narasipura,kadur
basurukaval,kadur
aadigere,kadur
hireballekere,kadur
hurukanahalli,kadur
hosahalli  kalli,kadur
hadagalu,kadur
h.thimmapura,kadur
kallahalli,kadur
kurubarahalli,kadur
chowlihiriyur,kadur
e.timmapura,kadur
ganganahalli,kadur
chikkaballekere,kadur
hanumanahalli,kadur
gedlehalli,kadur
arehalli,kadur
kallenahalli,kadur
basuru,kadur
kamanakere,kadur
bantiganahalli,kadur
k.dasarahalli,kadur
marulanahalli,kadur
chikkabasur,kadur
gowdanakattehalli,kadur
bislere,kadur
kukkasamudra,kadur
thammihalli,kadur
bannihatti,kadur
jammapura,kadur
mavinahalli,kadur
p.kodihalli,kadur
donnekoranahalli,kadur
yaradakere.g,kadur
vokkalagere,kadur
m.kodihalli,kadur
chinakarahalli,kadur
m.jakkanahalli,kadur
byregondanahalli,kadur
y.basavanahalli,kadur
p.mallapura,kadur
pura,kadur
meredevarahalli,kadur
hiregarje,kadur
rampura,kadur
g.jakkanahalli,kadur
g.madapura,kadur
garje,kadur
yagati,kadur
harisamudra,kadur
hochihalli,kadur
somanahalli,kadur
maravanji,kadur
honnenahalli,kadur
udugere,kadur
keremelenahalli,kadur
bukkanagundi,kadur
g.byrapura,kadur
siriyappanahalli,kadur
chokkapura,kadur
vittalapura,kadur
chikkanayakanahalli,kadur
seethapura,kadur
guddehalli,kadur
kunkanadu,kadur
vaderahalli,kadur
uligere,kadur
kothigere,kadur
muglikatte,kadur
sanehalli,kadur
bokkmallanahalli,kadur
thippagondanahalli,kadur
kandagadahalli,kadur
mallidevihalli,kadur
yalambalse,kadur
soorapura,kadur
sadarahalli,kadur
madalu,kadur
yalagundanahalli,kadur
y.mallapura,kadur
doddanayakanahalli,kadur
chattanahalli,kadur
annegere,kadur
k.basavanahalli,kadur
kadur (rural),kadur
thuruvanahalli,kadur
chowdlapura,kadur
uppunse,kadur
biluvalakaval,kadur
nagagondanahalli,kadur
biluvala,kadur
malleshwara (rural),kadur
mallappanahalli (rural),kadur
haruvanahalli (rural),kadur
chikapatnagere,kadur
kachapura,kadur
saraswathipura,kadur
kamasagara,kadur
gopisettyhalli,kadur
dombarahalli,kadur
kadurhalli,kadur
tangli,kadur
macheri,kadur
kallapura,kadur
bhoothanahalli,kadur
chandrapura,kadur
muddenahalli,kadur
chikkatangli,kadur
sevapura,kadur
kanagondanahalli,kadur
nagdiyathkaval,kadur
kodihalli,kadur
g.thimmapura,kadur
maradihalli,kadur
pattanagere,kadur
channapura,kadur
bisalehalli,kadur
angajanahalli,kadur
kurubagere,kadur
ballekere,kadur
beeranahalli,kadur
cheelanahalli,kadur
alagatta,kadur
karehallikaval,kadur
heelapura,kadur
jigenehalli,kadur
panchehosahalli,kadur
banjenahalli,kadur
devarahalli,kadur
mathigatta,kadur
lakkenahalli,kadur
kariyanahalli,kadur
kuppalu,kadur
yaradakere,kadur
kasuvanahalli,kadur
b.basavanahalli,kadur
thaggihallikaval,kadur
g.bommenahalli,kadur
uppinahalli,kadur
garugadahalli,kadur
b.bommenahalli,kadur
b.mallenahalli,kadur
k.bidre,kadur
lalithanagar,kadur
kallelinganahalli,kadur
huligundi,kadur
banannahalli,kadur
keresanthe,kadur
lakkashettyhalli,kadur
mallagatta,kadur
singatagere,kadur
s.basavanahalli,kadur
kanchagallu,kadur
d.hosahalli,kadur
kerehindinakaval (kanakatte),kadur
niduvalli,kadur
panchanahalli,kadur
thubinakere,kadur
bittenahalli,kadur
shettyhalli,kadur
pattadevarahalli,kadur
mathihalli,kadur
santhekerehalli,kadur
anche  chomanahalli,kadur
mallappanahalli,kadur
linglapura,kadur
sevanagar,kadur
s. kodihalli,kadur
laxmipura,kadur
rangapura,kadur
s.madapura,kadur
siddaramanahalli,kadur
muthanagere,kadur
thimlapura,kadur
b.t.mallenahalli,kadur
kundur,kadur
m.mallenahalli,kadur
hasthinapura,kadur
chikkabukkasagara,kadur
brahmasamudra,kadur
gubbihalli,kadur
gundasagara,kadur
mangenahalli,kadur
shanabinagundi,kadur
laxmisagara,kadur
karehalli.d,kadur
jadakanakatte,kadur
halladahalli,kadur
devanurkaval,kadur
kambenahalli,kadur
kabballi,kadur
nagarahalu,kadur
byladalu,kadur
banur,kadur
chattnapalya,kadur
sakrepatna,kadur
kaluvehalli,kadur
pillenahalli,kadur
nagenahalli,kadur
l. agrahara,kadur
hosahalli,kadur
agrahara,kadur
manjihalli,kadur
hallikerekaval,kadur
iganahalli,kadur
bolanahalli,kadur
devanur,kadur
chikkadevanur,kadur
machegundanahalli,kadur
bommenahalli.s,kadur
thippagondanalli,kadur
kamenahalli,kadur
virupanahalli,kadur
nidaghatta,kadur
siddarahalli,kadur
chandrashekarapura,kadur
halikere,kadur
bertikere,kadur
kanchugaranahalli,kadur
gangabasavanahalli,kadur
byadarahalli,kadur
hudugerehalli,kadur
swamykatte,kadur
kethumaranahalli,kadur
lingadahalli jodi,kadur
chatnahalli,kadur
tandreborekaval,kadur
s.bidre,kadur
lylapura,kadur
samse,mudigere
kalakodu,mudigere
hornadu,mudigere
thotadur,mudigere
thanudi,mudigere
thalagodu,mudigere
kalasa,mudigere
ambinakodige,mudigere
hemmakki,mudigere
k.kelagur,mudigere
marasanige,mudigere
edur,mudigere
idkani,mudigere
durgadahalli,mudigere
balige,mudigere
aramane thalagur,mudigere
bilagali,mudigere
kalmane,mudigere
hadivoni,mudigere
koradathalgur,mudigere
coove,mudigere
maliganadu,mudigere
kelagur,mudigere
abrugodige estate,mudigere
kelagur estate,mudigere
sunkasale,mudigere
halagadaka estate,mudigere
madugundi,mudigere
megur,mudigere
balur estate,mudigere
javali,mudigere
markal,mudigere
niduvale,mudigere
alekhan estate,mudigere
balur,mudigere
attigere,mudigere
banakal,mudigere
heggodlu,mudigere
darshana,mudigere
kundur,mudigere
b.hosahalli,mudigere
kannagere,mudigere
kudahalli,mudigere
binnadi,mudigere
taruve,mudigere
barimale estate,mudigere
kogile,mudigere
kotrakere,mudigere
bankenahalli,mudigere
baggasagodu,mudigere
phalguni,mudigere
halike,mudigere
bettagere,mudigere
tripura,mudigere
gutti,mudigere
mularahalli,mudigere
hesagodu,mudigere
ousana,mudigere
kolur,mudigere
bakki,mudigere
hyragudde,mudigere
pattaduru,mudigere
halekote,mudigere
hanumanahalli,mudigere
kenjige estate,mudigere
kenjige,mudigere
guddada estate,mudigere
thatkola,mudigere
hesagal,mudigere
naduvinamadkal,mudigere
kademadkal,mudigere
indravalli,mudigere
nandipura,mudigere
malahalli,mudigere
kolugodu,mudigere
bommenahalli,mudigere
sangamapura,mudigere
karabylu,mudigere
mudasasi,mudigere
kannapura,mudigere
ghattadahalli,mudigere
kollibylu,mudigere
karadagodu,mudigere
bilagola,mudigere
mudigere (rural),mudigere
lokavalli estate,mudigere
bidarahalli,mudigere
lokavalli,mudigere
beejavalli,mudigere
kaduvalli,mudigere
makonahalli,mudigere
gabbahalli,mudigere
pura,mudigere
kellur,mudigere
kunnahalli,mudigere
daradahalli,mudigere
kesavalalu estate,mudigere
kadidal,mudigere
jogannanakere,mudigere
muthigepura,mudigere
halase,mudigere
chattanahalli,mudigere
gowthahalli,mudigere
urubage,mudigere
byduvalli,mudigere
byduvalli estate,mudigere
halekere,mudigere
halekere estate,mudigere
kanachuru,mudigere
kanachuru estate,mudigere
hanthuru,mudigere
hoisalalu,mudigere
chandrapura,mudigere
kammaragodu,mudigere
gonibeedu,mudigere
g.agrahara,mudigere
nidagodu,mudigere
anajooru,mudigere
uggehalli,mudigere
angadi,mudigere
devarunda,mudigere
gowdahalli,mudigere
hemmadi,mudigere
u.hosahalli,mudigere
hosakere,mudigere
byrapura,mudigere
byrapura estate,mudigere
mekanagadde,mudigere
harmakki,mudigere
kannehalli,mudigere
bettadamane,mudigere
chinniga,mudigere
udase,mudigere
g.hanumanahalli,mudigere
g.hosahalli,mudigere
chakkodige,mudigere
hegravalli,mudigere
kirugunda,mudigere
chimmatagere,mudigere
hiresigara,mudigere
kidukanahalli,chiknayakanhalli
bannikere,chiknayakanhalli
choragondanahalli,chiknayakanhalli
naduvanahalli,chiknayakanhalli
doddahullenahalli,chiknayakanhalli
bommenahalli,chiknayakanhalli
halumalledevara kaval,chiknayakanhalli
doddayannegere,chiknayakanhalli
chikkayannegere,chiknayakanhalli
salapura,chiknayakanhalli
baragihalli,chiknayakanhalli
sabbenahalli,chiknayakanhalli
hallithimmalapura,chiknayakanhalli
puradakatte,chiknayakanhalli
ramaghatta,chiknayakanhalli
handanakere,chiknayakanhalli
chowlakatte,chiknayakanhalli
honnasettihalli,chiknayakanhalli
bumanakatte,chiknayakanhalli
lakshmipura,chiknayakanhalli
gopalapura,chiknayakanhalli
harenahalli,chiknayakanhalli
lingadahalli,chiknayakanhalli
hutchanahalli,chiknayakanhalli
kanakere,chiknayakanhalli
bheemasandra,chiknayakanhalli
kengalapura,chiknayakanhalli
davanadahosahalli,chiknayakanhalli
malligere,chiknayakanhalli
kamalapura,chiknayakanhalli
bandrehalli,chiknayakanhalli
soralamavu,chiknayakanhalli
rangenahalli,chiknayakanhalli
otikere thimmalapura,chiknayakanhalli
niruvagal,chiknayakanhalli
yarakatte,chiknayakanhalli
belaguli,chiknayakanhalli
devarahalli,chiknayakanhalli
tarikatte,chiknayakanhalli
hosakere,chiknayakanhalli
baragur,chiknayakanhalli
ankasandra kavalu,chiknayakanhalli
otikere,chiknayakanhalli
yallenahalli,chiknayakanhalli
belagihalli,chiknayakanhalli
mathighatta,chiknayakanhalli
daggenahalli,chiknayakanhalli
madapura,chiknayakanhalli
dasihalli,chiknayakanhalli
tagacheghatta,chiknayakanhalli
bevinahalli,chiknayakanhalli
chattasandra,chiknayakanhalli
mallenahalli,chiknayakanhalli
upparahalli,chiknayakanhalli
ankasandra,chiknayakanhalli
bangaragere,chiknayakanhalli
melanahalli,chiknayakanhalli
dasudi,chiknayakanhalli
marenadu,chiknayakanhalli
ambarapura,chiknayakanhalli
dabbagunte,chiknayakanhalli
nulenoor,chiknayakanhalli
somanahalli,chiknayakanhalli
guruvapura,chiknayakanhalli
kenkere,chiknayakanhalli
thammadihalli,chiknayakanhalli
yalanadu,chiknayakanhalli
singapura,chiknayakanhalli
bhattarahalli,chiknayakanhalli
motihalli,chiknayakanhalli
dinkanahalli,chiknayakanhalli
koragere,chiknayakanhalli
keresuragondanahalli,chiknayakanhalli
keshavapura,chiknayakanhalli
huliyar amanikere,chiknayakanhalli
volagerehalli,chiknayakanhalli
gowdagere,chiknayakanhalli
kurihatti,chiknayakanhalli
kampanahalli,chiknayakanhalli
yagachihalli,chiknayakanhalli
gandalu,chiknayakanhalli
boranakanive,chiknayakanhalli
hoisalakatte,chiknayakanhalli
kallenahalli,chiknayakanhalli
muthugadahalli,chiknayakanhalli
bellara,chiknayakanhalli
lakkenahalli,chiknayakanhalli
maruhole,chiknayakanhalli
karehalli,chiknayakanhalli
yarehalli,chiknayakanhalli
ballekatte,chiknayakanhalli
thoresuragondanahalli,chiknayakanhalli
thimmalapura,chiknayakanhalli
shegebagi,chiknayakanhalli
nandihalli,chiknayakanhalli
kallahalli,chiknayakanhalli
avalagere,chiknayakanhalli
byrapura,chiknayakanhalli
chikkabidare,chiknayakanhalli
doddabidare,chiknayakanhalli
kodihalli,chiknayakanhalli
pochkatte,chiknayakanhalli
siddalakatte,chiknayakanhalli
sangenahalli,chiknayakanhalli
barakanahalu,chiknayakanhalli
taredahalli,chiknayakanhalli
kurihalli kaval,chiknayakanhalli
belavadi,chiknayakanhalli
agrahara,chiknayakanhalli
handiganadu,chiknayakanhalli
vaddanakallahalli,chiknayakanhalli
kopparigehalu,chiknayakanhalli
balenahalli,chiknayakanhalli
bhyralinganahalli,chiknayakanhalli
chikkabelavadi,chiknayakanhalli
thimmanahalli,chiknayakanhalli
badakegudlu,chiknayakanhalli
hullenahalli,chiknayakanhalli
myllukabbe,chiknayakanhalli
gantenahalli,chiknayakanhalli
siddanakatte,chiknayakanhalli
ganganaikanahalli,chiknayakanhalli
kandikere,chiknayakanhalli
gotigenahalli,chiknayakanhalli
gowrasagara,chiknayakanhalli
uppalekanahalli,chiknayakanhalli
maraluhallada kaval,chiknayakanhalli
salakatte,chiknayakanhalli
gopagondanahalli,chiknayakanhalli
kamanahalli,chiknayakanhalli
sadarahalli,chiknayakanhalli
asrihal,chiknayakanhalli
ramanahalli,chiknayakanhalli
balekona,chiknayakanhalli
purusenahalli,chiknayakanhalli
hanumanthanahalli,chiknayakanhalli
madanahalli,chiknayakanhalli
ajjigudde,chiknayakanhalli
janehar,chiknayakanhalli
katharikehal,chiknayakanhalli
harogondanahalli,chiknayakanhalli
shrayada hosahalli,chiknayakanhalli
akkanahalli,chiknayakanhalli
singadahalii,chiknayakanhalli
madanamadu,chiknayakanhalli
theerthapura,chiknayakanhalli
hombalagatta,chiknayakanhalli
yerekatte,chiknayakanhalli
doddaramapura,chiknayakanhalli
chikkaramapura,chiknayakanhalli
barasidlahalli,chiknayakanhalli
kottigal,chiknayakanhalli
pura,chiknayakanhalli
aralikere,chiknayakanhalli
muddenahalli,chiknayakanhalli
aladakatte,chiknayakanhalli
lakmenahalli,chiknayakanhalli
thonnalapura,chiknayakanhalli
byalakere,chiknayakanhalli
savigehalli,chiknayakanhalli
savashettihalli,chiknayakanhalli
pinnenahalli,chiknayakanhalli
anekatte,chiknayakanhalli
navile,chiknayakanhalli
katenahalli,chiknayakanhalli
marasandra,chiknayakanhalli
chikkenahalli,chiknayakanhalli
maligehalli,chiknayakanhalli
bagayathu,chiknayakanhalli
channenahalli,chiknayakanhalli
hosahalli,chiknayakanhalli
gollarahalli,chiknayakanhalli
bavanahalli,chiknayakanhalli
chiknayakanahalli (r),chiknayakanhalli
kurubarahalli,chiknayakanhalli
kedigehalli,chiknayakanhalli
dugadihalli,chiknayakanhalli
bachihalli,chiknayakanhalli
chunganahalli,chiknayakanhalli
byateranganahalli,chiknayakanhalli
kodalagara,chiknayakanhalli
dabbeghatta,chiknayakanhalli
kadenahalli,chiknayakanhalli
jogihalli,chiknayakanhalli
honnebagi,chiknayakanhalli
benakanakatte,chiknayakanhalli
kuppuru,chiknayakanhalli
dibbadahalli,chiknayakanhalli
manchasandra,chiknayakanhalli
madihalli,chiknayakanhalli
hesarahalli,chiknayakanhalli
gowdanahalli,chiknayakanhalli
siddaramanagara,chiknayakanhalli
settikere,chiknayakanhalli
vaderahalli,chiknayakanhalli
ajjenahalli,chiknayakanhalli
somalapura,chiknayakanhalli
makuvalli,chiknayakanhalli
gopalanahalli,chiknayakanhalli
sasalu,chiknayakanhalli
pemmaladevarahalli,chiknayakanhalli
agasarahalli,chiknayakanhalli
gyarehalli,chiknayakanhalli
thigalanahalli,chiknayakanhalli
lakmagondanahalli,chiknayakanhalli
panajanahalli,chiknayakanhalli
malagondanahalli,chiknayakanhalli
kantalagere,chiknayakanhalli
byraganahalli,chiknayakanhalli
jayachamarajapura,chiknayakanhalli
tharabenahalli,chiknayakanhalli
bydarahalli,chiknayakanhalli
krishnasagarakere,chiknayakanhalli
nagenahalli,chiknayakanhalli
halgona,chiknayakanhalli
godekere,chiknayakanhalli
bagganahalli,chiknayakanhalli
manchekatte,chiknayakanhalli
bullenahalli,chiknayakanhalli
sondenahalli,chiknayakanhalli
huliyar (ct),chiknayakanhalli
dwaranakunte,sira
nejanthi,sira
tadakalur,sira
bejjihalli,sira
chiratahalli,sira
hosakote,sira
vardapura,sira
doddabanagere,sira
gandihalli,sira
nidagatta,sira
hulikunte,sira
musakaloti,sira
karehalli,sira
vajarahalli,sira
sasamaru,sira
yanjalagere,sira
kotti,sira
kyadikunte,sira
yadaladaku,sira
chikka hulikunte,sira
chikkabanagere,sira
naragondanahalli,sira
katanahalli,sira
kaligonahalli,sira
dasarahalli,sira
gopikunte,sira
hosahalli,sira
ramanahalli,sira
badenahalli,sira
agrahara,sira
baragur,sira
kadarehalli,sira
narasipura,sira
yalpenahalli,sira
harogere,sira
badamaranahalli,sira
rangapura,sira
handikunte,sira
karekyathanahalli,sira
pujarimuddanahalli,sira
ragalahalli,sira
hariyajjanahalli,sira
kallahalli,sira
dyagerahalli,sira
herur,sira
muddenahalli,sira
hosur,sira
sankapura,sira
changavara,sira
bevinahalli,sira
siddapura,sira
kaluverahalli,sira
narayanapura,sira
dandikere,sira
hunasehalli,sira
pinnanahole,sira
ujjanakunte,sira
maranagere,sira
tavarekere,sira
mosarakunte,sira
melekote,sira
ranganahalli,sira
kumbarahalli,sira
gomaranahalli,sira
hemdore,sira
kamagondanahalli,sira
nadur,sira
hanumanahalli,sira
bandakunte,sira
honnenahalli,sira
balenahalli,sira
holakallu,sira
maddakkanahalli(jodi),sira
devarahalli,sira
badakanahalli,sira
gowdagere,sira
kaggaladu,sira
bhuthakatnahalli,sira
chikkanakote,sira
melukunte,sira
bhoppanadu,sira
madalur,sira
kotta,sira
bidarakere,sira
manangi,sira
panjiganahalli,sira
dwaralu,sira
gajjarahalli,sira
lakshmisagar,sira
cheelanahalli,sira
devarapura,sira
chikkasandra kaval,sira
anthapura,sira
mudigere,sira
sorekunte,sira
bhuvanahalli,sira
kallukote,sira
vojukunte,sira
kusukunte kaval,sira
kusukunte,sira
anupanahalli,sira
gollahalli,sira
koratakere,sira
honnagondanahalli,sira
magodu,sira
borasandra,sira
guligenahalli,sira
muganahalli,sira
nyayagere,sira
ratnasandra,sira
arehalli,sira
padmapura,sira
thaggihalli,sira
halkur,sira
girinathanahalli,sira
channanakunte,sira
sira (rural),sira
halkur kaval,sira
gummanahalli,sira
mallikapura,sira
yemmerahalli,sira
mekerahalli,sira
mudigere kaval,sira
yaliyuru,sira
doddagula,sira
chikkagula,sira
devagondanahalli,sira
gungarapente,sira
ganadahunase,sira
ajjenahalli,sira
nerlegudda,sira
shakadadu,sira
giddanahalli,sira
doddahaladamadu,sira
yarradakatte,sira
boranahalu,sira
suladahalu,sira
kambadahalli,sira
venkatapura,sira
kurubarahalli,sira
manganahalli,sira
huildore,sira
nimbemaradahalli,sira
guddadaranganahalli,sira
hyaldore kaval,sira
sadarakaranahalli,sira
lingasettihalli,sira
hunasekatte,sira
channenahalli,sira
pura,sira
thimmanahalli,sira
chakkenahalli,sira
maridasanahalli,sira
kaniverampura,sira
jadarahalli,sira
bukkapatna,sira
balapura,sira
kilaradahalli,sira
sakshihalli,sira
punjihalli,sira
handimalku,sira
vaddanahalli,sira
kenchappanahalli,sira
dodda agrahara,sira
kanchiganahalli,sira
kalappanahalli,sira
malanahalli,sira
chikka agrahara,sira
thuppadakona,sira
ramalingapura,sira
salapura,sira
budiggudda kaval,sira
basavanahalli,sira
janakallu,sira
madenahalli,sira
muddappanahalli,sira
karemadenahalli,sira
maragondanahalli,sira
halebijjanabella,sira
hosabijjanabella,sira
battiganahalli,sira
obalihalli,sira
yaramadanahalli,sira
benche,sira
gopaladevarahalli,sira
kallaobanahalli,sira
chikkagiriyanahalli,sira
katamala,sira
sidlakona,sira
kadavigere,sira
chikkanahalli,sira
halenahalli,sira
bhupasandra,sira
mayasandra,sira
kalapura,sira
matanahalli,sira
byrapura,sira
doddachikkanahalli,sira
muchaveeranahalli,sira
talagunda,sira
chikkathimmanahalli,sira
chinnappanahalli,sira
balanapalya,sira
bettanahalli,sira
siradadu,sira
hosaburju,sira
hosamallanahalli,sira
tarur,sira
thoriyappanahalli,sira
karejavanahalli,sira
kallambella,sira
mudimadu,sira
kataveeranahalli,sira
kagelinganahalli,sira
balabasavanahalli,sira
neladimmanahalii,sira
chinnenahalli,sira
kalenahalli,sira
javanahalli,sira
brammasandra,sira
seebi agrahara,sira
yaladabagi,sira
thippanahalli,sira
hunjunalu,sira
seebi,sira
jodidevarahalli,sira
kappenahalli,sira
haldodderi,sira
saluparahalli,sira
marammanahalli,pavagada
siddapura,pavagada
jalodu,pavagada
gowdathimmanahalli,pavagada
dalavaihalli,pavagada
bheemanakunte,pavagada
nagalapura,pavagada
chikkahalli,pavagada
doddahalli,pavagada
thimmammanahalli,pavagada
kunihalli,pavagada
pothaganahalli,pavagada
y.n.hosakote,pavagada
yellappanayakanahalli,pavagada
achammanahalli,pavagada
megalapalya,pavagada
thippaganahalli,pavagada
hosadurga,pavagada
hanumanabetta,pavagada
soolanaikanahalli,pavagada
yerrammanahalli,pavagada
thippaiahnadurga,pavagada
b. hosahalli,pavagada
rangasamudra,pavagada
sasalukunte,pavagada
polenahalli,pavagada
kenchammanahalli,pavagada
pennobanahalli,pavagada
jadenahalli,pavagada
vadanakal,pavagada
lingadahalli,pavagada
doddenahalli,pavagada
obalapura,pavagada
maridasanahalli,pavagada
kathikyathanahalli,pavagada
hanumanthanahalli,pavagada
sarvatapura,pavagada
yettinahalli,pavagada
ponnasamudra,pavagada
budibetta,pavagada
rachamaranahalli,pavagada
singareddihalli,pavagada
komarlahalli,pavagada
talamaradahalli,pavagada
gangasagara,pavagada
kanikalabande,pavagada
kamanadurga,pavagada
bettadakelaginahalli,pavagada
vaddarevu,pavagada
kyathaganakere,pavagada
kambalahalli,pavagada
nagalamadike,pavagada
k.sevalapura,pavagada
hosahalli,pavagada
meenakuntehalli,pavagada
buddareddihalli,pavagada
kenchaganahalli,pavagada
dasarammanahalli,pavagada
palavalli,pavagada
veerammanahalli,pavagada
thimmapura,pavagada
srirangapura,pavagada
upparahalli,pavagada
thappaganadoddi,pavagada
gyadigunte,pavagada
pendlijeevi,pavagada
bugadur,pavagada
thirumani,pavagada
balasamudra,pavagada
vollur,pavagada
kyathaganacherlu,pavagada
rayacharlu,pavagada
annadanapura,pavagada
indiranagar,pavagada
ryapte (ryaade),pavagada
hussainpura,pavagada
kyathaganahalli,pavagada
hottebommanahalli,pavagada
nidagal,pavagada
bellibatlu,pavagada
thimmalapura,pavagada
kashipura,pavagada
shilapura,pavagada
madlerahalli,pavagada
kotagudda,pavagada
mugadalbetta,pavagada
devalakere,pavagada
bommanagathihalli,pavagada
siddappanakatte,pavagada
rangappanahalli,pavagada
mummadisagara,pavagada
nyayadagunte,pavagada
kodigehalli,pavagada
muddaganahalli,pavagada
gollanakunte,pavagada
budasanahalli,pavagada
kondethimmanahalli,pavagada
gujjanadu,pavagada
konanakurike,pavagada
devarabetta,pavagada
davadabetta,pavagada
chennakeshavapura,pavagada
hariharapura,pavagada
thimmalanaikanabetta,pavagada
uddagatta,pavagada
jangamarahalli,pavagada
marur,pavagada
arasikere,pavagada
thumakunte,pavagada
mangalavada,pavagada
madde,pavagada
karekyathanahalli,pavagada
kothur,pavagada
thimmalanaikanakote,pavagada
kadapalakere,pavagada
b.  achammanahalli,pavagada
bommathanahalli,pavagada
pavagada (rural),pavagada
roopa,pavagada
kadamalakunte,pavagada
aralikunte,pavagada
kodamadagu,pavagada
sunkarlakunte,pavagada
dandenahalli,pavagada
kanivenahalli,pavagada
balammanahalli,pavagada
palkunte,pavagada
naliganahalli,pavagada
gundlahalli,pavagada
byadanur,pavagada
kotabande,pavagada
chikkanayakanahalli,pavagada
krishnagiri,pavagada
kilarlahalli,pavagada
chittaganahalli,pavagada
kannamedi,pavagada
veeralagondi,pavagada
rajavanthi,pavagada
r.hosakote (jodi),pavagada
jajurayanahalli,pavagada
j.ranganathapura,pavagada
venkatapura,pavagada
neralekunte,pavagada
dommathamari,pavagada
gummagatta,pavagada
bodarahalli,pavagada
kanakapura,pavagada
gowdeti,pavagada
macharajanahalli,pavagada
virupasamudra,pavagada
r.gollahalli,madhugiri
reddihalli,madhugiri
sattigenahalli,madhugiri
lakshmipura,madhugiri
mallanaikanahalli,madhugiri
mallanaikanahalli kaval,madhugiri
ayyanahalli,madhugiri
benakanahalli,madhugiri
ammenahalli,madhugiri
narappanahalli,madhugiri
kyathagondanahalli,madhugiri
bidarekere kaval,madhugiri
bidarakere,madhugiri
yammethimmanahalli,madhugiri
sravanagudi,madhugiri
nallekamanahalli],madhugiri
nagalapura,madhugiri
medigeshi,madhugiri
kasapura,madhugiri
bramhadevarahalli kaval,madhugiri
brahmadevarahalli,madhugiri
kattirajanahalli,madhugiri
chinnenahalli,madhugiri
veerachinnenahalli,madhugiri
gondi,madhugiri
hanumanthapura,madhugiri
bedattur,madhugiri
appenahalli,madhugiri
advihalli,madhugiri
chikkanaikanapalya,madhugiri
neerakallu,madhugiri
neelihalli,madhugiri
krishnapura,madhugiri
kallenahalli,madhugiri
dyavagondanahalli,madhugiri
hosahalli,madhugiri
karenahalli,madhugiri
thippagondanahalli,madhugiri
galihalli,madhugiri
hosakere,madhugiri
gampalahalli,madhugiri
k.appenahalli,madhugiri
gollahalli.r.,madhugiri
k.krishnapura,madhugiri
badaobanahalli,madhugiri
neralekere,madhugiri
katagondanahalli,madhugiri
gaddethimmanahalli,madhugiri
lakshmidevipura,madhugiri
basavanahalli,madhugiri
avaragal,madhugiri
dasenahalli,madhugiri
basmangi kaval,madhugiri
karpenhalli,madhugiri
singiravathanahalli,madhugiri
kittagali,madhugiri
sajje hosahalli,madhugiri
chambenahalli,madhugiri
pulamaghatta,madhugiri
rantavalalu,madhugiri
kodiramapura,madhugiri
kempachannenahalli,madhugiri
mandathimmanahalli,madhugiri
mayagondanahalli,madhugiri
jeevagondanahalli,madhugiri
vitalapura,madhugiri
boramuthanahalli,madhugiri
kotagaralahalli,madhugiri
sodenahalli,madhugiri
shivanagere,madhugiri
kunnahalli,madhugiri
jakkenahalli,madhugiri
thippanahalli,madhugiri
chandragiri,madhugiri
sarjammanahalli,madhugiri
thonachagondanahalli,madhugiri
vajradahalli,madhugiri
belladamadu,madhugiri
madaliyarhalli,madhugiri
bittanakurke,madhugiri
kurubarahalli,madhugiri
bhoothanahalli,madhugiri
ummanahalli,madhugiri
dodderi,madhugiri
nagenahallii,madhugiri
badavanahalli,madhugiri
kurihalli,madhugiri
rangapura,madhugiri
kanapanaikanahalli,madhugiri
pemmanahalli,madhugiri
bettadaranganahalli,madhugiri
appanahalli,madhugiri
adavikatanahalli,madhugiri
s.m.gollahalli,madhugiri
dabbeghatta,madhugiri
hariharapura,madhugiri
begurdasarahalli,madhugiri
thimmalapura,madhugiri
sajjalahalli,madhugiri
giriyammanapalya,madhugiri
sanjeevapura,madhugiri
girigondanahalli,madhugiri
banagarahalli,madhugiri
avinamadu,madhugiri
veerannanahalli,madhugiri
venkateshapura,madhugiri
sidadaragal,madhugiri
obalihalli,madhugiri
karekenchanahalli,madhugiri
bommethimmanahalli,madhugiri
pujarahalli,madhugiri
lingasandra,madhugiri
madenahalli,madhugiri
muddappanapalya,madhugiri
goddanapalya,madhugiri
badavanahalli amrutmahal kaval,madhugiri
borekunte,madhugiri
ranganapalya,madhugiri
angadithimanapalya,madhugiri
hanumanahalli,madhugiri
kavanadala,madhugiri
sheebaianapayla,madhugiri
kattijogipalya,madhugiri
gubalagutte,madhugiri
gidadagalaranganahalli,madhugiri
gidadagalahalli,madhugiri
kunigal thimmanahalli,madhugiri
bisadikariyanahalli,madhugiri
kurumanakote-thimmanapalya,madhugiri
chickathimmanahalli,madhugiri
achenahalli,madhugiri
kambadahalli,madhugiri
marithimmanahalli,madhugiri
midatarahalli,madhugiri
chikkanahalli,madhugiri
gopagondnahalli,madhugiri
kanivenahalli,madhugiri
seegalahalli,madhugiri
thirumaladevarahalli,madhugiri
gopalahalli,madhugiri
muddenahalli,madhugiri
amaravathi,madhugiri
k.g.thippapura,madhugiri
shambonahalli,madhugiri
ganjalagunte,madhugiri
byadarapalya,madhugiri
bandrehalli,madhugiri
dasarahalli,madhugiri
maruvekere,madhugiri
somapura,madhugiri
tavakadahalli,madhugiri
bijavara,madhugiri
kambatanahalli,madhugiri
karamaradi,madhugiri
panne,madhugiri
bhaktarahalli,madhugiri
venkatapura,madhugiri
banavenahalli,madhugiri
jadegondnahalli,madhugiri
vaderahalli,madhugiri
giddenahalli,madhugiri
jogihalli,madhugiri
chikaveeragondnahalli,madhugiri
siddapura,madhugiri
gundlahalli,madhugiri
ranganaikana roppa,madhugiri
doddaveeragondanahalli,madhugiri
chickegowdanaroppa,madhugiri
thigondanahalli,madhugiri
kammanakote,madhugiri
kuppachariroppa,madhugiri
thungoti,madhugiri
somalapura,madhugiri
gurammanakatte,madhugiri
madhugiri (rural),madhugiri
harihararoppa,madhugiri
chinakavajra,madhugiri
cholenahalli,madhugiri
muddaiahnapalya,madhugiri
guruvaderahalli,madhugiri
palyadahalli,madhugiri
mallenahalli,madhugiri
sogenahalli,madhugiri
puttenahalli,madhugiri
settihalli,madhugiri
maraballi,madhugiri
veeranagenahalli,madhugiri
pulamachi,madhugiri
malagondanahalli,madhugiri
chowlahalli,madhugiri
thadi,madhugiri
itakadibbanahalli,madhugiri
kantanahalli,madhugiri
tummalu,madhugiri
thondoti,madhugiri
doddadalavatta,madhugiri
chikkadalavatta,madhugiri
shanaganahalli,madhugiri
obalapura,madhugiri
hale itakaloti,madhugiri
hosa itakaloti,madhugiri
janakaloti,madhugiri
thippapura,madhugiri
bydarahalli,madhugiri
gullahalli,madhugiri
sadarahalli,madhugiri
srinivasapura,madhugiri
garani,madhugiri
hosakote,madhugiri
channamallanahalli,madhugiri
sobenahalli,madhugiri
cheelanahalli,madhugiri
brahmasamudra,madhugiri
bandenahalli,madhugiri
nallahalli,madhugiri
yaramallanahalli,madhugiri
huvinahalli,madhugiri
doddayalkur,madhugiri
chikkayalkur,madhugiri
dadagondanahalli,madhugiri
yaragunte,madhugiri
muddeneralekere,madhugiri
suddekunte,madhugiri
varadanahalli,madhugiri
polenahalli,madhugiri
vengalammanahalli,madhugiri
kasinaikanahalli,madhugiri
nagenahalli,madhugiri
parthihalli,madhugiri
channavara,madhugiri
theriyur,madhugiri
annenahalli,madhugiri
masarapadi,madhugiri
singanahalli,madhugiri
adavinagenahalli,madhugiri
mydanahalli,madhugiri
doddenahalli,madhugiri
gutte,madhugiri
jalihalli,madhugiri
muthyalammanahalli,madhugiri
kodigenahalli,madhugiri
gundagal,madhugiri
kadagathur,madhugiri
yakaralahalli,madhugiri
bachenahalli,madhugiri
kalidevapura,madhugiri
byrapura,madhugiri
suranagenahalli,madhugiri
kalenahalli,madhugiri
kempapura,madhugiri
chikkamalur,madhugiri
doddamalur,madhugiri
kamsanahalli,madhugiri
bommenahalli,madhugiri
sravandanahalli,madhugiri
thingalur,madhugiri
badakanahalli,madhugiri
talakere,madhugiri
govindanahalli,madhugiri
kodlapura,madhugiri
beeranahalli,madhugiri
chunchenahalli,madhugiri
shivapura,madhugiri
doddagalihalli,madhugiri
immadagondanahalli,madhugiri
thimmasandra,madhugiri
narasapura,madhugiri
puruvara,madhugiri
haralapura,madhugiri
sankapura,madhugiri
aralimaradahalli,madhugiri
ramanahalli,madhugiri
siddanahalli,madhugiri
halethimmanahalli,madhugiri
gondihalli,madhugiri
raghuvanahalli,madhugiri
chikkathimmanahalli,madhugiri
doddahosahalli,madhugiri
yarranapalya,madhugiri
gamkaralahalli,madhugiri
kondavadi,madhugiri
taggihalli,madhugiri
handralu,madhugiri
byalya,madhugiri
g.agrahara,madhugiri
ranganahalli,madhugiri
mekethimmanahalli,madhugiri
ejihalli,madhugiri
shiganagondanahalli,madhugiri
chikkahosahalli,madhugiri
hunasavadi,madhugiri
nitrahalli,madhugiri
nanjapura,madhugiri
kodagadala,madhugiri
sunnavadi,madhugiri
battikere,madhugiri
kulumenahalli,madhugiri
naveladaku,madhugiri
ajjenahalli,koratagere
obanahalli,koratagere
chikkannanahalli,koratagere
kabbigere,koratagere
chikkarasanahalli,koratagere
bisadihalli,koratagere
doddasanjevegowdanapalya,koratagere
mudigowdanahalli,koratagere
surenahalli,koratagere
venkataramanahalli,koratagere
devarahalli,koratagere
ugranahalli,koratagere
kanive hosahalli,koratagere
chikkasanjevegowdanapalya,koratagere
thovinakere,koratagere
kurihalli,koratagere
dasalakunte,koratagere
jonigarahalli,koratagere
badamuddanapalya,koratagere
doddegowdanapalya,koratagere
gattithimmanahalli,koratagere
marenayakanahalli,koratagere
negilala,koratagere
boodagavi,koratagere
junjuramanahalli,koratagere
manuvinakurike,koratagere
shambonahalli,koratagere
kurubarahalli,koratagere
holathalu,koratagere
kuramkote,koratagere
bendoni,koratagere
kumatenahalli,koratagere
dogganahalli,koratagere
gowjagal,koratagere
hanchimallanahalli,koratagere
venkannanahalli,koratagere
herajenahalli,koratagere
gattalahalli,koratagere
kambadahalli,koratagere
channapatna,koratagere
baraka,koratagere
gatlagollahalli,koratagere
veerobanahalli,koratagere
doddathimmanahalli,koratagere
mallekavu,koratagere
channarayanadurga,koratagere
gowrikallu,koratagere
gondihalli,koratagere
bukkapatna,koratagere
jagannathapura,koratagere
agrahara,koratagere
tharati,koratagere
navilakurike,koratagere
kalluguttarahalli,koratagere
jampenahalli,koratagere
baleveeranahalli,koratagere
golladevarahalli,koratagere
byrenahalli,koratagere
pemmedevarahalli,koratagere
dasarahalli,koratagere
bhaktharahalli,koratagere
kalkere,koratagere
garaga doddi,koratagere
yattugonahalli,koratagere
mahantagonahalli,koratagere
cheelagondanahalli,koratagere
ranganahalli,koratagere
voddagere,koratagere
kurudugonahalli,koratagere
muggondanahalli,koratagere
tumbadi gollahalli,koratagere
tumbadi,koratagere
biradenahalli,koratagere
musuvinakallu,koratagere
kamenahalli,koratagere
obaladevarahalli,koratagere
malapanahalli,koratagere
buruganahalli,koratagere
kathinagenahalli,koratagere
gowraganahalli,koratagere
muggiranakaluve,koratagere
hosahalli,koratagere
mudlapanne,koratagere
koratagere (rural),koratagere
hanumanthapura,koratagere
hulikunte,koratagere
hulugonahalli,koratagere
gantiganahalli,koratagere
bajjanahalli,koratagere
kongenahalli,koratagere
kamarajanahalli,koratagere
chowlkunte,koratagere
chikkegowdanahalli,koratagere
malleshapura,koratagere
bodabandenahalli,koratagere
nagenhalli g.,koratagere
doddenahalli,koratagere
hanchihalli,koratagere
kereyagalahalli,koratagere
chigaranahalli,koratagere
madavara,koratagere
goravanahalli,koratagere
reddihalli venkatapura,koratagere
reddihalli,koratagere
kyashavara,koratagere
rayavara,koratagere
arasapura,koratagere
bychapura,koratagere
chikkanahalli,koratagere
hanumenahalli,koratagere
akkirampura,koratagere
sompura,koratagere
buddenahalli,koratagere
madenahalli,koratagere
kasapura,koratagere
godrahalli,koratagere
thogarigatta,koratagere
pannenahalli,koratagere
holavanahalli,koratagere
duggenahalli,koratagere
kyamenahalli,koratagere
harapagondanahalli,koratagere
sonnenahalli,koratagere
bidaloti,koratagere
honnaranahalli,koratagere
thimmanahalli,koratagere
chikkovalli,koratagere
thumbuganahalli,koratagere
kodlahalli,koratagere
shakuni thimmanahalli,koratagere
sirigonahalli,koratagere
muddenahalli,koratagere
chattenahalli,koratagere
lingadaveeranahalli,koratagere
bommaladevipura,koratagere
chunchenahalli,koratagere
byadarahalli,koratagere
gangenahalli,koratagere
lankenahalli,koratagere
budamaranahalli,koratagere
malenahalli,koratagere
theetha venkatapura,koratagere
bhaktarahalli,koratagere
majara agrahara,koratagere
alapanahalli,koratagere
avadharanahalli,koratagere
akkajihalli,koratagere
polenahalli,koratagere
doddasaggere,koratagere
chikkasaggere,koratagere
cheelenahalli,koratagere
madya venkatapura,koratagere
lingapura,koratagere
minasandra,koratagere
channavaderahalli,koratagere
mavattur,koratagere
sriramanahalli,koratagere
singalikapura,koratagere
hurulagere,koratagere
doddapalanahalli,koratagere
honnenahalli,koratagere
hoskote,koratagere
tannenahalli,koratagere
a.venkatapura,koratagere
hulisoppinahalli,koratagere
maragonahalli,koratagere
kenganapalya,koratagere
theetha,koratagere
gaddobanahalli,koratagere
melehalli,koratagere
veerapura,koratagere
maracharahalli,koratagere
puttasandra,koratagere
duddanahalli,koratagere
k.g.bevinahalli,koratagere
yarapanahalli,koratagere
sankenahalli,koratagere
manur thimmanahalli,koratagere
chikkapalanahalli,koratagere
thanganahalli,koratagere
siddapura,koratagere
neelagondanahalli,koratagere
karidugganahalli,koratagere
maragondanaguni,koratagere
vajjankurike,koratagere
byrasandra,koratagere
thigalarahalli,koratagere
pathaganahalli,koratagere
vengalammanahalli,koratagere
motagondanahalli,koratagere
obanayakanapalya,koratagere
m.gollahalli,koratagere
m.bevinahalli,koratagere
majara hosahalli,koratagere
upasapura,koratagere
yalamarahalli,koratagere
byragondlu,koratagere
belladahalli,koratagere
lakkamuthanahalli,koratagere
buchenahalli,koratagere
veerasagara,koratagere
rayapura,koratagere
byadara agrahara,koratagere
yalerampura,koratagere
mudlakerepalya,koratagere
irakasandra,koratagere
vaddarahalli,koratagere
d.nagenahalli,koratagere
bychenahalli,koratagere
s.gollahalli,koratagere
singrihalli,koratagere
chikkadoddavadi,koratagere
hanumanthagiri,koratagere
huluvangala,koratagere
thimmanayakanahalli,koratagere
thimmasandra,koratagere
lakkaiahnapalya,koratagere
chinnahalli,koratagere
gollachinnahalli,koratagere
gadamenahalli,koratagere
sunkadahalli,koratagere
vaderahalli,koratagere
karekallahalli,koratagere
kaluvehalli,koratagere
puradahalli,koratagere
rahutanahalli,koratagere
omachihalli,koratagere
madhavarayanapalya,koratagere
kolala,koratagere
rangapura,koratagere
katenahalli,koratagere
srinivasapura,koratagere
bheemasagara,koratagere
byatarayanapalya,koratagere
mitrahalli,koratagere
kantevaderahalli,koratagere
narasapura,koratagere
malagonahalli,koratagere
mayagondanahalli,koratagere
k.bevinahalli,koratagere
challalu,koratagere
yalachagere,koratagere
siddapura,gubbi
anehalli,gubbi
haralakatte,gubbi
shivarampura,gubbi
kalinganahalli,gubbi
bodathimmanahalli,gubbi
malenahalli,gubbi
chitanahalli,gubbi
jogihalli,gubbi
yarabahalli,gubbi
kuntaramanahalli,gubbi
naikanahalli,gubbi
harthi,gubbi
rangapura.m.,gubbi
nallur,gubbi
mata,gubbi
gedlahalli.g,gubbi
manchaladore,gubbi
muchalanahalli,gubbi
kurihalli,gubbi
guddenahalli,gubbi
mayappanahalli,gubbi
hagalavadi,gubbi
mathikere,gubbi
rangapura.g.,gubbi
galigekere,gubbi
madalapura,gubbi
g. gedlahalli,gubbi
obalapura,gubbi
shivapura,gubbi
chittappanahalli,gubbi
kodihalli,gubbi
naikanakere,gubbi
mallasandra katte,gubbi
marehalladakaval,gubbi
yakkalakatte,gubbi
appannanahalli,gubbi
pura,gubbi
settihalli,gubbi
unganala,gubbi
varthikatte,gubbi
karigondanahalli,gubbi
arehalli,gubbi
hosakere,gubbi
shivanehalli,gubbi
thevadihalli,gubbi
thimmalapura,gubbi
yere kaval,gubbi
huchana palya,gubbi
alalaghatta,gubbi
mudlahalli,gubbi
jakkanahalli,gubbi
benehalli,gubbi
bettadahalli,gubbi
huvinakatte,gubbi
talekoppa,gubbi
dasappanahalli,gubbi
d0ddahedegehalli,gubbi
devarahalli,gubbi
chikkahedigehalli,gubbi
ankasandra,gubbi
thogarigunte,gubbi
pete kurubarahalli,gubbi
revanalu,gubbi
sirivallehalli,gubbi
honnenahalli,gubbi
kallugudi,gubbi
kurubarahalli,gubbi
ranganahalli,gubbi
anthapura,gubbi
maranahalli,gubbi
sanabanahalli,gubbi
madenahalli,gubbi
kempanahalli,gubbi
pinnenahalli,gubbi
sangenahalli,gubbi
gadiyankanahalli,gubbi
chelur amanikere,gubbi
malimachana kunte,gubbi
anupanakunte,gubbi
sorekayipente,gubbi
katanahalli,gubbi
jalaguni,gubbi
patravathanahalli,gubbi
thonachanahalli,gubbi
santhenahalli,gubbi
byadanakatte,gubbi
yenne kattee,gubbi
chelur,gubbi
kachenahalli,gubbi
seegenahalli,gubbi
kadabettanahalli,gubbi
muginahunase,gubbi
kodiyala,gubbi
kasimata,gubbi
nimbekatte,gubbi
harivesandra,gubbi
irakasandra,gubbi
nandihalli c.,gubbi
manemarinagudi kaval,gubbi
chindigere,gubbi
kaggere,gubbi
bidare amanikere,gubbi
bidare,gubbi
gowripura,gubbi
nanjundapura,gubbi
jainarahalli,gubbi
bidare raja kaval,gubbi
konanakallu,gubbi
guddadahallii,gubbi
boragondanahalli,gubbi
mannemariamruth mahalkaval,gubbi
madapura,gubbi
guddada obalapura,gubbi
karadikallu,gubbi
echala kaval,gubbi
hullurarave kaval,gubbi
kallanahalli,gubbi
haradagere,gubbi
bhogasandra,gubbi
muddanahalli,gubbi
bandanahalli,gubbi
sagasandra,gubbi
kalasanahalli,gubbi
gyara halli,gubbi
m.hosahalli,gubbi
idakanahalli,gubbi
basavapatna,gubbi
mallenahalli,gubbi
somalapura,gubbi
sankapura,gubbi
muganayakanakote,gubbi
banniganahalli,gubbi
virapura,gubbi
bommarasanahalli,gubbi
shivasandra,gubbi
mudla palya,gubbi
kondli,gubbi
mavinahalli,gubbi
musakondli,gubbi
yemmedoddi,gubbi
harenahalli,gubbi
n.hosahalli,gubbi
badavana palya,gubbi
handanahalli,gubbi
virupakshipura,gubbi
adalagere,gubbi
samudranakote,gubbi
muddapura,gubbi
thyagatur,gubbi
muganayakanakote amanikere,gubbi
halasina nagenahalli,gubbi
udde hosakere,gubbi
madanaghatta,gubbi
hesarahalli,gubbi
n.ramapura,gubbi
kodinagenahalli,gubbi
thyagatur amanikere,gubbi
bommenahalli,gubbi
ankapura,gubbi
sagaranahalli,gubbi
kundaranahalli,gubbi
kallenahalli,gubbi
rajanapanche,gubbi
sopanahalli,gubbi
thimmalpalya.a,gubbi
yellapura,gubbi
kanchiganahalli,gubbi
doddaguni,gubbi
hindiganahalli,gubbi
bonehallada kaval,gubbi
neralekere,gubbi
dindigadahalli,gubbi
sigehalli,gubbi
thaggihalli,gubbi
bidarehalla kaval,gubbi
babiganahalli,gubbi
karchalli,gubbi
ammanahalli,gubbi
bandihalli,gubbi
nittur,gubbi
nittur amanikere,gubbi
bagur,gubbi
mathighatta,gubbi
benchagere,gubbi
harnahalli,gubbi
parasanahalli,gubbi
kenchanahalli,gubbi
nandihalli,gubbi
gollahalli,gubbi
thippur,gubbi
ammanaghatta,gubbi
varadenahalli,gubbi
lakkenahalli,gubbi
bychenahalli,gubbi
chowkenahalli,gubbi
bisalahalli,gubbi
doddanetagunte,gubbi
badakana palya,gubbi
bilekal palya,gubbi
mukanahallipatna,gubbi
doddanetagunte amanikere,gubbi
chikkanetagunte,gubbi
honnavalli,gubbi
chinnasettyhalli,gubbi
rayavara,gubbi
singonahalli,gubbi
mudigere,gubbi
mukanahallipatna amanikere,gubbi
kallipalya,gubbi
adagoor,gubbi
dhulanahalli,gubbi
prabhuvanahalli,gubbi
halegubbi,gubbi
gubbi(rural),gubbi
chikkonahalli,gubbi
byadagere,gubbi
herur,gubbi
kittadakuppe,gubbi
hodalur,gubbi
gubbiamanikere,gubbi
thorehalli,gubbi
ingalda kaval,gubbi
kattigenahalli,gubbi
hosahalli.g,gubbi
dodderi,gubbi
basthikatte kaval,gubbi
biligere,gubbi
bikkegudda kaval,gubbi
gopalapura,gubbi
surigenahalli,gubbi
surigenahalli kaval,gubbi
malapanahalli,gubbi
galaga,gubbi
voddarahalli,gubbi
nagasandra,gubbi
kodigehalli,gubbi
kalenahalli,gubbi
marasettyhalli,gubbi
donnere,gubbi
kodimallenahalli,gubbi
b.ramapura,gubbi
haragaladevgudda kaval,gubbi
peramasandra,gubbi
channavaderahalli,gubbi
badenahalli,gubbi
janakadevanahalli,gubbi
gangasnadra,gubbi
athikatte,gubbi
bennur,gubbi
b.kodihalli,gubbi
kadasettyhalli,gubbi
k.ramapura,gubbi
kadaba,gubbi
adagondanahalli,gubbi
thogrighatta,gubbi
aremaranahalli,gubbi
belavatha,gubbi
ambarapura,gubbi
gulenahalli,gubbi
honnasettyhalli,gubbi
kattiginahalli,gubbi
koppa,gubbi
konanakere,gubbi
yadavanahalli,gubbi
dasarakallahalli,gubbi
gorjihalli,gubbi
byalahalli,gubbi
byadaramallenahalli,gubbi
konemadenahalli,gubbi
jeeganahalli,gubbi
chakenahalli,gubbi
lingammanahalli,gubbi
kunnala,gubbi
hallenahalli,gubbi
yalachihalli,gubbi
kadaba amanikere,gubbi
kommanahalli,gubbi
peddanahalli,gubbi
kunaghatta,gubbi
varahasandra,gubbi
benkana gondi,gubbi
vadavana ghatta,gubbi
kadabagadde kaval,gubbi
melekallahalli,gubbi
manchihalli,gubbi
pendaranahalli,gubbi
bittagondanahalli,gubbi
v.kodihalli,gubbi
kenchaviranahalli,gubbi
harivesandra .k,gubbi
kamba sandra,gubbi
belur,gubbi
k.kallahalli,gubbi
kallur,gubbi
chamanahalli,gubbi
bochihalli,gubbi
bilinandi,gubbi
ankalakoppa,gubbi
hindisgere kaval,gubbi
bukkasagara,gubbi
changavi kaval,gubbi
changavi,gubbi
dollenahalli,gubbi
averahalli,gubbi
shankaradevihalli,gubbi
manikuppe,gubbi
nettikere,gubbi
hanumanthapura,gubbi
mavinahalli amanikere,gubbi
ungra,gubbi
hulekere,gubbi
hindisgere,gubbi
chandrashekarapura,gubbi
padugudi,gubbi
amanikere,gubbi
jannenahalli,gubbi
chikkayadiyur,gubbi
hurulagere,gubbi
kodagihalli.c,gubbi
chandrasekharapura bagayat,gubbi
horakere,gubbi
adakekere,gubbi
idagoor,gubbi
beeramaranahalli,gubbi
chandrasekharapura valagere kaval,gubbi
bellahalli,gubbi
borappanapalya,gubbi
cheelanahalli,gubbi
naranahalli,gubbi
abbanakuppe,gubbi
rattenahalli,tiptur
mallidevihalli,tiptur
vaderahalli,tiptur
rudrapura,tiptur
muddenahalli,tiptur
suragondanahalli,tiptur
rangapura,tiptur
gowdanakatte,tiptur
kodagihalli,tiptur
halkurike a.m.kaval,tiptur
doddikatte,tiptur
kenchamaranahalli,tiptur
adinayakanahalli,tiptur
thimmarayanahalli,tiptur
lakshmanapura,tiptur
byadarahalli,tiptur
halenahalli,tiptur
halkurke amanikere,tiptur
halkurke,tiptur
singenahalli,tiptur
mayagondanahalli,tiptur
bommenahalli,tiptur
hosahalli,tiptur
baluvaneralu,tiptur
dasanakatte,tiptur
hulihalli,tiptur
anivala,tiptur
chikkahonnavalli,tiptur
sooranahalli,tiptur
hanumanthapura,tiptur
chowdenahalli,tiptur
kodihalli,tiptur
gyaraghatta,tiptur
ramanahalli,tiptur
honnavalli,tiptur
halugowdanakatte,tiptur
krishnapura,tiptur
bagavala,tiptur
vittalapura,tiptur
thammadihalli,tiptur
patarehalli,tiptur
nelagondanahalli,tiptur
satheramanahalli,tiptur
ghatikinakere,tiptur
byrapura,tiptur
chowlihalli,tiptur
manakikere,tiptur
hurulihalli,tiptur
sarathavalli,tiptur
paruvagondanahalli,tiptur
thimmalapura,tiptur
harachanahalli,tiptur
vasudevarahalli,tiptur
alur,tiptur
harisamudra,tiptur
virupakshipura,tiptur
kalkere,tiptur
meesethimmanahalli,tiptur
gedlahalli,tiptur
byranaikanahalli,tiptur
annamallenahalli,tiptur
kagehallada kaval,tiptur
chowdlapura,tiptur
jakkanahalli,tiptur
siddanahalli,tiptur
biligere,tiptur
kibbanahalli amanikere,tiptur
hatna,tiptur
badanekatte,tiptur
kamagondanahalli,tiptur
rajathadripura,tiptur
karekurchi (b),tiptur
yagachikatti,tiptur
kallenahalli kaval,tiptur
beerasandra,tiptur
katigenahalli,tiptur
hindiskere,tiptur
kibbanahalli,tiptur
kundur,tiptur
gadabanahalli,tiptur
aralaguppe,tiptur
madlehalli,tiptur
mallenahalli,tiptur
shettihalli,tiptur
sidlehalli,tiptur
nyakenahalli,tiptur
ramenahalli,tiptur
karadi,tiptur
mallipatna,tiptur
kattehalli,tiptur
kondlighatta,tiptur
kuppalu,tiptur
ballekatte,tiptur
uppinahalli,tiptur
kadushettihalli,tiptur
shivapura,tiptur
karadalu,tiptur
ginikikere,tiptur
kallushettihalli,tiptur
eranakall kaval,tiptur
ayarahalli,tiptur
kotigehalli,tiptur
konehalli,tiptur
bidarammanagudi kaval,tiptur
k.lakkihalli,tiptur
nagathihalli,tiptur
maragondanahalli,tiptur
gudigondanahalli,tiptur
bommalapura,tiptur
madihalli,tiptur
kanchaghatta,tiptur
annapura,tiptur
halepalya,tiptur
edenahalli,tiptur
ramasettyhalli,tiptur
doddamarapanahalli,tiptur
chikkamarapanahalli,tiptur
eralagere,tiptur
bennaikanahalli,tiptur
peddihalli,tiptur
kotanaikanahalli,tiptur
huchagondanahalli,tiptur
tiptur [rural],tiptur
koppa,tiptur
shanthanahalli,tiptur
eachanur kaval,tiptur
eachanur,tiptur
hullukatte,tiptur
goragondanahalli,tiptur
havenahalli,tiptur
anagondanahalli,tiptur
maranagere,tiptur
lingadahalli,tiptur
madenur,tiptur
mathihalli,tiptur
hirebidare,tiptur
siddapura,tiptur
karikere,tiptur
chikkabidare,tiptur
timlapura,tiptur
gurugadahalli,tiptur
bennenahalli,tiptur
honnenahalli,tiptur
chatnahalli,tiptur
shankaranahalli,tiptur
keragodi,tiptur
chikkarangapura,tiptur
chikkakottigehalli,tiptur
narasikatte,tiptur
dasihalli,tiptur
hogavanaghatta,tiptur
thadasur,tiptur
melapura,tiptur
shivara,tiptur
lakkihalli kaval,tiptur
s.lakkihalli,tiptur
bannihalli,tiptur
kallahalli,tiptur
ramachandrapura,tiptur
dasarighatta,tiptur
jayapura,tiptur
voddaramallenahalli,tiptur
aladahalli,tiptur
hedagarahalli,tiptur
belagarahalli,tiptur
kannughatta,tiptur
haroghatta,tiptur
kurubaramallenahalli,tiptur
nallikere,tiptur
burudeghatta,tiptur
yadehalli,tiptur
basthihalli,tiptur
albur,tiptur
nonavinakere,tiptur
kuduvanaghatta,tiptur
gopalapura,tiptur
chiggave,tiptur
agarahara,tiptur
muguthihalli,tiptur
kaidala,tiptur
nagaraghatta,tiptur
shakunagiri gollarahatti,tiptur
bochihalli,tiptur
sugur,tiptur
nagaraghatta kaval,tiptur
n.melanahalli,tiptur
lingadevarahalli,tiptur
kurubarahalli,tiptur
mattighatta,tiptur
sasalahalli,tiptur
g.melanahalli,tiptur
ganganaghatta,tiptur
j.mallenahalli,tiptur
hunaseghatta,tiptur
machaghatta,tiptur
ballekere,tiptur
bajaguru,tiptur
vignasanthe,tiptur
makanahalli,tiptur
kasavanahalli,tiptur
kasavanahalli kaval,tiptur
bidarakere,tiptur
hullenahalli,tiptur
hullenahalli kaval,tiptur
matanahalli,tiptur
jabaghatta,tiptur
rayashettyhalli,tiptur
ganjalaghatta,tiptur
masavanagatta,tiptur
bisalehalli,tiptur
sannenahalli,tiptur
kabballi kaval,tiptur
gungaramale,tiptur
mudlapura,turuvekere
somalapura,turuvekere
a.hosahalli,turuvekere
guladahalli,turuvekere
bommenahalli,turuvekere
banasandra,turuvekere
hulisandra,turuvekere
marasandra,turuvekere
heggere,turuvekere
lingapura,turuvekere
dunda,turuvekere
bugudanahalli,turuvekere
g.manchenahalli,turuvekere
balamadihalli,turuvekere
kunikenahalli,turuvekere
neeragunda,turuvekere
ajjenahalli,turuvekere
kolaghatta kaval,turuvekere
seegehalli,turuvekere
pundareekanakallahalli,turuvekere
kolaghatta,turuvekere
anekere,turuvekere
n.mavinahalli,turuvekere
n.manchenahalli,turuvekere
lokammanahalli,turuvekere
n.ganganahalli,turuvekere
chowdenahalli,turuvekere
kalanjihalli,turuvekere
m.ganganahalli,turuvekere
m.bevinahalli,turuvekere
srirampura,turuvekere
pura,turuvekere
chendur,turuvekere
pura amruth mahal kaval,turuvekere
pura amanikere,turuvekere
talkere,turuvekere
anemale,turuvekere
sunkalapura,turuvekere
turuvekere amruth maha kaval,turuvekere
arisinadahalli,turuvekere
turuvekere amanikere,turuvekere
muniyur,turuvekere
bediswaste,turuvekere
tavarekere,turuvekere
toremavinahalli,turuvekere
chikkaturuvekere,turuvekere
mallaghatta,turuvekere
mallaghatta amanikere,turuvekere
doddaghatta,turuvekere
guddenahalli,turuvekere
somenahalli,turuvekere
kalkere,turuvekere
t.hosahalli,turuvekere
gondi,turuvekere
turuvekere (rural),turuvekere
kodigehalli,turuvekere
sulekere,turuvekere
aralikere,turuvekere
madihalli,turuvekere
dwaranahalli,turuvekere
mangikuppe,turuvekere
kallanakere,turuvekere
sangalapura,turuvekere
hulikere,turuvekere
bramhadevarahalli,turuvekere
d.hosahalli,turuvekere
hadavanahalli,turuvekere
honnenahalli,turuvekere
giriyanahalli,turuvekere
gundi kaval,turuvekere
appasandra,turuvekere
chakuvalli,turuvekere
ammanahalli,turuvekere
shivanehalli,turuvekere
yeladabagi,turuvekere
masthigondanahalli,turuvekere
veerasagara kere kaval,turuvekere
singasandra,turuvekere
angarekhanahalli,turuvekere
sampige,turuvekere
veerasagara,turuvekere
halugondanahalli,turuvekere
ammasandra,turuvekere
dandinashivara,turuvekere
siddapura,turuvekere
byadarahalli kaval,turuvekere
ballekatte,turuvekere
raghavadevanahalli,turuvekere
harigondanahalli,turuvekere
hullekere,turuvekere
sasalu,turuvekere
arakere,turuvekere
ramadihalli,turuvekere
machenahalli,turuvekere
rayasandra,turuvekere
koppa,turuvekere
sarigehalli amanikere,turuvekere
sarigehalli,turuvekere
sarigehalli a.m.kaval,turuvekere
jakkanahalli,turuvekere
hattihalli,turuvekere
beechanahalli,turuvekere
kondajji,turuvekere
akkalasandra,turuvekere
tovinakere,turuvekere
halesampige,turuvekere
hosur,turuvekere
kurubarahalli,turuvekere
chatradene kaval,turuvekere
kurubarahalli byala,turuvekere
sampigehosahalli,turuvekere
basavasagara c kaval,turuvekere
doddagoraghatta,turuvekere
chikkagoraghatta,turuvekere
chimmanahalli,turuvekere
d.settihalli,turuvekere
dombaranahalli,turuvekere
bantarahalli,turuvekere
karigondanahalli,turuvekere
harikaranahalli,turuvekere
donkihalli,turuvekere
vaderahalli,turuvekere
kallane,turuvekere
ayarahalli,turuvekere
sadarahalli,turuvekere
basavanahalli,turuvekere
chikkahalli kaval,turuvekere
marappanahalli,turuvekere
govindaghatta,turuvekere
hunisemaradahalli,turuvekere
thandaga,turuvekere
chandrapura,turuvekere
aladahalli,turuvekere
melnahalli,turuvekere
muddanahalli,turuvekere
k.mavinahalli,turuvekere
kanathur,turuvekere
vaderahalli kaval,turuvekere
kyamasandra,turuvekere
vittaladevarahalli,turuvekere
kolala,turuvekere
hedagihalli,turuvekere
devihalli,turuvekere
abalakatte,turuvekere
goni tumkur,turuvekere
nagalapura,turuvekere
benkikere,turuvekere
obbenagasandra,turuvekere
mudigere,turuvekere
byadarahalli,turuvekere
karadigere,turuvekere
mavinakere,turuvekere
rajapura,turuvekere
kadesur,turuvekere
devanayakanahalli,turuvekere
naduvanahalli,turuvekere
badagarahalli,turuvekere
byadarakodigehalli,turuvekere
aremallenahalli,turuvekere
k.ganganahalli,turuvekere
hulikal,turuvekere
habakanahalli,turuvekere
k.bevinahalli,turuvekere
sopanahalli,turuvekere
biganenahalli,turuvekere
kadehalli,turuvekere
kadehalli kaval,turuvekere
melinavalagerahalli,turuvekere
illenahalli kaval,turuvekere
halladahosahalli,turuvekere
burudehosahalli,turuvekere
gottikere,turuvekere
hindumaranahalli,turuvekere
dabbeghatta,turuvekere
benakanakere,turuvekere
guralamata,turuvekere
chikkonahalli,turuvekere
kachihalli,turuvekere
honakere,turuvekere
mugalur,turuvekere
byalahalli,turuvekere
neralakatte,turuvekere
malladevanahalli,turuvekere
vadavanaghatta,turuvekere
angadigere,turuvekere
haralahalli,turuvekere
chikkapura,turuvekere
muthugadahalli,turuvekere
anadagu,turuvekere
kerevalagerehalli,turuvekere
kodinagasandra,turuvekere
mayasandra,turuvekere
soravanahalli,turuvekere
k.dodderi,turuvekere
chikkamalligere,turuvekere
doddamalligerei,turuvekere
kodihalli,turuvekere
doddamargonahalli,turuvekere
ajjanahalli,turuvekere
sondemargonahalli,turuvekere
nagegowdana byala,turuvekere
kadalagidada kaval,turuvekere
haralakere,turuvekere
ittigehalli,turuvekere
yaradahalli,turuvekere
gainathapura,turuvekere
narigehalli,turuvekere
lenkanahalli,turuvekere
g.dodderi,turuvekere
thuyalahalli amanikere,turuvekere
mallur,turuvekere
settigondanahalli,turuvekere
manichendur,turuvekere
hitalakoppa,turuvekere
kanakur,turuvekere
dasihalli,turuvekere
jadiya,turuvekere
chikkasettikere,turuvekere
doddasettikere,turuvekere
kallunagathihalli,turuvekere
dananayakanapura kaval,turuvekere
doddabeeranakere,turuvekere
chikkabeeranakere,turuvekere
ramasagara,turuvekere
bytharahosahalli,turuvekere
varahasandra,turuvekere
ambaladevanahalli,turuvekere
kommaradevanahalli,turuvekere
dummanahalli,turuvekere
thuyalahalli,turuvekere
mallenahalli,turuvekere
kamanahalli,turuvekere
vittalapura,turuvekere
hanchihall,turuvekere
muthsandra,turuvekere
tharamanakote,turuvekere
adityapatna (ct),turuvekere
chottanahalli,kunigal
vogaragere,kunigal
jiddigere,kunigal
heddigere,kunigal
shettibeedu,kunigal
kotekere,kunigal
thuruganoor,kunigal
hurulagere,kunigal
mavinahalli,kunigal
alalapura,kunigal
devarakannasandra,kunigal
k. hampapura,kunigal
yellapura,kunigal
kanchagalapura,kunigal
madhure kaval,kunigal
m. huruliborasandra,kunigal
kodipalya,kunigal
shingatihalli,kunigal
chikkamadure,kunigal
doddamadure,kunigal
hulivana,kunigal
hulipura,kunigal
nagasandra,kunigal
kantanahalli mavinahalli,kunigal
kantanahalli,kunigal
byadarahalli,kunigal
thuvekere,kunigal
hadonahalli,kunigal
kannaguni,kunigal
nademavinapura,kunigal
siddapura,kunigal
byaladakere,kunigal
manavalli,kunigal
mallanaikanahalli,kunigal
sheshapura,kunigal
gottikere,kunigal
thattekere,kunigal
jaladagere,kunigal
koppa,kunigal
vaddarakatte kaval,kunigal
avaragere,kunigal
kaggere,kunigal
dasanapura,kunigal
chottanahallianc hantha,kunigal
kattigehalli,kunigal
basavanamathikere,kunigal
nademavinapurada amruth mahal kaval,kunigal
singonahalli,kunigal
thippur,kunigal
chakenahalli,kunigal
beeragonahalli,kunigal
hosahalli,kunigal
y. hampapura,kunigal
ragihalli,kunigal
yediyur,kunigal
sompurada kaval,kunigal
chikkanahalli,kunigal
mangala,kunigal
mantya,kunigal
singonahalli agrahara,kunigal
nademavinapurada ane hantha,kunigal
gowdagere,kunigal
huruliborasandra,kunigal
vanigere kaval,kunigal
kamanahalli,kunigal
doddamalalavadi,kunigal
halugonahalli,kunigal
chikkamalalavadi,kunigal
chikkamalalavadi chathurbaga,kunigal
taredakuppe,kunigal
sulekuppe kaval,kunigal
sulekuppe,kunigal
naganahalli,kunigal
shettikere chathurbaga,kunigal
shettikere,kunigal
kurudihalli,kunigal
voddarakuppe,kunigal
baktharahalli,kunigal
vanigere,kunigal
rayagonahalli,kunigal
madihalli,kunigal
gunnagare,kunigal
madike kannasandra,kunigal
bommadigere,kunigal
rangaswamy bettada kaval,kunigal
menasinahalli,kunigal
madikehalli,kunigal
nagalapura,kunigal
janagere,kunigal
kodihalli,kunigal
kothagere amanikere,kunigal
kothagere,kunigal
honnenahalli,kunigal
kurudihalli chathurbaga,kunigal
bagenahalli,kunigal
sobaganahalli,kunigal
nilathahalli kaval,kunigal
kempasagara,kunigal
nilathahalli ane,kunigal
nilathahalli,kunigal
mavinakatte,kunigal
somedevarapalya,kunigal
gottikere hantha,kunigal
kallanaikanahalli,kunigal
a. hosahalli,kunigal
alkere,kunigal
kogatta,kunigal
bommenahalli,kunigal
bukkasagara,kunigal
yeliyur,kunigal
kundur,kunigal
rajagere,kunigal
sondalagere,kunigal
huthri,kunigal
thattasandra,kunigal
devasthanada dasanapura,kunigal
kathrigatta,kunigal
hosur,kunigal
huluvagilu,kunigal
taremaradapalya,kunigal
beemanapura,kunigal
kempanahalli,kunigal
nittur,kunigal
gantaganahalli,kunigal
gujjenahalli,kunigal
hosakere,kunigal
kadaramanahalli,kunigal
thippanaikanahalli,kunigal
seenappanahalli,kunigal
kadasinganahalli,kunigal
muganapura,kunigal
yelachavadi gullahallipura,kunigal
huthridurga,kunigal
lingadevarana palya,kunigal
hodagatta,kunigal
yelagalavadi,kunigal
giddadasanapura,kunigal
hunusekuppe,kunigal
ippadi,kunigal
kenkere,kunigal
boralinganapalya,kunigal
muthugadahalli,kunigal
ramabanada hantha,kunigal
gangadahalli,kunigal
kunigal bagayath,kunigal
kunigal (rural),kunigal
mallagatta,kunigal
bidanagere,kunigal
kutharahalli,kunigal
byranaikanahalli,kunigal
channapura,kunigal
begur,kunigal
shettigehalli,kunigal
kothipura,kunigal
begur amanikere,kunigal
herur kanchagalapura,kunigal
jodi krishnaraja sagara,kunigal
lakshmidevi hantha,kunigal
belidevalaya,kunigal
urukehalli,kunigal
theppasandra,kunigal
lalapura,kunigal
sarakari krishnaraja,kunigal
herur,kunigal
arakere amanikere,kunigal
arakere,kunigal
gavimata,kunigal
hanumapura,kunigal
kadamathikere,kunigal
kithanamangala amanikere,kunigal
kithanamangala chaturbhaga,kunigal
hithalahalli,kunigal
kithanamangala,kunigal
t. hosahalli,kunigal
yachagatta,kunigal
borasandra,kunigal
tharikere,kunigal
handalakuppe,kunigal
hangrahalli,kunigal
santhemavathur,kunigal
arepalya,kunigal
kadarapura,kunigal
heggadathihalli,kunigal
modur,kunigal
budanahalli,kunigal
pavasandra,kunigal
kurubarashettihalli,kunigal
kithagatta,kunigal
kachanahalli,kunigal
taggikuppe,kunigal
kodavathi,kunigal
markonahalli,kunigal
sunnadapura,kunigal
tubinakere,kunigal
devarayanapalya,kunigal
sankenapura,kunigal
narayanapura,kunigal
holalagunda,kunigal
hosapura,kunigal
mallapura,kunigal
sondekoppe,kunigal
kodagihalli,kunigal
chinnahalli,kunigal
kadashettyhalli,kunigal
besinele,kunigal
kaggalapura,kunigal
thorehalli,kunigal
kerengor,kunigal
shanuboganahalli,kunigal
yachanahalli,kunigal
amruthur,kunigal
puttanapalya,kunigal
raghavana hosur,kunigal
korati,kunigal
handalagere,kunigal
beligere,kunigal
kachonahalli,kunigal
bettahalli,kunigal
chikkajjanahalli,kunigal
padavagere,kunigal
jinnagara,kunigal
shettipura,kunigal
halagere,kunigal
honnamachanahalli,kunigal
voddarahalli,kunigal
kuppe,kunigal
sanaba,kunigal
doddakallahalli,kunigal
valagerepura,kunigal
benavara,kunigal
sanabagatta,kunigal
byadagere,kunigal
kagganahalli,kunigal
keelara,kunigal
hanchipura,kunigal
chandanahalli,kunigal
arjunahalli,kunigal
yadavanne,kunigal
ungra,kunigal
pallerayanahalli,kunigal
lakshmipura,kunigal
kichavadi,kunigal
madagonahalli,kunigal
doddamavathur,kunigal
chikkamavathur,kunigal
bolenahalli,kunigal
madappanahalli,kunigal
nagathihalli,kunigal
yedehalli,kunigal
neelasandra,kunigal
herohalli,kunigal
ankanahalli,kunigal
chikkonahalli,kunigal
chowdanakuppe,kunigal
voddarakempapura,kunigal
guddethippasandra,kunigal
k.g. muthenahalli,kunigal
hasige hobli,kunigal
halevoor,kunigal
kebballi,kunigal
sonnaikanahalli,kunigal
sugganahalli,kunigal
pura,kunigal
bandihalli,kunigal
lakkashettypura,kunigal
kampalapura,kunigal
shringarasagra,kunigal
huliyurdurga,kunigal
k.g.devapattana,kunigal
benachakallu,kunigal
hangarahalli,kunigal
hulikatte,kunigal
kenchanahalli,kunigal
gangapura,kunigal
thavarekere,kunigal
kachihalli,kunigal
yelekadakalu,kunigal
devasandra,kunigal
ujjani,kunigal
hithalapura,kunigal
p. honnamachanahalli,kunigal
hunuganahalli,kunigal
nidasale,kunigal
shivanahalli,kunigal
chalamasandra,kunigal
gopalapura,bangalore north
kukkanahalli,bangalore north
shamabhattara palya,bangalore north
totagere,bangalore north
bommasettihalli,bangalore north
syadamipalya,bangalore north
bethanagere,bangalore north
rampalya,bangalore north
huskur,bangalore north
agrahara palya,bangalore north
hosahalli palya,bangalore north
govindapura,bangalore north
honnasandra,bangalore north
huchana palya,bangalore north
pillahalli,bangalore north
nagarur,bangalore north
kodipalya,bangalore north
seshagiri rao palya,bangalore north
mariyanapalya,bangalore north
mathahalli,bangalore north
narasipura,bangalore north
torenagasandra,bangalore north
muniyanapalya,bangalore north
vaderahalli,bangalore north
alur,bangalore north
kuduragere,bangalore north
thammenahalli,bangalore north
hanumantha sagara,bangalore north
heggadadevanapura,bangalore north
makali,bangalore north
adakamaranahalli,bangalore north
dasanapura,bangalore north
gejjagadahalli,bangalore north
hullegowdanahalli,bangalore north
byregowdanahalli,bangalore north
venkatapura,bangalore north
lakkenahalli,bangalore north
kenganahalli,bangalore north
shivanapura,bangalore north
gowdahalli,bangalore north
harokyathanahalli,bangalore north
narayanappana palya,bangalore north
madavara,bangalore north
siddanahosahalli,bangalore north
dombarahalli,bangalore north
gavipalya,bangalore north
kadaranahalli,bangalore north
avverahalli,bangalore north
hunnigere,bangalore north
sondekoppa,bangalore north
nagasandra,bangalore north
mallasandra,bangalore north
gollarapalya,bangalore north
ravuthanahalli,bangalore north
kammasandra,bangalore north
lakshmipura,bangalore north
k.g.srikantapura,bangalore north
gangondanahalli,bangalore north
k.g. lakkenahalli,bangalore north
vaddarahalli,bangalore north
bettahalli,bangalore north
kittana halli,bangalore north
gattisiddanahalli,bangalore north
giddenahalli,bangalore north
kadabagere,bangalore north
byandahalli,bangalore north
bylakonenahalli,bangalore north
machohalli,bangalore north
kachohalli,bangalore north
ganigarahalli,bangalore north
somashetti halli,bangalore north
thirumalapura,bangalore north
kodigehalli(part),bangalore north
seegehalli,bangalore north
kannahalli,bangalore north
manganahalli,bangalore north
sonnenahalli,bangalore north
challahalli,bangalore north
haniyur,bangalore north
kakkehalli,bangalore north
nellukunte,bangalore north
kadathanamale,bangalore north
marasandra amanikere,bangalore north
suradenpura,bangalore north
adde vishwanathapura,bangalore north
arakere,bangalore north
byrapura,bangalore north
channasandra,bangalore north
kamakshipura,bangalore north
seeresandra,bangalore north
byatha,bangalore north
kakolu,bangalore north
budumanahalli,bangalore north
shanubhoganahalli,bangalore north
chokkanahalli,bangalore north
sreeramanahalli,bangalore north
sadenahalli,bangalore north
adiganahalli,bangalore north
rajanukunte,bangalore north
ittagallpura,bangalore north
dibburu,bangalore north
koluvarayanahalli,bangalore north
seethakempanahalli,bangalore north
hesaraghatta grass farm,bangalore north
dasenahalli,bangalore north
kalenahalli,bangalore north
mathkur,bangalore north
linganahalli,bangalore north
muthagada halli,bangalore north
madappanahalli,bangalore north
krishnarajapura,bangalore north
mylappanahalli,bangalore north
lingarajapura,bangalore north
shivakote,bangalore north
ivar kandapura,bangalore north
hesaraghatta,bangalore north
guddadahalli,bangalore north
bilijaji,bangalore north
kodagi thirumalapura,bangalore north
thammarasanahalli,bangalore north
madhugirihalli,bangalore north
mavallipura,bangalore north
bylakere,bangalore north
kondashetti halli,bangalore north
lingarajasagara,bangalore north
kasagattapura,bangalore north
hurali chikkanahalli,bangalore north
tharabana halli,bangalore north
sasiveghatta,bangalore north
soladevanahalli,bangalore north
kumbarahalli,bangalore north
kempapura,bangalore north
kalathammanahalli,bangalore north
guniagrahara,bangalore north
tarahunase,bangalore north
gadenahalli,bangalore north
tharabanahalli,bangalore north
navarathna agrahara,bangalore north
meenakunte,bangalore north
channahalli,bangalore north
byanahalli,bangalore north
papanahalli,bangalore north
thimmasandra,bangalore north
bettahalasur,bangalore north
chikkajala,bangalore north
maranayakana halli,bangalore north
doddajala,bangalore north
settigere,bangalore north
muthugada halli,bangalore north
begur,bangalore north
mylanahalli,bangalore north
chikkanahalli,bangalore north
boilahalli,bangalore north
doddajala amanikere,bangalore north
meesaganahalli,bangalore north
huttanahalli,bangalore north
hosahalli,bangalore north
bilmaranahalli,bangalore north
sonnappanahalli,bangalore north
sathnur,bangalore north
byappanahalli,bangalore north
chagalahatti,bangalore north
bagalur,bangalore north
huvinayakanahalli,bangalore north
bandi kodige halli,bangalore north
bandikodegehalli amanikere,bangalore north
bandi kodigehalli palya,bangalore north
hunachur,bangalore north
dummanur,bangalore north
singahalli,bangalore north
gollahalli,bangalore north
arebinnamangala,bangalore north
mahadevakodigehalli,bangalore north
manchappanahosahalli,bangalore north
maralakunte,bangalore north
dasanayakanahalli,bangalore north
marenahalli,bangalore north
marasandra,bangalore north
challamakunte,bangalore north
honnenahalli,bangalore north
singanayakanahalli amanikere,bangalore north
nagadasanahalli,bangalore north
lakshmisagara,bangalore north
muddanahalli,bangalore north
singanayakanahalli,bangalore north
krishnasagara,bangalore north
avalahalli,bangalore north
gantiganahalli,bangalore north
ramagondanahalli,bangalore north
jarakbandekaval,bangalore north
shamarajpura,bangalore north
medi  agrahara,bangalore north
veerasagara,bangalore north
kempanahalli,bangalore north
kadigenahalli (ct),bangalore north
hunasamaranahalli (ct),bangalore north
chikkabanavara (ct),bangalore north
madanaiyakanahalli (ct),bangalore north
chikkabidarakallu (ct),bangalore north
suggatta  (og),bangalore north
vaderapura (og),bangalore north
guddahalli (og),bangalore north
totadaguddadahalli (og),bangalore north
srikantapura anchepalya (og),bangalore north
kodigehalli (og) (part),bangalore north
tavakadahalli,bangalore south
naganahalli,bangalore south
jogerahalli,bangalore south
gangenahalli,bangalore south
varthur narasimhapura,bangalore south
varthur,bangalore south
honniganahatti,bangalore south
channenahalli,bangalore south
kurubarahalli,bangalore south
bychaguppe,bangalore south
devamachahalli narayanapura,bangalore south
devamachohalli,bangalore south
marenahalli,bangalore south
gangappanahalli,bangalore south
thippagondanahalli,bangalore south
kempagondanahalli,bangalore south
madapatna,bangalore south
cholanaikanahalli,bangalore south
ganukal,bangalore south
peddanapalya,bangalore south
tavarekere,bangalore south
yalachaguppe ramapura,bangalore south
yelachaguppe,bangalore south
puradapalya,bangalore south
doddamaranahalli,bangalore south
ajjanahalli,bangalore south
huluvenahalli,bangalore south
sulivara,bangalore south
sulivara ramapura,bangalore south
chikkanahalli,bangalore south
vadahalli,bangalore south
kurubarapalya,bangalore south
donnenahalli,bangalore south
byalalu,bangalore south
chunchanakuppe,bangalore south
ganapathihalli,bangalore south
karigiripura,bangalore south
muddaiahnapalya,bangalore south
punagumaranahalli,bangalore south
kethohalli,bangalore south
kethohalli narasimhapura,bangalore south
kethohalli ramapura,bangalore south
kolur gururayanapura,bangalore south
dodderi,bangalore south
kolur nanjundapura,bangalore south
kolur,bangalore south
seshagiripura,bangalore south
chikkellur,bangalore south
chikkellur venkatapura,bangalore south
chikkellur ramapura,bangalore south
m.krishnasagara,bangalore south
kenchanapura,bangalore south
kommaghatta,bangalore south
sulikere,bangalore south
maragondanahalli,bangalore south
bheemanakuppe- ramasagara,bangalore south
maligondanahalli,bangalore south
ramohalli,bangalore south
bheemanakuppe,bangalore south
kommaghatta - krishnasagara,bangalore south
chalaghatta,bangalore south
kaniminike,bangalore south
thagachaguppe,bangalore south
kambipura,bangalore south
venkatapura,bangalore south
doddabele,bangalore south
kengeri gollahalli,bangalore south
gudimavu,bangalore south
kumbalagodu gollahalli,bangalore south
krishnarajapura,bangalore south
hampapura,bangalore south
thippur,bangalore south
gonipura,bangalore south
vasanthanahalli,bangalore south
gangasandra,bangalore south
devagere,bangalore south
rachanamadu,bangalore south
badamanavarthekaval,bangalore south
chinnakurchi,bangalore south
seegehalli,bangalore south
agara,bangalore south
mallasandra,bangalore south
o.b.chudahalli,bangalore south
kaggalipura,bangalore south
uttari,bangalore south
naganayakanahalli,bangalore south
nelaguli,bangalore south
k.  chudahalli,bangalore south
tharalu,bangalore south
gulakamale,bangalore south
alakabelalu,bangalore south
somanahalli,bangalore south
nettigere,bangalore south
ravugodlu,bangalore south
sunkadakatte,bangalore south
thattaguppe,bangalore south
vaddarapalya,bangalore south
doddanagamangala,bangalore south
vittasandra,bangalore south
mylasandra,bangalore south
hommadevanahalli,bangalore south
bettadasanapura,bangalore south
uttarahalli -manavarthekaval,bangalore south
kumbalagodu (ct),bangalore south
konappana agrahara (ct),bangalore south
ramasandra (og),bangalore south
doddathoguru (og),bangalore south
mittaganahalli,bangalore east
kadusonnappanahalli,bangalore east
doddenahalli,bangalore east
yerappanahalli,bangalore east
chikkasandra,bangalore east
gundur,bangalore east
kada agrahara,bangalore east
bandebommasandra,bangalore east
anagalapura,bangalore east
nadagowdagollahalli,bangalore east
vaderahalli,bangalore east
rampura,bangalore east
adur,bangalore east
huvinane,bangalore east
maragondanahalli,bangalore east
halehalli,bangalore east
kithiganur,bangalore east
hirandahalli,bangalore east
bidarahalli,bangalore east
byappanahalli,bangalore east
kammasandra,bangalore east
vanajanahalli,bangalore east
kattugollahalli,bangalore east
shringaripura,bangalore east
jothipura,bangalore east
thirumenahalli,bangalore east
hancharahalli,bangalore east
raghuvanahalli,bangalore east
kodigehalli,bangalore east
mandur,bangalore east
bendiganahalli,bangalore east
lagumenahalli,bangalore east
bommenahalli,bangalore east
huskur,bangalore east
nimbekaipura,bangalore east
cheemasandra,bangalore east
avalahalli,bangalore east
veerenahalli,bangalore east
kurudusonnenahalli,bangalore east
dommasandra,bangalore east
doddabanahalli,bangalore east
bidare agrahara,bangalore east
bandapura,bangalore east
konadasapura,bangalore east
katamnallur,bangalore east
goravigere,bangalore east
khaji sonnenahalli,bangalore east
kannamangala,bangalore east
chikkabanahalli,bangalore east
seegehalli,bangalore east
halanayakanahalli,bangalore east
chikkakannalli,bangalore east
valepura,bangalore east
kachamaranahalli,bangalore east
mulluru,bangalore east
hadosiddapura,bangalore east
chikkanayakanahalli,bangalore east
kodathi,bangalore east
sulikunte,bangalore east
kannur (og),bangalore east
chikkagubbi (og),bangalore east
doddagubbi (og),bangalore east
kannaikana agrahara,anekal
bilwaradahalli,anekal
bhoothanahalli,anekal
bannerughatta kaval,anekal
byrappanahalli,anekal
bannerughatta,anekal
gollahalli,anekal
kalkere,anekal
vaderahalli,anekal
laxmipura,anekal
halesampigehalli,anekal
mantapa,anekal
jangal palya,anekal
begihalli,anekal
nallasandra,anekal
hullukasavanahalli,anekal
sakalawara,anekal
hullahalli,anekal
bujangadasanakere,anekal
ramasandra,anekal
amani bidarakere,anekal
harapanahalli,anekal
bukkasagara,anekal
kalbalu,anekal
mahanthalingapura,anekal
ragihalli,anekal
shivanahalli,anekal
kadajakkanahalli,anekal
giddenahalli,anekal
j.bingipura,anekal
vaderamanchanahalli,anekal
koppa,anekal
koppa gate,anekal
s.bingipura,anekal
hulimangala,anekal
thirupalya,anekal
yarandahalli,anekal
vabasandra,anekal
nanjapura,anekal
kyalasanahalli,anekal
bande nalla sandra,anekal
haragadde,anekal
mada patna,anekal
konasandra,anekal
bommandahalli,anekal
nosenur gollahalli,anekal
nosenur,anekal
dyavasandra,anekal
seethanaikana halli,anekal
rajapura,anekal
masthena halli,anekal
hinnakki,anekal
hennagara amanikere,anekal
hennagara,anekal
hosahalli,anekal
kachanaikanahalli,anekal
ramakrishnapura,anekal
choodasandra,anekal
rayasandra,anekal
sriramapura,anekal
gattahalli,anekal
janatha colony,anekal
chikkanagamangala,anekal
bhovi palya (shanthi pur),anekal
gulimangala,anekal
huskur,anekal
avalahalli,anekal
chokkasandra,anekal
harohalli,anekal
kaggalipura,anekal
chintalmadivala,anekal
gottamaranahalli,anekal
singena agrahara,anekal
narayanaghatta,anekal
muthanallur,anekal
ali bommasandra,anekal
muthanallur amanikere,anekal
samanahalli,anekal
chikkathimmasandra,anekal
gopasandra,anekal
kommasandra,anekal
thigala chowdadenahalli,anekal
chikkavaderapura,anekal
heggondahalli,anekal
halasahalli thippasandra,anekal
chikkanekkundi,anekal
nekkundi dommasandra,anekal
kathriguppe,anekal
ramnaikanahalli,anekal
chambenahalli,anekal
yamare,anekal
sompura,anekal
kadagrahara,anekal
chikkadunnasandra,anekal
b.hosahalli,anekal
bikkanahalli,anekal
sollepura,anekal
handenahalli,anekal
kotiganahalli,anekal
bilchikkanahalli,anekal
s.medihalli,anekal
tyayakana halli,anekal
byalahalli,anekal
adigarakallahalli,anekal
billapura,anekal
buragunte,anekal
ittangur,anekal
volagerekallahalli,anekal
chikkadasarahalli,anekal
gonighattapura,anekal
neriga,anekal
janthagondanahalli,anekal
nagen agrahara,anekal
seeganaikanahalli,anekal
madappanahalli,anekal
deshapande guttahalli,anekal
banahalli,anekal
mugalur,anekal
kugur,anekal
kamanahalli,anekal
kuthaganahalli,anekal
doddathimmasandra,anekal
thindlu,anekal
mahal chowdadenahalli,anekal
gudighattanahalli,anekal
panditana agrahara,anekal
mattanahalli,anekal
veerasandra,anekal
kammasandra,anekal
vaddara palya,anekal
andapura,anekal
ramasagara,anekal
heelalige,anekal
chandapura,anekal
chandrapura  -chatrakane,anekal
kittaganahalli,anekal
iggalur,anekal
thirumagondanahalli,anekal
balagaranahalli,anekal
neralur,anekal
laxmi sagara,anekal
bendiganahalli,anekal
adigondanahalli,anekal
guddahatti,anekal
yadavanahalli,anekal
krishnasagara,anekal
itchangur,anekal
muthasandra,anekal
kamblipura,anekal
mayasandra,anekal
m.medihalli,anekal
halehalli,anekal
kodlipura,anekal
dasanapura,anekal
bhaktipura,anekal
arehalli,anekal
manchanahalli,anekal
jigala,anekal
arenur,anekal
bidaraguppe,anekal
chikkanahalli,anekal
indlabele,anekal
ballur,anekal
maranaikanahalli,anekal
lingapura,anekal
soppahalli,anekal
kumbaranahalli,anekal
suragajakkanahalli,anekal
sonnanayakanapura,anekal
adur,anekal
thimmasandra,anekal
indlawadi,anekal
bagganadoddi,anekal
indlawadipura,anekal
thammanaikanahalli,anekal
chikka hosahalli,anekal
agasa thimmanahalli,anekal
a medihalli,anekal
gowrenahalli,anekal
honnakalasapura,anekal
sidihosakote,anekal
kempavaderahalli,anekal
dodda hagade,anekal
kunmadivala,anekal
byagadadenahalli,anekal
marasur,anekal
naganaikanahalli,anekal
madivala,anekal
bandapura,anekal
marasur agrahara,anekal
thattanahalli,anekal
avadadenahalli,anekal
kammasandra agrahara,anekal
amani doddakere,anekal
hasaruvani,anekal
anekal (rural),anekal
chudenahalli,anekal
sunavara,anekal
patnagere gollahalli,anekal
bidarakadahalli,anekal
kalanaikanahalli,anekal
solur,anekal
menasiganahalli,anekal
vanakanahalli,anekal
singasandra,anekal
telagarahalli,anekal
hompalaghatta,anekal
gudnahalli,anekal
chikkanahatti,anekal
geratiganabele,anekal
submangala,anekal
muthagatti,anekal
kurubarahatti,anekal
haldenahalli,anekal
kaval hosahalli,anekal
chikka hagade,anekal
aravantigepura,anekal
bestammanahalli,anekal
karpur,anekal
bidaragere,anekal
rachamanahalli,anekal
channena agrahara,anekal
samandur,anekal
dommasandra (ct),anekal
hebbagodi (ct),anekal
maragondahalli (ct),anekal
bommasandra (ct),anekal
sarjapura (ct),anekal
attibele (ct),anekal
jigani (ct),anekal
gondihalli,krishnarajpet
madapuranala,krishnarajpet
madapura,krishnarajpet
halemadapura,krishnarajpet
ganadahalli,krishnarajpet
gudehosahalli,krishnarajpet
kadahemmige,krishnarajpet
bolamaranahalli,krishnarajpet
anegola,krishnarajpet
doddatharahalli,krishnarajpet
chikkatharahalli,krishnarajpet
anchebeeranahalli,krishnarajpet
mandalekanahalli,krishnarajpet
ooginahalli,krishnarajpet
echaluguddekaval,krishnarajpet
chinnenahalli,krishnarajpet
kotahalli,krishnarajpet
dananahalli,krishnarajpet
bidaranalli,krishnarajpet
margonahalli,krishnarajpet
govindanahalli,krishnarajpet
uddinamallanahosur,krishnarajpet
tholasi,krishnarajpet
ikanahalli,krishnarajpet
sasalu,krishnarajpet
yeladahalli,krishnarajpet
devarahalli,krishnarajpet
bhadranakoppalu,krishnarajpet
ankanahalli,krishnarajpet
vaddarahalli,krishnarajpet
basavanahalli,krishnarajpet
laxmipura,krishnarajpet
mariyanahosur,krishnarajpet
thenginaghatta,krishnarajpet
dabbeghatta,krishnarajpet
chujjalakyathanahalli,krishnarajpet
kalenahalli,krishnarajpet
dorenahalli,krishnarajpet
kikkeri,krishnarajpet
gangenahalli,krishnarajpet
boovanahalli,krishnarajpet
madahalli,krishnarajpet
kallanakere,krishnarajpet
sollepura,krishnarajpet
kikkeri amanikere,krishnarajpet
kodimaranahalli,krishnarajpet
chowdenahalli,krishnarajpet
ramanahalli,krishnarajpet
beechanahalli,krishnarajpet
borapura,krishnarajpet
manikanahalli,krishnarajpet
kariganahalli,krishnarajpet
lingapura,krishnarajpet
hodakahalli,krishnarajpet
chikkalale,krishnarajpet
settihalli,krishnarajpet
jakkanahalli,krishnarajpet
manganahosahalli,krishnarajpet
kundur,krishnarajpet
marenahalli,krishnarajpet
ganganahalli,krishnarajpet
achamanahalli,krishnarajpet
haleathiguppe,krishnarajpet
halasinahalli,krishnarajpet
nagaragatta,krishnarajpet
narayanapura,krishnarajpet
chottanahalli,krishnarajpet
ramanakoppalu,krishnarajpet
hadavanahalli,krishnarajpet
doddakyathnahalli,krishnarajpet
chikkakyathnahalli,krishnarajpet
santhebachahalli,krishnarajpet
hubbanahalli,krishnarajpet
amchahalli,krishnarajpet
nayasinganahalli,krishnarajpet
aghalaya,krishnarajpet
doddasomanahalli,krishnarajpet
chikkasomanahalli,krishnarajpet
aghalaya kaval,krishnarajpet
hosahalli,krishnarajpet
lokanahalli,krishnarajpet
kodagahalli,krishnarajpet
appanahalli,krishnarajpet
malagur,krishnarajpet
singapura,krishnarajpet
mavinakatte koppalu,krishnarajpet
halagehosahalli,krishnarajpet
adihalli,krishnarajpet
doddaharanahalli,krishnarajpet
bharathipura,krishnarajpet
annechakanahalli,krishnarajpet
koratikere,krishnarajpet
mallenahalli,krishnarajpet
goravi,krishnarajpet
billenahalli,krishnarajpet
harapanahalli,krishnarajpet
bikkasandra,krishnarajpet
nayakanahalli,krishnarajpet
bettadapura,krishnarajpet
somenahalli,krishnarajpet
ranganathapura,krishnarajpet
dasagolapura,krishnarajpet
hethagonahalli,krishnarajpet
shyarahalli,krishnarajpet
machahalli,krishnarajpet
sarangi,krishnarajpet
ballekere,krishnarajpet
kaigonahalli,krishnarajpet
jaginakere,krishnarajpet
jothanapura,krishnarajpet
chikkaharanahalli,krishnarajpet
kotagahalli,krishnarajpet
dugganahalli,krishnarajpet
boppanahalli,krishnarajpet
molenahalli  (b),krishnarajpet
kyathanahalli,krishnarajpet
thammadahalli (b),krishnarajpet
ankanathapura,krishnarajpet
chamalapura,krishnarajpet
madigara hosahalli,krishnarajpet
vasanthapura,krishnarajpet
mylanahalli,krishnarajpet
rayasamudra,krishnarajpet
kodihalli,krishnarajpet
sindaghatta,krishnarajpet
maruvanahalli,krishnarajpet
chikkanayakanahalli,krishnarajpet
hathimaranahalli,krishnarajpet
uygonahalli,krishnarajpet
haralahalli,krishnarajpet
hemmadahalli,krishnarajpet
karathanahalli,krishnarajpet
byrapura,krishnarajpet
shivapura,krishnarajpet
byaladakere,krishnarajpet
chattenahalli,krishnarajpet
hiralahalli,krishnarajpet
oochanahalli,krishnarajpet
honnenahalli,krishnarajpet
murukanahalli,krishnarajpet
naduboganahalli,krishnarajpet
hakkimanchnahalli,krishnarajpet
bommanaykanahalli,krishnarajpet
chowda ghatta,krishnarajpet
sheerbillenahally,krishnarajpet
navilumaranahalli,krishnarajpet
guduganahalli,krishnarajpet
seelanere,krishnarajpet
maradahalli,krishnarajpet
hadanur,krishnarajpet
paduvabagalu manchana halli,krishnarajpet
rajaghatta,krishnarajpet
k.g.kodihalli,krishnarajpet
chattamgere,krishnarajpet
malkonahalli,krishnarajpet
thendekere,krishnarajpet
anchanahalli,krishnarajpet
thagadur,krishnarajpet
anchemuddanahalli,krishnarajpet
hunusanahalli,krishnarajpet
cheekanahalli,krishnarajpet
bommalapura,krishnarajpet
voddarahalli,krishnarajpet
kuppahalli,krishnarajpet
heggadahalli,krishnarajpet
makavalli,krishnarajpet
hirikalale,krishnarajpet
kadumenasa,krishnarajpet
nagarur,krishnarajpet
valageremenasa,krishnarajpet
chilladahalli,krishnarajpet
harinahalli,krishnarajpet
theganahalli,krishnarajpet
komanahalli,krishnarajpet
pura,krishnarajpet
chikkonahalli,krishnarajpet
kundanahalli,krishnarajpet
biliganahalli,krishnarajpet
bandihole,krishnarajpet
gattiganahalli,krishnarajpet
bellibettadakaval,krishnarajpet
sadugonahalli,krishnarajpet
krishnarajpet (rural),krishnarajpet
chikkahosahalli,krishnarajpet
agrahara bachahalli,krishnarajpet
bommanayakanahalli,krishnarajpet
kallahalli,krishnarajpet
areboppanahalli,krishnarajpet
guddenahalli,krishnarajpet
anuvinakatte,krishnarajpet
bandaboyanahalli,krishnarajpet
hemmanahalli,krishnarajpet
naganahalli,krishnarajpet
hosaholalu,krishnarajpet
billaramanahalli,krishnarajpet
kathrighatta,krishnarajpet
kurnenahalli,krishnarajpet
thernenahalli,krishnarajpet
hariharapura,krishnarajpet
dammalapura,krishnarajpet
bommenahalli,krishnarajpet
kommenahalli,krishnarajpet
yadahalli,krishnarajpet
maniganahalli,krishnarajpet
mathighatta,krishnarajpet
nargonahalli,krishnarajpet
kamanahalli,krishnarajpet
uddinaborekaval,krishnarajpet
chikkamandagere,krishnarajpet
shravanahalli,krishnarajpet
bevinahalli,krishnarajpet
mandagere,krishnarajpet
gaddehosur,krishnarajpet
mandagerenala,krishnarajpet
moodanahalli,krishnarajpet
alenahalli,krishnarajpet
chowdasamudra,krishnarajpet
hangaramuddanahalli,krishnarajpet
beekanahalli,krishnarajpet
arenahalli,krishnarajpet
manchibeedu,krishnarajpet
nandipura,krishnarajpet
ballenahalli,krishnarajpet
natanahalli,krishnarajpet
chandagonahalli,krishnarajpet
karthalu,krishnarajpet
beeravalli,krishnarajpet
saxibeedu,krishnarajpet
gubbahalli,krishnarajpet
hosagadde,krishnarajpet
v.hosur,krishnarajpet
dudukanahalli,krishnarajpet
voddaragudi,krishnarajpet
dadadahalli,krishnarajpet
akkihebbal,krishnarajpet
machaholalu,krishnarajpet
singanahalli,krishnarajpet
mudlapura,krishnarajpet
jainahalli,krishnarajpet
alambadi,krishnarajpet
ipanahalli,krishnarajpet
alambadi kaval,krishnarajpet
somanathapura,krishnarajpet
mambahalli,krishnarajpet
somanahalli,krishnarajpet
pura (s),krishnarajpet
kattekyathanahalli,krishnarajpet
belathur,krishnarajpet
sangapura,krishnarajpet
ambigarahalli,krishnarajpet
mellahalli,krishnarajpet
doddayachenahalli,krishnarajpet
maduvinakodi,krishnarajpet
maddikyachenahalli,krishnarajpet
haliyur,krishnarajpet
hosur (m),krishnarajpet
agasarahalli,krishnarajpet
bannanakere,krishnarajpet
modur,krishnarajpet
buvanahalli,krishnarajpet
vittalapura,krishnarajpet
kudalakuppe,krishnarajpet
yagachaguppe,krishnarajpet
aralakuppe,krishnarajpet
kanchahalli,krishnarajpet
b.bachahalli,krishnarajpet
bettadahosur,krishnarajpet
bannenahalli,krishnarajpet
ichanahalli,krishnarajpet
bukanakere,krishnarajpet
chikkadiganahalli,krishnarajpet
sankanahalli,krishnarajpet
varahanathakallahalli,krishnarajpet
bookahalli,krishnarajpet
ganjigere,krishnarajpet
mudigere,krishnarajpet
mathikere,krishnarajpet
athuppe,krishnarajpet
chokanahalli,krishnarajpet
doddagadiganahalli,krishnarajpet
machagonahalli,krishnarajpet
ballenahallikaval,krishnarajpet
rajenahalli,krishnarajpet
poovanahalli,krishnarajpet
mavinakere,krishnarajpet
kabbalagerepura,krishnarajpet
b. hosakote,krishnarajpet
gopalapura,krishnarajpet
hosur,krishnarajpet
heraganahalli,krishnarajpet
salugadde-bidarakatte kaval,krishnarajpet
shikaranahalli,nagamangala
devaramavinakere,nagamangala
tondahalli,nagamangala
maniyur,nagamangala
honnenahalli,nagamangala
siddapura,nagamangala
m.kodihalli,nagamangala
manchenahalli,nagamangala
chandanahalli,nagamangala
bannadahalli,nagamangala
kanchanahalli,nagamangala
arni,nagamangala
kokkaranahosahalli,nagamangala
chabbanahalli,nagamangala
ankanahalli,nagamangala
mylanahalli,nagamangala
hullenahalli,nagamangala
chakenahalli,nagamangala
sanaba,nagamangala
dyamasandra,nagamangala
adakatahalli,nagamangala
thigalanahalli,nagamangala
srirangapura,nagamangala
nagalapura,nagamangala
ambaljeeranahalli,nagamangala
mudagere,nagamangala
chunchanahalli,nagamangala
yalachikere,nagamangala
byaladakere,nagamangala
g.nagatihalli,nagamangala
ganasandra,nagamangala
bananahalli,nagamangala
laxmipura,nagamangala
belluru,nagamangala
mantanahalli,nagamangala
devihalli,nagamangala
agachahalli,nagamangala
kannagatta,nagamangala
chamalapura,nagamangala
maradevanahalli,nagamangala
govindagatta,nagamangala
doddagatta,nagamangala
suranahalli,nagamangala
bommanahalli,nagamangala
javaranahalli,nagamangala
vaddarahalli,nagamangala
thavarekere,nagamangala
karijeeranahalli,nagamangala
koppa,nagamangala
byrasandra,nagamangala
bettadakote,nagamangala
byadarahosahalli,nagamangala
bilagunda,nagamangala
hatna,nagamangala
gondihalli,nagamangala
kalinganahalli,nagamangala
channapura,nagamangala
beechanahalli,nagamangala
irubanahalli,nagamangala
kanchinakote,nagamangala
karabylu,nagamangala
nelligere,nagamangala
toremavinakere,nagamangala
hampapura,nagamangala
halalu,nagamangala
gowdarahalli,nagamangala
thirumalapura,nagamangala
vaderahalli,nagamangala
kadumanchenahalli,nagamangala
hosahalli,nagamangala
doddajataka,nagamangala
volagerepura,nagamangala
chikkajataka,nagamangala
krishnapura,nagamangala
kuppe,nagamangala
dumma sandra,nagamangala
kavalugundi,nagamangala
doddaguni,nagamangala
katriguppe,nagamangala
shivanahalli,nagamangala
bitagonahalli,nagamangala
mugutigundi,nagamangala
honnadevihalli,nagamangala
kadabahalli,nagamangala
cholenahalli,nagamangala
heraganahalli,nagamangala
jogipura,nagamangala
alisandra,nagamangala
varahasandra,nagamangala
dadaga,nagamangala
a.nagathihalli,nagamangala
avverahalli,nagamangala
chikkonahallipura,nagamangala
hadenahalli,nagamangala
metimellahalli,nagamangala
thittanahosahalli,nagamangala
kamadihalli,nagamangala
d.kodihalli,nagamangala
halladahosahalli,nagamangala
doddenahalli,nagamangala
bettadahalli,nagamangala
gondenahalli,nagamangala
kuchahallikaval,nagamangala
kuchahalli,nagamangala
haralahalli,nagamangala
anechannapura,nagamangala
lalankere,nagamangala
chattenahalli,nagamangala
ballavalli,nagamangala
bidarakere,nagamangala
turubanahalli,nagamangala
byadarahalli,nagamangala
garudanahalli,nagamangala
bindiganavile,nagamangala
narugondanahalli,nagamangala
gulkaihosahalli,nagamangala
kurdikere,nagamangala
mallenahalli,nagamangala
pura,nagamangala
byadagere,nagamangala
kenchagonahalli,nagamangala
gangarahalli,nagamangala
doddabala,nagamangala
hosur,nagamangala
ramachandra agrahara,nagamangala
addihalli,nagamangala
kambadahalli,nagamangala
b.mallenahalli,nagamangala
buvanahalli,nagamangala
gunjenahalli,nagamangala
h.kyatanahalli,nagamangala
honnavara,nagamangala
madihalli,nagamangala
jennenahalli,nagamangala
kodihalli,nagamangala
honnavaradavolagere kaval,nagamangala
hosakote,nagamangala
k.mallenahalli,nagamangala
machanaikanahalli,nagamangala
irakanagatta,nagamangala
bonagere,nagamangala
masgonahalli,nagamangala
satenahalli,nagamangala
hanumanahalli,nagamangala
hasuvina forest,nagamangala
katakahalli,nagamangala
danaikanakote,nagamangala
gidavinachannapura,nagamangala
gidavinahosahalli,nagamangala
kesavinakatte,nagamangala
sannenahalli,nagamangala
mellahalli,nagamangala
kabbinakere,nagamangala
yeladahalli,nagamangala
seegahalli,nagamangala
cholasandra,nagamangala
vaderapura,nagamangala
begamangala,nagamangala
ramadevanahalli,nagamangala
karadahalli,nagamangala
kannenahalli,nagamangala
kelagere,nagamangala
kelagerekaval,nagamangala
kadagere,nagamangala
neelakantanahalli,nagamangala
naraganahalli,nagamangala
arehalli,nagamangala
honnudikehalli,nagamangala
anchebuvanahalli,nagamangala
byranahalli,nagamangala
abbagere,nagamangala
karagere,nagamangala
kodagahalli,nagamangala
yagatahalli,nagamangala
kendanahalli,nagamangala
halthi,nagamangala
veerasandra,nagamangala
kachenahalli,nagamangala
anche chittanahalli,nagamangala
hulikere,nagamangala
mallarajapura,nagamangala
huvinahalli,nagamangala
mayigonahalli,nagamangala
naragallu,nagamangala
padavalamallenahalli,nagamangala
chikkonahalli,nagamangala
padavalachittanahalli,nagamangala
p. neralakere,nagamangala
padavalapatna,nagamangala
kallukomari,nagamangala
thuppadamadu,nagamangala
tyapenahalli,nagamangala
ankushapura,nagamangala
mulkatte,nagamangala
chowdenahalli,nagamangala
tolali,nagamangala
upparahalli,nagamangala
kannanakerekaval,nagamangala
palagrahara,nagamangala
gundakallu hosur,nagamangala
kasuvinahalli,nagamangala
nagamangala (rural),nagamangala
bettadamallenahalli,nagamangala
sankanahalli,nagamangala
gaddebuvanahalli,nagamangala
hullekere,nagamangala
beereswarapura,nagamangala
mallasandrakaval,nagamangala
mallasandra,nagamangala
yadavanahalli,nagamangala
tolasikombri,nagamangala
dodda chikkana halli,nagamangala
toremallanayakanahalli,nagamangala
mallekoppalu,nagamangala
dodda jakkana halli,nagamangala
sirapura,nagamangala
dadamudike,nagamangala
mutsandrakaval,nagamangala
mylarapatna,nagamangala
s.mutsandra,nagamangala
haradanahalli,nagamangala
kagehosur (b),nagamangala
hiduva,nagamangala
doddauppla,nagamangala
devaramadahalli,nagamangala
devarahalli,nagamangala
ramenahalli,nagamangala
h.kodihalli,nagamangala
hiduvakaval,nagamangala
dandebala,nagamangala
h.bommanahalli,nagamangala
nalkundi,nagamangala
kotebetta,nagamangala
nalkundikaval,nagamangala
dondemadahalli,nagamangala
j.chikkanahalli,nagamangala
devaramallanayakana halli,nagamangala
tubinakere,nagamangala
hadamgere,nagamangala
ballekere,nagamangala
devalapura,nagamangala
muthsandra,nagamangala
kuntanakoppalu,nagamangala
h.n.kaval,nagamangala
thattahalli,nagamangala
dum jakkanahalli,nagamangala
dandiganahalli,nagamangala
bindenahalli,nagamangala
beemanahalli,nagamangala
gollarahalli,nagamangala
kasalagere,nagamangala
mallinathapura,nagamangala
thibbanahalli,nagamangala
arakere,nagamangala
settahalli,nagamangala
kudagabalu,nagamangala
kellenahalli,nagamangala
dasagalapura,nagamangala
sampanahalli,nagamangala
sunaganahalli,nagamangala
somanahalli,nagamangala
g.bommanahalli,nagamangala
mavinakere,nagamangala
maddenahatti,nagamangala
hanchipura,nagamangala
muddanahalli,nagamangala
matadabuvanahalli,nagamangala
s.channapura,nagamangala
bommanayakanahalli,nagamangala
b.shanboganahalli,nagamangala
handenahalli,nagamangala
thattekere,nagamangala
sukadore,nagamangala
maranayakanahalli,nagamangala
kalligundi,nagamangala
seegehosur,nagamangala
tiruganahalli,nagamangala
koravanagundi,nagamangala
hindasahalli,nagamangala
madahalli,nagamangala
kallenahalli,nagamangala
bogadi,nagamangala
manchipatna,nagamangala
karikyathanahalli,nagamangala
ayitanahalli,nagamangala
kalenahalli,nagamangala
kanthapura,nagamangala
gangasamudra,nagamangala
deverahosur,nagamangala
juttanahalli,nagamangala
honnabettadahosur,nagamangala
sirapatna,nagamangala
a.sriramanahalli,nagamangala
jodi neralakere,nagamangala
kalludevanahalli,nagamangala
madahallikaval,nagamangala
doddayagati,nagamangala
chikkayagati,nagamangala
lingammanahalli,nagamangala
mannahalli,nagamangala
burudugunte,nagamangala
arealpahalli,nagamangala
b. settihalli,nagamangala
konanur,nagamangala
chottakyatanahalli,nagamangala
ijjalagatta,nagamangala
kuppahalli,nagamangala
gejjehosahalli,nagamangala
uyanahalli,nagamangala
b.sriramanahalli,nagamangala
balenahalli,nagamangala
jodi alpahalli,nagamangala
kanagonahalli,nagamangala
kemmanahalli,nagamangala
ganganahalli,nagamangala
a. shanboganahalli,nagamangala
maradipura,nagamangala
bramhadevarahalli,nagamangala
chagatahalli,nagamangala
hettagonahalli,nagamangala
huraliganganahalli,nagamangala
tenginabaga,nagamangala
t.channapura,nagamangala
gangavadi,nagamangala
kavadihalli,nagamangala
mallegowdanahalli,nagamangala
samakahalli,nagamangala
guddenahalli,nagamangala
j.hosur,nagamangala
honnahalli,nagamangala
advikatte,nagamangala
chinya,nagamangala
honakere,nagamangala
honakere kavalu,nagamangala
busamudra,nagamangala
sreeraghurampura,nagamangala
gotakahalli,nagamangala
karadya,nagamangala
gudehosahalli,nagamangala
chowdagonahalli,nagamangala
machalagatta,nagamangala
g. singapura,pandavapura
gujagonahalli,pandavapura
talekere,pandavapura
pagade kallahalli,pandavapura
ramapura,pandavapura
b.kodagahalli,pandavapura
balaghatta,pandavapura
naranapura,pandavapura
madenahalli,pandavapura
melukote,pandavapura
kanagonahalli,pandavapura
garudapura,pandavapura
doddighatta,pandavapura
kadalagere,pandavapura
kadenahalli,pandavapura
heggadahalli,pandavapura
gowdagere,pandavapura
devarahalli,pandavapura
jakkanahalli,pandavapura
kajji koppal,pandavapura
arakanakere,pandavapura
sangapura,pandavapura
bolenahalli,pandavapura
narahalli,pandavapura
anunahalli,pandavapura
borapura,pandavapura
shamboonahalli,pandavapura
nyamanahalli,pandavapura
amruthi,pandavapura
m. shettihalli,pandavapura
manikyanahalli,pandavapura
bellale,pandavapura
neelanahalli,pandavapura
laxmi sagar,pandavapura
mahadeshwarapura,pandavapura
rangapura,pandavapura
seeranahalli,pandavapura
hosakote,pandavapura
menagara,pandavapura
kanchanahalli,pandavapura
halebeedu,pandavapura
beeranahalli,pandavapura
athiganahalli,pandavapura
s. kodagahalli,pandavapura
sunkathonnur,pandavapura
madrahalli,pandavapura
nallahalli,pandavapura
kalenahalli,pandavapura
anavalu,pandavapura
singapura,pandavapura
huligere,pandavapura
hosahalli,pandavapura
maramahalli,pandavapura
valagere devarahalli,pandavapura
chokanahalli,pandavapura
kuppahalli,pandavapura
chittanahalli,pandavapura
g.shettihalli,pandavapura
yeregowdanahalli,pandavapura
kodala,pandavapura
kamanayakanahalli,pandavapura
narayanapura,pandavapura
nallenahalli,pandavapura
kadaba,pandavapura
sanaba,pandavapura
thirumalapura,pandavapura
dodda bhoganahalli,pandavapura
illenahalli,pandavapura
molenahalli,pandavapura
kurubaramanchanahalli,pandavapura
kanaganahalli,pandavapura
morasanahalli,pandavapura
lingapura,pandavapura
chikkaboganahalli,pandavapura
kurubaramallenahalli,pandavapura
chinakurali,pandavapura
gummanahalli,pandavapura
valalekatte koppal,pandavapura
dinka,pandavapura
dinka settihalli,pandavapura
settihallikaval,pandavapura
dinkadakaval,pandavapura
molesandra,pandavapura
moodanahalli,pandavapura
honaganahalli,pandavapura
kanivekoppalu,pandavapura
madarahalli,pandavapura
bebibettadakaval,pandavapura
beby,pandavapura
jagate mallenahalli,pandavapura
alpahalli,pandavapura
bannangadi,pandavapura
bindahalli,pandavapura
bindahallikaval,pandavapura
malligerekaval,pandavapura
sundahalli,pandavapura
kaggalipura,pandavapura
malligere,pandavapura
anthanahalli,pandavapura
giriyarahalli,pandavapura
kannambadi,pandavapura
basthihalli,pandavapura
haganahalli,pandavapura
katteri,pandavapura
chikkayarahalli,pandavapura
duddaghatta,pandavapura
katterinala,pandavapura
seethapura,pandavapura
aralakuppe,pandavapura
haravu,pandavapura
hosa koppal,pandavapura
aralakuppenala,pandavapura
chaluvarasanakoppal,pandavapura
yenne hole koppal,pandavapura
hulkere,pandavapura
kenchanahalli,pandavapura
desavahalli,pandavapura
pattanagere,pandavapura
thonnur,pandavapura
devarayanapatna,pandavapura
ingalaguppe,pandavapura
thirumalasagara chatra,pandavapura
baleathiguppe,pandavapura
bittanayakanahalli,pandavapura
koranahalli,pandavapura
ganadahosur,pandavapura
nuggahalli,pandavapura
kurahatti,pandavapura
vadesamudra,pandavapura
agatahalli,pandavapura
dodda byadarahalli,pandavapura
talasasana,pandavapura
chikkabyadarahalli,pandavapura
kanagana maradi,pandavapura
madake patna,pandavapura
chikkamaralli,pandavapura
hiremarali,pandavapura
mattakere,pandavapura
chikkade,pandavapura
pattasomanahalli,pandavapura
thyavadahalli,pandavapura
mugur koppal,pandavapura
kachenahalli,pandavapura
haralahalli,pandavapura
pandavapura (hirode) rural,pandavapura
beerasettihalli,pandavapura
bevinakuppe,pandavapura
banaghatta,pandavapura
kodihalli hosur,pandavapura
sankanahalli,pandavapura
rangana koppal,pandavapura
chandre,pandavapura
bijjanahalli,pandavapura
purusanakoppalu,pandavapura
vaddarahalli,pandavapura
hullikere koppalu,pandavapura
chagasettihalli,pandavapura
shyadanahalli,pandavapura
mandibettahalli,pandavapura
kurubarabettahalli,pandavapura
harohalli *,pandavapura
damadahalli,pandavapura
kennalu,pandavapura
manchanahalli,pandavapura
yelekere,pandavapura
ukkada,pandavapura
kyathanahalli,pandavapura
puttayyanakoppalu,pandavapura
kadathanalu,shrirangapattana
makanakoppalu,shrirangapattana
achappana koppalu,shrirangapattana
doddegowdanakoppalu,shrirangapattana
agrahara,shrirangapattana
rampura,shrirangapattana
kirangur,shrirangapattana
darasaguppe,shrirangapattana
nelamane,shrirangapattana
chindagirikoppalu,shrirangapattana
chinnenahalli,shrirangapattana
siddapura,shrirangapattana
ganangooru,shrirangapattana
gowdahalli,shrirangapattana
t.m.hosur,shrirangapattana
kalenahalli,shrirangapattana
neelana koppalu,shrirangapattana
nagaraghatta kaval,shrirangapattana
nagaraghatta,shrirangapattana
m.shettihalli,shrirangapattana
sabbanakuppe,shrirangapattana
ballenahalli,shrirangapattana
kudalakuppe,shrirangapattana
k.shettihalli,shrirangapattana
kallikoppalu,shrirangapattana
chinnayakanahalli,shrirangapattana
maralagala,shrirangapattana
allapatna,shrirangapattana
mundagadore,shrirangapattana
hangarahalli,shrirangapattana
vadiyandahalli,shrirangapattana
g0bbaragala,shrirangapattana
hunjanakere,shrirangapattana
channanakere,shrirangapattana
jakkanahalli,shrirangapattana
alagud,shrirangapattana
alagud kaval,shrirangapattana
mollenahalli,shrirangapattana
chottahalli,shrirangapattana
hunasanahalli,shrirangapattana
kodiyala,shrirangapattana
aladahalli,shrirangapattana
peehalli,shrirangapattana
bannahalli,shrirangapattana
gamanahalli,shrirangapattana
vitalapura,shrirangapattana
neralekere,shrirangapattana
ballekere,shrirangapattana
bettahalli,shrirangapattana
chikkaharohalli,shrirangapattana
doddaharohalli,shrirangapattana
tadagavadi,shrirangapattana
dammanahalli,shrirangapattana
paramandahalli,shrirangapattana
garakahalli,shrirangapattana
arakere,shrirangapattana
madarahalli,shrirangapattana
gandehosahalli,shrirangapattana
hulikere,shrirangapattana
beechanakuppe,shrirangapattana
avverahalli,shrirangapattana
basthipura,shrirangapattana
anagahalli,shrirangapattana
pura,shrirangapattana
kuppedada,shrirangapattana
majjigepura,shrirangapattana
balamuri,shrirangapattana
yadathittu,shrirangapattana
karekura,shrirangapattana
belagola,shrirangapattana
mogarahalli,shrirangapattana
jakkanakuppe,shrirangapattana
hosahalli,shrirangapattana
kempalingapura,shrirangapattana
palahalli,shrirangapattana
karimanti,shrirangapattana
bommur agrahara,shrirangapattana
brahmapura,shrirangapattana
naguvanahalli,shrirangapattana
belavadi,shrirangapattana
hosur,shrirangapattana
chandagalu,shrirangapattana
melapura,shrirangapattana
mahadevapura,shrirangapattana
bidarahalli,shrirangapattana
channahalli,shrirangapattana
kemmannupura,shrirangapattana
taripura,shrirangapattana
hebbadi,shrirangapattana
hampapura,shrirangapattana
huralikyathanahalli,shrirangapattana
doddankanahalli,shrirangapattana
chikkankanahalli,shrirangapattana
sugganahalli,shrirangapattana
bonthagahalli,shrirangapattana
hongalli (ct),shrirangapattana
bolare,maddur
kowdley,maddur
yadavanahalli,maddur
bekkalale,maddur
kirangur,maddur
halehalli,maddur
tarikere,maddur
somanahalli,maddur
d. malligere,maddur
hosagavi,maddur
maramgere,maddur
haralakere,maddur
mudya,maddur
thaggahalli,maddur
t.ballekere,maddur
avverahalli,maddur
abalavadi,maddur
ankushapura,maddur
koppa,maddur
chikkonahalli,maddur
keelaghatta,maddur
kuntanahalli,maddur
hurugalavadi,maddur
nambinayakana halli,maddur
bidarakote,maddur
v.ballekere,maddur
gulooru,maddur
d.hosahalli,maddur
maraliga,maddur
n.kodihalli,maddur
nilvagilu,maddur
mudigere,maddur
mullahalli,maddur
haralahalli,maddur
konasale,maddur
chottanahalli,maddur
hunaganapura,maddur
besagarahalli,maddur
marasinganahalli,maddur
hosakere,maddur
kothana halli,maddur
belathur,maddur
rampura,maddur
shankarapura,maddur
navile,maddur
byaladakere,maddur
hebberalu,maddur
ankanathapura,maddur
harakana halli,maddur
lingasandra,maddur
kundanakuppe,maddur
mallanayakanahalli,maddur
mallanakuppe,maddur
naganahalli,maddur
dundanahalli,maddur
huthagere,maddur
doddankanahalli,maddur
chikkankanahalli,maddur
kesthur,maddur
tubinakere,maddur
machahalli,maddur
alamsettahalli,maddur
athaguru,maddur
thore settihalli,maddur
yaraganahalli,maddur
hanumanthapura,maddur
maradevanahalli,maddur
hosahalli,maddur
kadalur,maddur
hemmanahalli,maddur
danakanadoddi,maddur
rudrakshipura,maddur
nidaghatta,maddur
madapuradadoddi,maddur
thippur,maddur
madanaikanahalli,maddur
thylur,maddur
sollepura,maddur
lakkasandra,maddur
volagarehalli,maddur
deshahalli,maddur
chamanahalli,maddur
kadalipura,maddur
huluganahalli,maddur
shivapura,maddur
maddur rural,maddur
mobbalagere,maddur
gejjalagere,maddur
goravanahalli,maddur
kudaragundi,maddur
channasandra,maddur
vaidyanathapura,maddur
k.kodihalli,maddur
agralinganahalli,maddur
buddaguppe,maddur
dadaga,maddur
alur,maddur
byadrahalli,maddur
chandahalli,maddur
k. honnalagere,maddur
venkatanarayana iyengar doddi,maddur
bheemanakere,maddur
neelakantanahalli,maddur
hagalahalli,maddur
nagarakere,maddur
uppinakere,maddur
sadolalu,maddur
borapura,maddur
huligerepura,maddur
sompura,maddur
malagaranahalli,maddur
ajjahalli,maddur
kabbare,maddur
chunchagahalli,maddur
hulikere,maddur
hallikere,maddur
k.bellur,maddur
ambarahalli,maddur
madarahalli,maddur
kadilavagilu,maddur
sabbanahalli,maddur
yadaganahalli,maddur
shingatageri,maddur
doddarasinakere,maddur
chatradahosahalli,maddur
chikkarasinakere,maddur
thore chakanahalli,maddur
kyathaghatta,maddur
bannahalli,maddur
aruvanahalli,maddur
kothipur,maddur
koolagere,maddur
madenahalli,maddur
karkahalli,maddur
alabujanahalli,maddur
gudigere,maddur
karadakere,maddur
k. settihalli,maddur
arechakanahalli,maddur
gopanahalli,maddur
bujavalli,maddur
kadukothanahalli,maddur
yaladahalli,maddur
bidarahalli,maddur
bidarahosahalli,maddur
manigere,maddur
annur,maddur
menasagere,maddur
boppasamudra,maddur
thore bommanahalli,maddur
hannahalli doddi,maddur
mudenahalli,maddur
honnaikanahalli,maddur
s.honnalagere,maddur
s.hagalahalli,maddur
mellahalli (ct),maddur
chikkamulagudu,malavalli
veerajipura,malavalli
maganahalli,malavalli
mikkere,malavalli
ramandur,malavalli
anasale,malavalli
bheemanahalli,malavalli
hittanahalli,malavalli
dugganahalli,malavalli
devipura,malavalli
thalagavadi,malavalli
kagepura,malavalli
koregala,malavalli
maganur,malavalli
settahalli,malavalli
muganakoppalu,malavalli
ganiganapura,malavalli
sasiyalapura,malavalli
madahalli,malavalli
hullegala,malavalli
bandurukaval,malavalli
banduru,malavalli
kallarepura,malavalli
nenanuru,malavalli
markalu,malavalli
doranahalli,malavalli
kirugavalu,malavalli
deshavalli,malavalli
bendaravadi,malavalli
honaganahalli,malavalli
kalkuni,malavalli
huvinakoppalu,malavalli
sujjalur,malavalli
uppanahalli,malavalli
yamadurukaval,malavalli
yamaduru,malavalli
ragibommanahalli,malavalli
ganaganuru,malavalli
hangrapura,malavalli
avverahalli,malavalli
kebbepura,malavalli
maliyur,malavalli
hanakola,malavalli
basavana halli,malavalli
surakahalli,malavalli
nelamakanahalli,malavalli
appugowdana halli,malavalli
kaluveeranahalli,malavalli
kandegala,malavalli
gulagatta,malavalli
malavalli(rural),malavalli
nidaghatta,malavalli
ankanahalli,malavalli
gowdagere,malavalli
amrutheswaranahalli,malavalli
kembuthagere,malavalli
sahalli,malavalli
hadli,malavalli
kodipura,malavalli
koonanapura,malavalli
jogipura,malavalli
agasanapura,malavalli
banagahalli,malavalli
chandupura,malavalli
m.shivapura,malavalli
huskur,malavalli
kaladevanahalli,malavalli
hosapura,malavalli
aslishivapura,malavalli
belathur,malavalli
yethambadi,malavalli
antharavalli,malavalli
hullahalli,malavalli
channipura,malavalli
hullagala,malavalli
dadamahalli,malavalli
kiragasur,malavalli
banasamudra,malavalli
kaggalipura,malavalli
konnapura,malavalli
halasahalli,malavalli
dhanagur,malavalli
linganapura,malavalli
gramadevathepura,malavalli
basavanpura,malavalli
nadakalapura,malavalli
megalapura,malavalli
kamsagara,malavalli
thuraganur,malavalli
attuvanahalli,malavalli
alada halli,malavalli
gajanur,malavalli
voddarahalli,malavalli
marehalli,malavalli
ravani,malavalli
devalinganapura,malavalli
savandipura,malavalli
sagyasaragur,malavalli
nitturhalasahalli,malavalli
kunthur,malavalli
lingapatna,malavalli
nittur,malavalli
maragowdanahalli,malavalli
nitthur kodihalli,malavalli
karadahalli,malavalli
vodeyarabasapura,malavalli
handanahalli,malavalli
veerajithimmanadoddi,malavalli
juganahalli,malavalli
balehonniga,malavalli
dalavaikodihalli,malavalli
deveerahalli,malavalli
kempainadoddi,malavalli
nandipura,malavalli
gundapura,malavalli
hosapetebasavapura,malavalli
hagadur,malavalli
shivanahalli,malavalli
gollarahalli,malavalli
halaguru,malavalli
halaganadoddi,malavalli
chillapura,malavalli
thorekadanahalli,malavalli
nanjapura,malavalli
chikkayelachagere,malavalli
halagapura,malavalli
doddayelachagere,malavalli
ganalu,malavalli
bydarahalli,malavalli
muthalakatte,malavalli
solaba,malavalli
basavanahalli,malavalli
basavana betta forest,malavalli
dalanakatte,malavalli
basavegowdanadoddi,malavalli
talavadi,malavalli
majjigemallanahatti,malavalli
muthathi,malavalli
doddaboovalli,malavalli
kyathanahalli,malavalli
kundur,malavalli
shiramalli,malavalli
pandithahalli,malavalli
bachanahalli,malavalli
manchanapura,malavalli
chottanahalli,malavalli
chandahalli,malavalli
dabbahalli,malavalli
netkal,malavalli
mallikyathanahalli,malavalli
belakavadi,malavalli
vasuvalli,malavalli
hokkarahalli,malavalli
nanjanayanapura,malavalli
dyavapatna,malavalli
hosahalli,malavalli
hebbani,malavalli
manchanahalli,malavalli
dasanadoddi,malavalli
kanchugahalli,malavalli
malagalali,malavalli
thenkahalli,malavalli
kadabahalli,malavalli
mallinathapura,malavalli
kaggala,malavalli
kanikahalli,malavalli
udape boovalli,malavalli
thigadahalli,malavalli
boppagowdanapura,malavalli
muttanahalli,malavalli
saraguru,malavalli
hanavadi,malavalli
purigali,malavalli
hullamballi,malavalli
chikka abbagilu,malavalli
chikkabagiluhantha,malavalli
maralahalli,malavalli
ballagere,malavalli
somanahalli,malavalli
kodagahalli,malavalli
haladasanahalli,malavalli
hirimande,sakleshpur
kogaravalli,sakleshpur
hanjagodanahalli estate,sakleshpur
devaladakere,sakleshpur
hanjagodanahalli,sakleshpur
hurudi,sakleshpur
acharadi,sakleshpur
bachanahalli,sakleshpur
bachanahalli avare kadu estate,sakleshpur
hanbal,sakleshpur
maragadi,sakleshpur
neekanahalli,sakleshpur
nelagalli,sakleshpur
maragunda,sakleshpur
hodachahalli,sakleshpur
achanahalli,sakleshpur
makkihalli,sakleshpur
hadige,sakleshpur
hadige estate,sakleshpur
madanapura,sakleshpur
jambardi,sakleshpur
agani,sakleshpur
kyamanahalli,sakleshpur
agalahatti,sakleshpur
mavinahalli,sakleshpur
dabbegadde,sakleshpur
mavinakolu,sakleshpur
raxidi estate,sakleshpur
kadumane estate,sakleshpur
kumarahalli,sakleshpur
manibeegithi estate,sakleshpur
manjanahalla estate,sakleshpur
kadumane,sakleshpur
heggadde,sakleshpur
hebbasale,sakleshpur
ganadahole,sakleshpur
hennali,sakleshpur
baikere,sakleshpur
biradahalli,sakleshpur
kelagalale,sakleshpur
kirehalli,sakleshpur
magadi,sakleshpur
kadabanahalli,sakleshpur
jannapura,sakleshpur
doddanagara,sakleshpur
achangi,sakleshpur
hasade,sakleshpur
halasulige,sakleshpur
masuvalli,sakleshpur
hosur estate,sakleshpur
kollahalli,sakleshpur
basavanahalli,sakleshpur
malali,sakleshpur
saklespur (rural),sakleshpur
anemahal,sakleshpur
devihalli,sakleshpur
donigal,sakleshpur
kumbardi,sakleshpur
nadahalli,sakleshpur
kumbardi estate,sakleshpur
kesaganahalli,sakleshpur
hullahalli estate,sakleshpur
kalagane,sakleshpur
hallibylu,sakleshpur
iragalu,sakleshpur
cowdahalli,sakleshpur
chikkasathigala,sakleshpur
doddasathigala,sakleshpur
ramenahalli,sakleshpur
kabbinagadde,sakleshpur
echalvalli estate,sakleshpur
matasagara coffee estate,sakleshpur
matasagara,sakleshpur
siddapura,sakleshpur
halebelur,sakleshpur
ibbadi,sakleshpur
janekere,sakleshpur
hullahalli,sakleshpur
kyanahalli,sakleshpur
bugadahalli,sakleshpur
aluvalli,sakleshpur
kadagaravalli,sakleshpur
kadagaravalli estate,sakleshpur
kalaginamanchahalli,sakleshpur
haragarahalli,sakleshpur
byakaravalli,sakleshpur
arekere,sakleshpur
sullakki,sakleshpur
kamanahalli,sakleshpur
nallulli,sakleshpur
shanthapura,sakleshpur
kanigalamane,sakleshpur
balagodu,sakleshpur
udevara,sakleshpur
kesaguli,sakleshpur
mathigalale,sakleshpur
kiruvale,sakleshpur
hebbanahalli,sakleshpur
sidigalale,sakleshpur
lakkunda,sakleshpur
sundavalli,sakleshpur
moogali,sakleshpur
kudanahalli,sakleshpur
golagonde,sakleshpur
kendanamane,sakleshpur
gulagalale,sakleshpur
gantebommanahalli,sakleshpur
kakanamane,sakleshpur
belagodu,sakleshpur
eswarahalli,sakleshpur
menasumakki,sakleshpur
yadehalli,sakleshpur
bage,sakleshpur
hosakere,sakleshpur
ballu,sakleshpur
hasugavalli,sakleshpur
chikkanayakanahalli,sakleshpur
banavase,sakleshpur
jammanahalli,sakleshpur
halekere,sakleshpur
harakanahalli,sakleshpur
kiruhunse,sakleshpur
vadaru,sakleshpur
kelavalli,sakleshpur
heggove,sakleshpur
adarvalli,sakleshpur
kuniganahalli,sakleshpur
bandihalli,sakleshpur
hosagadde,sakleshpur
rajendrapura,sakleshpur
yadekumari,sakleshpur
hiridanahalli,sakleshpur
chinnahalli,sakleshpur
bommanakere,sakleshpur
vaddarahalli,sakleshpur
kurubathur,sakleshpur
yadavarahalli,sakleshpur
bellur,sakleshpur
nidigere,sakleshpur
echalapura,sakleshpur
ummathur,sakleshpur
hadlahalli,sakleshpur
bannahalli,sakleshpur
hiriyur,sakleshpur
karadigala,sakleshpur
valalahalli,sakleshpur
bobbanahalli,sakleshpur
hosahalli,sakleshpur
hongadahalla,sakleshpur
balehalla,sakleshpur
kagenari state forest,sakleshpur
bajumane estate,sakleshpur
battekumari,sakleshpur
yathahalla,sakleshpur
jedigadde,sakleshpur
markalli,sakleshpur
athihalli,sakleshpur
boranamane,sakleshpur
arini,sakleshpur
bisle state forest,sakleshpur
arini estate,sakleshpur
mankanahalli,sakleshpur
yaragalli,sakleshpur
kumathahalli,sakleshpur
maragathur,sakleshpur
vanagoor,sakleshpur
vanagoor estate,sakleshpur
byagadihalli,sakleshpur
bachalli,sakleshpur
hethur,sakleshpur
konabanahalli,sakleshpur
halliyur *,sakleshpur
hadya,sakleshpur
igoor estate,sakleshpur
yadakere,sakleshpur
athiganahalli,sakleshpur
doddanahalli,sakleshpur
gowdarabylu,sakleshpur
magalu,sakleshpur
kumbarahalli,sakleshpur
kothanahalli,sakleshpur
chikkallur,sakleshpur
kerodi,sakleshpur
doddakallur,sakleshpur
igoor,sakleshpur
chikkakundur,sakleshpur
karagoor,sakleshpur
palahalli,sakleshpur
goddu,sakleshpur
kongahalli,sakleshpur
banagere,sakleshpur
mageri,sakleshpur
thambalagere,sakleshpur
hadalkerehalli,sakleshpur
hulagathur,sakleshpur
uchangi,sakleshpur
vodahalli,sakleshpur
hulagathur  estate,sakleshpur
herur,sakleshpur
hosakote,sakleshpur
hosakote estate,sakleshpur
kowkudi,sakleshpur
thadakalu,sakleshpur
kalale,sakleshpur
hanase,sakleshpur
hanase estate,sakleshpur
echalabeedu,sakleshpur
kalale estate,sakleshpur
hosur,sakleshpur
kadlur,sakleshpur
narur,sakleshpur
manjur,sakleshpur
sundahalli,sakleshpur
santhahalli,sakleshpur
changadihalli,sakleshpur
heggadihalli,sakleshpur
maragalli,sakleshpur
mathur,sakleshpur
doddakundur,sakleshpur
saragahalli,sakleshpur
thontalapura,sakleshpur
yeslur,sakleshpur
kumbarahalli,belur
cheekanahalli,belur
hunuganahalli,belur
kanadur,belur
chunganahalli,belur
malur,belur
keethur,belur
sanenahalli,belur
banasavalli,belur
madvapura,belur
muthugadalu,belur
maravathi,belur
madapura,belur
marur,belur
somanahalli,belur
vajarahalli,belur
kotiganahalli,belur
chunchanahalli,belur
dabbe,belur
malalakeshavi,belur
bettadakeshavi,belur
devarakeshavi,belur
hirigadde,belur
kuppagodu,belur
kogodu,belur
shiragura,belur
bakkaravalli,belur
malasavara,belur
kanahalli,belur
umbalagodu,belur
baladakallu,belur
murahalli,belur
thumbadevanahalli,belur
hosahalli,belur
goravanahalli,belur
narvey,belur
sulagalale,belur
narvepete,belur
uddamanahalli,belur
koralagadde,belur
heggadde,belur
byadane,belur
hosamane,belur
vatehalli,belur
balaguli,belur
utholalu,belur
nandagodanahalli,belur
madenahalli,belur
gurgihalli,belur
doddasalavara,belur
chikkasalavara,belur
bommenahalli,belur
hirihasade,belur
hanjihalli,belur
naganhalli,belur
mathihalli,belur
bellotte,belur
menasinamane,belur
tholalu,belur
haralakatte,belur
navilahalli,belur
alur,belur
konerlu,belur
mailahalli,belur
sullakki,belur
kandavara,belur
boovanahalli,belur
shettihalli,belur
echala halli,belur
gangavara,belur
chikkahasade,belur
kanaguppe,belur
anughatta,belur
dolanamane,belur
kittavara,belur
adagunchanahalli,belur
malahalli,belur
arehalli,belur
heggadihalli,belur
hirigarje,belur
lingapura,belur
kadegarje,belur
mallapura,belur
hulukodu,belur
ballavara,belur
muddanahalli,belur
bilagavalli,belur
surukodu,belur
thalagodu,belur
chataki,belur
gendehalli,belur
mandalamane,belur
nidagodu (a.c.),belur
kalleri,belur
angajanahalli,belur
magehalli,belur
madagodu,belur
h. hosahalli,belur
kudumanahalli,belur
bindenahalli,belur
biranagodu,belur
balaguppe,belur
aduvalli,belur
byadra somanahalli,belur
kallahalli,belur
aggadalu,belur
singapura,belur
devalapura,belur
iravalli,belur
vaginakere,belur
agasaravalli,belur
i. hunsekere,belur
govinahalli,belur
mundaghatta,belur
kabbinamane,belur
bommadihalli,belur
chikkamedur,belur
sugalur,belur
gabbalagodu,belur
benninamane,belur
karikihalli,belur
melanahalli,belur
ballur,belur
chinnenahalli,belur
nidagodu,belur
gotravalli,belur
surapura,belur
doddamedur,belur
shanuboganahalli,belur
yamasandi,belur
kudlur,belur
n. hosahalli,belur
bennur,belur
kelahalli,belur
hanumidi,belur
narayanapur,belur
siraghatta,belur
kodanahalli,belur
karagada,belur
yakkasettihalli,belur
channapura,belur
hanike,belur
shettigere,belur
malenahalli,belur
gollenahalli,belur
honnenahalli kaval,belur
honnenahalli,belur
somshettihalli,belur
doddabyadigere,belur
muthuganne,belur
koratikere,belur
kanaikanahalli,belur
machanaikanahalli,belur
danikanahalli,belur
chikkabyadigere,belur
attalgere,belur
bantenahalli,belur
rayapura,belur
bitravalli,belur
utpatanahalli,belur
kerlur,belur
lakshmipura,belur
mavinakere,belur
nittor,belur
kachihalli,belur
chammadevanahalli,belur
sanyasihalli,belur
prasadihalli,belur
hirikole,belur
chikkole,belur
ranaghatta,belur
nettekere,belur
mudigere,belur
sompura,belur
m. hunsekere,belur
geddalahalli,belur
hebbalu,belur
thimmanahalli,belur
jogihalli,belur
hakkihalli,belur
hullenahalli,belur
appagodanahalli,belur
kallusettihalli,belur
kallahalli kaval,belur
kallahalli kaval (a.m.),belur
shivaladahalli,belur
channenahalli,belur
veeradevanahalli,belur
chikkanahalli,belur
cheelanaikanahalli,belur
jodi thippanahalli,belur
rajanasiriyur,belur
karikattehalli,belur
mayagowdanahalli,belur
somapura,belur
jodi sanenahalli,belur
huvenahalli,belur
motihalli,belur
halebeedu,belur
kattesomenahalli,belur
ponnathapura,belur
kyathalapura,belur
chikkammanahalli,belur
yalahanka,belur
mallikarjunapura,belur
devihalli,belur
siddapura,belur
hulikere,belur
kodihalli,belur
kallibore kaval,belur
chatchatnahalli,belur
gonisomenahalli,belur
rajagere,belur
girikallahalli,belur
harubihalli,belur
vaddarahalli,belur
komaranahalli,belur
thattehalli,belur
ghattadahalli,belur
mathighatta,belur
shivanenahalli,belur
suranaikanahalli,belur
athigudda kaval,belur
hirihalli,belur
maranahalli,belur
kondli,belur
kabbigarahalli,belur
minuganahalli,belur
appihalli,belur
kanakenahalli,belur
chatnahalli,belur
balehalli,belur
gangur,belur
idahalla kaval,belur
hadlagere,belur
laxmipura,belur
ramenahalli,belur
ibbedu,belur
ibbedu hosahalli,belur
somenahalli,belur
ammanagudi kaval,belur
ajjenahalli,belur
thendekere jodi,belur
ballenahalli,belur
chilkur,belur
harohalli,belur
pura,belur
chomanahalli,belur
thattegere,belur
konaikanahalli jodi,belur
gorur,belur
mugalihalli,belur
andale,belur
ramachandrapura,belur
veerapura,belur
shivayogipura,belur
handralu,belur
hiruguppe,belur
thendegere,belur
hulugundi,belur
halthore,belur
keshavapura,belur
madihalli,belur
hagare,belur
hagaremudibetta kaval,belur
hagare kaval,belur
kalyanapura,belur
siddanahalli,belur
panditanahalli,belur
savasihalli,belur
holabagere,belur
angadihalli,belur
basavapura,belur
mulenahalli,belur
suledevarahalli,belur
bettadalur,belur
adavibantenahalli,belur
shivapura kaval,belur
shivapura,belur
devarahalli,belur
aladahalli,belur
mayagodanahalli,belur
illenahalli,belur
kyathanakere,belur
dasagodanahalli,belur
umadevihalli,belur
thirumalanahalli,belur
kashipura,belur
ichenahalli,belur
adagooru,belur
kumarihalli,belur
ramadevarahalli kaval,belur
mallavalli,belur
kowri,belur
kushavara,belur
kiragadalu,belur
thagare,belur
kogilamane,belur
chowdanahalli,belur
mogasavara,belur
malliganur,belur
chandapura,belur
bakravalli,belur
karadagodu,belur
chokanahalli,belur
challenahalli,belur
baliganahalli,belur
jagaboranahalli,belur
ginnanamane,belur
honnemane,belur
nidumanahalli,belur
bikkodu,belur
huskur,belur
arekaravalli,belur
venktipete,belur
moovala,belur
mathavara,belur
kalanamata,belur
chikkabiccodu,belur
bandahalli,belur
kodaganahalli,belur
lakkunda,belur
irakaravalli,belur
ankihalli,belur
gummanahalli,belur
heddaravalli,belur
shingaravalli,belur
hirivate,belur
holalu,belur
mahala,belur
honnavalli,belur
neelanahalli,belur
mudlagere,belur
kesagodu,belur
vaderahalli,belur
bolenahalli,belur
lakkenahalli,belur
rajanahalli,belur
hemmidaganahalli,belur
intitholalu,belur
madaghatta,belur
bilaguli,belur
malagere,belur
chandanahalli,belur
andur,belur
yedehalli,belur
danaikanahalli,belur
mallarahosahalli,belur
paduvalalu,belur
krishnapura,belur
jinigenahalli,belur
madavalli,belur
doddihalli,belur
doddaghatta,arsikere
athigudda kaval,arsikere
javagal,arsikere
dyamenahallai,arsikere
boochenahalli kaval,arsikere
guddenahalli,arsikere
kamenahalli,arsikere
s.kallahalli,arsikere
sompura,arsikere
s.diggenahalli,arsikere
savanthanahalli,arsikere
nerlige,arsikere
thimmanahalli,arsikere
maladevihalli,arsikere
sankihalli,arsikere
mosale,arsikere
neelagiri kaval,arsikere
kodihalli,arsikere
dhananjayapura,arsikere
bommagondanahalli,arsikere
gopagondanahalli,arsikere
linglapura,arsikere
bandur,arsikere
handralu,arsikere
devihalli,arsikere
undiganalu,arsikere
chikkalinganahalli,arsikere
nayakanakere,arsikere
vrundavanahalli,arsikere
kalyadi,arsikere
halekalyadi,arsikere
singatagere,arsikere
k.diggenahalli,arsikere
deshani,arsikere
kurubarahalli,arsikere
kenganahalli,arsikere
thirupathihalli,arsikere
mavuthanahalli,arsikere
kolagunda,arsikere
indira nagar,arsikere
narasipura,arsikere
melinahosahalli,arsikere
chikkajjikattehalli,arsikere
thavarehalli,arsikere
maragondanahalli,arsikere
kelaginahosahalli,arsikere
arakere,arsikere
bommenahalli,arsikere
beluvalli,arsikere
byrapura,arsikere
thimmalapura,arsikere
upparkalenahalli,arsikere
madanahalli,arsikere
singanahalli,arsikere
matadahosahalli,arsikere
d.kallahalli,arsikere
moodnahalli,arsikere
kurudahalli,arsikere
govindapura,arsikere
gollarahalli,arsikere
krishnapura,arsikere
karagunda,arsikere
madapura,arsikere
vaderahalli,arsikere
haralahalli,arsikere
byalekere,arsikere
kamalapura,arsikere
nagenahalli,arsikere
rangenahalli,arsikere
rangapura kaval,arsikere
doddenahalli,arsikere
bevinahalli,arsikere
kenkerehalli,arsikere
suledimmanahalli,arsikere
bagilaghatta,arsikere
agrahara,arsikere
uppinahalli,arsikere
venkatapura,arsikere
chikkarehalli,arsikere
basavanahalli,arsikere
hanumanahalli,arsikere
thippanahalli,arsikere
banarasanahalli,arsikere
thondiganahalli,arsikere
gandhi nagar,arsikere
manakathur,arsikere
haruvanahalli,arsikere
mallapura,arsikere
banavara,arsikere
salapura,arsikere
khandilinganahalli,arsikere
kachighatta,arsikere
mayagondanahalli,arsikere
kenchanahalli,arsikere
byrambudi,arsikere
bisalehalli,arsikere
bettadapura,arsikere
hiriyur,arsikere
thimmasettihalli,arsikere
thimmappainahalli,arsikere
kanihalli,arsikere
hariharapura,arsikere
masthihalli,arsikere
korenahalli,arsikere
hanumantha nagar,arsikere
medarahalli,arsikere
rampura,arsikere
chaluvanahalli,arsikere
byragondanahalli,arsikere
chikkabanavara,arsikere
channapura,arsikere
kardihalli,arsikere
shanegere,arsikere
ganjigere,arsikere
pura,arsikere
arehalli,arsikere
nagasamudra,arsikere
hosahalli,arsikere
madanipura,arsikere
yarehalli,arsikere
lingodanahalli,arsikere
k.g.agrahara,arsikere
sunkadahalli,arsikere
kommaraghatta,arsikere
bendekere,arsikere
sydrahalli,arsikere
shanthanahalli,arsikere
basavarajapura,arsikere
rangapura,arsikere
kuruvanka,arsikere
thippaghatta,arsikere
byadarahalli,arsikere
maratagere,arsikere
maya nagar,arsikere
chikkammanahalli,arsikere
anandanahalli,arsikere
marula siddanahalli,arsikere
mylnahalli,arsikere
kondavagilu,arsikere
kempasagara,arsikere
puralehalli,arsikere
harathanahalli,arsikere
siddapura,arsikere
valehalli,arsikere
shankaranahalli (garudana giri),arsikere
kallu sadarahalli,arsikere
gopalapura,arsikere
battihalli,arsikere
karadihalli,arsikere
giri bommanahalli,arsikere
somasettihalli,arsikere
ahamedpura,arsikere
kallugundi,arsikere
hallithimmanahalli,arsikere
honnakatta,arsikere
sathanagere,arsikere
magenahalli,arsikere
kasuvanahalli,arsikere
kanakatte,arsikere
keremundinahalli,arsikere
yachagondanahalli,arsikere
dibbur,arsikere
chikkondihalli,arsikere
soppinahalli,arsikere
hirisadarahalli,arsikere
kyathanahalli,arsikere
jannavara,arsikere
hirekal forest,arsikere
ramanahalli,arsikere
nagavedi,arsikere
haralakatta,arsikere
doddametikurke,arsikere
madalu,arsikere
kittanakere,arsikere
hampanakatte,arsikere
donanakatte,arsikere
bommasamudra,arsikere
kumbaraghatta,arsikere
ranganathapura,arsikere
bennigundihalli,arsikere
shankaranahalli,arsikere
maddarahalli,arsikere
kadalamagge,arsikere
laxmipura,arsikere
chikkametikurke,arsikere
holalakere,arsikere
nehru nagar,arsikere
chikkalkur,arsikere
jayachamarajapura,arsikere
yarigenahalli,arsikere
singenahalli,arsikere
paduvanahalli,arsikere
kamasamudra,arsikere
mallenahalli,arsikere
thudikenahalli,arsikere
thumbapura,arsikere
melenahalli,arsikere
shashivala,arsikere
sankodanahalli,arsikere
chikkur,arsikere
layalapura,arsikere
devagondanahalli,arsikere
kallanaikanahalli,arsikere
seva nagar,arsikere
nagathihalli,arsikere
jajuru,arsikere
katikere,arsikere
yadapura,arsikere
javanahalli,arsikere
bommanahalli,arsikere
murundi,arsikere
jenukal nagar,arsikere
annanaikanahalli,arsikere
sreerama nagar,arsikere
mannamakanahalli,arsikere
devarayapatna,arsikere
harnahalli *,arsikere
yelavare,arsikere
habbanaghatta kaval,arsikere
geejihalli,arsikere
muddaranganahalli,arsikere
muddanahalli,arsikere
henjagundanahalli (part) *,arsikere
arasikere (rural),arsikere
thirupathi,arsikere
karehalli,arsikere
bandihalli,arsikere
vitalapura,arsikere
guttinakere,arsikere
jadaghatta,arsikere
belavathahalli,arsikere
hebbaranahalli,arsikere
makanahalli,arsikere
habbanaghatta,arsikere
thalalur,arsikere
narayanaghattahalli,arsikere
kellangere,arsikere
laxmidevarahalli,arsikere
sulekere,arsikere
aggunda,arsikere
sewa siddeshwar nagar,arsikere
dasihalli,arsikere
somenahalli,arsikere
singanakere,arsikere
karlahalli,arsikere
chandlapura,arsikere
dummenahalli,arsikere
kenchenahalli,arsikere
harlakatta,arsikere
adihalli,arsikere
honnasettihalli,arsikere
pannasamudra,arsikere
challapura,arsikere
honnenahalli,arsikere
kunighattahalli,arsikere
t.kodihalli,arsikere
jotimallapura,arsikere
annapura,arsikere
thalalatore,arsikere
vijayanagar,arsikere
ajjanahalli,arsikere
belagumba,arsikere
kallukere,arsikere
sanklapura,arsikere
sreenivas nagar,arsikere
annenahalli,arsikere
saluparahalli,arsikere
hunsekatte,arsikere
mootikere,arsikere
m.mathihalli,arsikere
kammaraghatta,arsikere
neeragunda,arsikere
ramjihalli,arsikere
kadehalli,arsikere
bilenahalli,arsikere
appenahalli,arsikere
bageshpura,arsikere
jeenakerehalli,arsikere
nandihalli,arsikere
b. hosahalli,arsikere
chittanahalli,arsikere
cheelanahalli,arsikere
kannenahalli,arsikere
eshuvanahalli,arsikere
jogenahalli,arsikere
manjenahalli kaval,arsikere
bommachihalli,arsikere
mahadevarahalli,arsikere
halagenahalli,arsikere
mududi,arsikere
borehalli,arsikere
mangalapura,arsikere
nagarahalli,arsikere
manjenahalli,arsikere
kudukundi,arsikere
chogachagere,arsikere
lalanakere,arsikere
honnakumaranahalli,arsikere
jakkanahalli,arsikere
gandasi,arsikere
chikkagandsi,arsikere
dasenahalli,arsikere
bachenahalli,arsikere
jeekanahalli,arsikere
bagooranahalli,arsikere
heggatta,arsikere
gundakallahalli,arsikere
huragalavadi,arsikere
vadagarahalli,arsikere
basavanapura,arsikere
doddayaraganalu,arsikere
yaraganalu,arsikere
hirisamudra,arsikere
hiriyalu,arsikere
bagivalu,arsikere
lingapura,arsikere
aladahalli,arsikere
karimaranahalli,arsikere
kondenalu,arsikere
ugranahalli,arsikere
marasettihalli,arsikere
hullekere,arsikere
channaikanahalli,arsikere
yadavanahalli,arsikere
shivapura,arsikere
sannenahalli,arsikere
jalagaranahalli,arsikere
narammanahalli,arsikere
lakkihalli kaval,arsikere
bidare kaval,arsikere
kenkere,arsikere
gundukanahalli (og),arsikere
arsikere (og) (part),arsikere
henjagundanahalli (og) (part),arsikere
kithagalale,alur
kodagalavadi,alur
hyaragalale,alur
kithagere,alur
mallapura,alur
bigathur,alur
harihalli,alur
nagavara,alur
hadya,alur
kadlur,alur
hydur,alur
honkaravalli,alur
anigalale,alur
malagalale,alur
bosmanahalli,alur
muthige,alur
bembaluru,alur
kaganoor,alur
kaganoor estate,alur
siragavara,alur
hemmige,alur
sulagodu,alur
kakkehalli,alur
kudidale,alur
hosahalli,alur
karadibetta estate,alur
halasooru,alur
halliyur,alur
dyathapura,alur
madagodu,alur
jinagaravalli,alur
hiduvanahalli,alur
abbana,alur
hittalakere,alur
hosamata,alur
maranayakanahalli,alur
hachagodanahalli,alur
mallenahalli,alur
bekkadi,alur
dhaturu,alur
thippapura,alur
navilahalli,alur
magge,alur
karagodu,alur
yadehalli nanjapura,alur
kanive basavanahalli,alur
neragalale,alur
huskuru,alur
magadihalli,alur
hulasinahalli,alur
kanigere,alur
adibylu,alur
kodagathavalli,alur
hanjalige,alur
bharathur,alur
purabyravanahalli,alur
kattehosur,alur
madihalli,alur
hulukunda estate,alur
bilagavalli,alur
lakkammanahalli,alur
hunase,alur
bommanamane,alur
bellavara,alur
chennenahalli,alur
samudravalli,alur
nilavagilu,alur
kuppe hosahalli,alur
ajjenahalli,alur
beerakanahalli,alur
kallakere,alur
kamathi,alur
kadadaravalli,alur
hullahalli,alur
chikkote,alur
megatavalli,alur
belame,alur
kerehalli,alur
madanahalli,alur
thimmanahalli,alur
neelanahalli,alur
karjuvalli,alur
haluvalli,alur
taluru,alur
kuppe,alur
jannapura,alur
j.thimmanahalli,alur
chikkanagalu,alur
c.hosahalli,alur
kumbarahalli,alur
gowlakatte,alur
madagere,alur
yerehalli,alur
virupapura,alur
yelaganahalli,alur
kallahalli,alur
hollahalli,alur
madabalu,alur
manjalagodu,alur
kongavalli,alur
heddurga,alur
kittaganamane,alur
kolavanahalli,alur
murudur,alur
siddapura,alur
kanathur,alur
bhavasavalli,alur
toragaravalli,alur
kenchanahalli pura,alur
belluru,alur
rangenahalli,alur
honnavalli,alur
dindagatta,alur
boodanahalli,alur
basavanahalli,alur
channahalli,alur
shankaranahalli,alur
kanadahalli,alur
palya,alur
nidanur,alur
chigaluru,alur
singodanahalli,alur
bandikere,alur
singapura,alur
kottiganahalli,alur
danihalli,alur
manikyathanahalli,alur
singatakere,alur
muddanaikanahallipura,alur
nalluru,alur
bettahalli,alur
harohalli,alur
vasudevarahalli,alur
baliganahalli,alur
ballurpura,alur
balluru,alur
sindhuvalli,alur
kaggaravalli,alur
beechalapura,alur
sugganahalli,alur
kodagihalli,alur
imatipura,alur
nakalgod,alur
bellur,alur
ummadevarahalli,alur
bandithimmanahalli,alur
gekaravalli,alur
gollara thimmanahalli,alur
vajarahalli,alur
marasu,alur
kenchanahalli,alur
samadale,alur
bijjanahalli,alur
bachanahalli,alur
soppinahalli,alur
machenahalli,alur
bedachavalli,alur
dadadahalli,alur
hanthanamane,alur
alur (rural),alur
kiggatta,alur
togaranahalli,alur
doddakanagal(kanagal),alur
katihalli,alur
somapura,alur
basavanapura,alur
hosapura,alur
kirahalli,alur
hunasavalli,alur
mudigere,alur
rajanahalli,alur
kavalikere,alur
mavanoor,alur
yadur,alur
neralakere,alur
chowlagere,alur
byrapura,alur
byaba,alur
byaba kaval,alur
hosuru,alur
rayasamudra,alur
channapura,alur
bharathavalli,alur
kiragadalu,alur
billagaravalli,alur
kuduravalli,alur
amalepura,alur
gangara,alur
moodanahalli,alur
aniganahalli,alur
bommachavalli,alur
manchenahalli,alur
hanjihalli,alur
hanchur,alur
chattanahalli,alur
maniganahalli,alur
honnenahalli,alur
santhebasavanahalli,alur
thippanahalli,alur
kundur,alur
devarapura,alur
thimmalapura,alur
hanumanahalli,alur
sanenahalli,alur
valagarahalli,alur
devihalli,alur
bhaktharavalli,alur
kithabur,alur
govindanahalli,alur
k.hosahalli,alur
hotanahallipura,alur
turuganahalli,alur
pattana,alur
bettadahalli,alur
kabbinahalli,alur
kadalu,alur
sathagala,alur
chakanahalli,alur
karigodanahalli,alur
hasaganur,alur
kariganahalli,alur
kadabagala,alur
chittanahalli,alur
yadavanahalli,alur
merve,alur
ramanahalli,alur
devarajanahalli,alur
cheekanahalli,alur
kamenahalli,alur
tattekere,alur
garighatta,alur
mandira,alur
malenahalli kavalu,alur
malenahalli,alur
nelligere,alur
kyathanahalli,alur
samasoge,alur
lakkondanahalli,alur
ajjagodanahalli,alur
muddanahalli,alur
devanayakanahalli,alur
kalasetty beedu,alur
rajapura,alur
ganjigere,alur
appagowdanahalli,alur
bandimallenahalli,alur
holemaragodanahalli,alur
madalapura,arkalgud
koti agrahara,arkalgud
magodu,arkalgud
mallipatna,arkalgud
kelagalale,arkalgud
boodanur,arkalgud
hippali,arkalgud
baisoor forest,arkalgud
baisoor,arkalgud
basavanahalli,arkalgud
dadadahalli,arkalgud
shiradanahalli,arkalgud
manajur,arkalgud
dasanapura,arkalgud
kendinne kaval,arkalgud
hosahalli,arkalgud
nelabahalli,arkalgud
majjigepura,arkalgud
honganoor,arkalgud
kamanahalli,arkalgud
konapura,arkalgud
dharmapura,arkalgud
shanubhoganahalli,arkalgud
beejaghatta,arkalgud
mudigere,arkalgud
darikongalale,arkalgud
masarangala,arkalgud
bobbagalale,arkalgud
chowragallu,arkalgud
musavathur,arkalgud
aladahalli,arkalgud
mathra,arkalgud
bagadalu,arkalgud
magalu,arkalgud
hondaravally,arkalgud
holalagodu,arkalgud
sompura,arkalgud
ittapatna,arkalgud
madanur,arkalgud
hennur kongalale,arkalgud
maragowdanahalli,arkalgud
pemmanahalli,arkalgud
chikkabemmathi,arkalgud
yadiyuru,arkalgud
nilakunda,arkalgud
singanakuppe,arkalgud
abbur machagowdanahalli,arkalgud
kollangi,arkalgud
kallur,arkalgud
kakodanahalli,arkalgud
ambigodanahlli,arkalgud
muduganur kaval,arkalgud
gerukuppe,arkalgud
lingadahalli,arkalgud
doddabemmathi,arkalgud
jakkahalli,arkalgud
arasikatte kaval,arkalgud
heggadihalli,arkalgud
mudaganur,arkalgud
ragibychanahalli,arkalgud
jogihosahalli,arkalgud
allapatna,arkalgud
vijapura forest,arkalgud
vijapura,arkalgud
mallenahalli,arkalgud
puttana hosahalli,arkalgud
chowdenahalli,arkalgud
ulivala,arkalgud
ankanaikanahalli kaval,arkalgud
chikkarakalagud,arkalgud
adike bommanahalli,arkalgud
aremadanahalli,arkalgud
thattekere,arkalgud
harohalli,arkalgud
mundagodu,arkalgud
madapura,arkalgud
siddapura,arkalgud
kyathanahalli,arkalgud
kattimallenahalli,arkalgud
arakalgud (rural),arkalgud
shambunathapura,arkalgud
ankanaikanahalli,arkalgud
neralahalli,arkalgud
voddarahalli,arkalgud
maradi,arkalgud
nygere,arkalgud
kashipura,arkalgud
cholenahalli,arkalgud
kellur,arkalgud
machagodanahalli,arkalgud
banadahalli,arkalgud
ramenahalli,arkalgud
tejur,arkalgud
kanive kaval,arkalgud
madihalli,arkalgud
mokali,arkalgud
malalikere,arkalgud
muthige,arkalgud
honnavalli,arkalgud
nelamane,arkalgud
garighatta,arkalgud
honnagowdanahalli,arkalgud
athini,arkalgud
narasinakuppe,arkalgud
devarahalli,arkalgud
devarahalli kaval,arkalgud
chikkagavanahalli,arkalgud
doddagavanahalli,arkalgud
chikkanahalli,arkalgud
hullangala,arkalgud
kenchenahalli,arkalgud
boranahalli,arkalgud
hebbale,arkalgud
bolakyathanahalli,arkalgud
anniganahalli,arkalgud
ganganahalli,arkalgud
mallithammanahalli,arkalgud
muddanahalli,arkalgud
keshavapura,arkalgud
bychanahalli,arkalgud
goravanahalli,arkalgud
maravalalu,arkalgud
anegundi kaval,arkalgud
hethagowdanahalli,arkalgud
ganjalagodu,arkalgud
geddalahosahalli,arkalgud
haradoor,arkalgud
basavanahlli,arkalgud
basavanahalli kaval,arkalgud
kallubyadrahalli,arkalgud
kallimuddanahalli,arkalgud
ankanathapura,arkalgud
hulikallu,arkalgud
madikehosahalli,arkalgud
somanahalli,arkalgud
kaniyar,arkalgud
bettadahalli,arkalgud
magge kaval,arkalgud
chikkamagge,arkalgud
doddamagge,arkalgud
baragur,arkalgud
kodakahalli,arkalgud
shanbhoganahalli,arkalgud
parasanahalli,arkalgud
shanavinakuppe,arkalgud
santhemarur,arkalgud
illahalli,arkalgud
dummi,arkalgud
lakshmipura,arkalgud
koratikere,arkalgud
nilavagilu,arkalgud
mugalur,arkalgud
muthugada hosur,arkalgud
agrahara,arkalgud
doddahalli,arkalgud
lingapura,arkalgud
belikarpuravalli,arkalgud
kotekarpuravalli,arkalgud
kortikere kaval,arkalgud
ibbadi,arkalgud
mallapura,arkalgud
bittagodanahalli,arkalgud
rangapura,arkalgud
paramahamsa chakanahalli,arkalgud
devipura,arkalgud
yagati,arkalgud
gubbi kaval,arkalgud
yalagathavalli,arkalgud
ajjur,arkalgud
vaddarahalli,arkalgud
hanemaranahalli,arkalgud
karahalli,arkalgud
belavadi,arkalgud
seebahalli,arkalgud
ankanahalli,arkalgud
thattavalu,arkalgud
dollenahalli,arkalgud
hanagallu,arkalgud
mallappanahalli,arkalgud
bandiganahalli,arkalgud
hennur,arkalgud
heelagere,arkalgud
sulagodu-somavara,arkalgud
tarigalale,arkalgud
channigarayana abbur,arkalgud
hindlahalli,arkalgud
heggathur,arkalgud
honnaganahalli,arkalgud
karagallu,arkalgud
bettagalale,arkalgud
bellame (mariyanagara),arkalgud
hodenoor,arkalgud
chikkabommenahalli,arkalgud
majjanahalli,arkalgud
handrangi,arkalgud
malenahalli,arkalgud
kesavathur,arkalgud
sabbathi,arkalgud
bidarur,arkalgud
kabbaligere,arkalgud
nanjalapura,arkalgud
lakkanahalli,arkalgud
akkalavadi,arkalgud
bislahalli,arkalgud
doddabommenahalli,arkalgud
kurubara abbur,arkalgud
bannur,arkalgud
kantenahalli kaval,arkalgud
aregallu,arkalgud
kantenahalli,arkalgud
kadanoor,arkalgud
beeranahalli kaval,arkalgud
beeranahalli,arkalgud
kadavinahosahalli,arkalgud
sheegodu,arkalgud
saragoor,arkalgud
ullenahalli,arkalgud
kerehosahalli,arkalgud
konanur,arkalgud
chikkahalli,arkalgud
hirehalli,arkalgud
vodavana hosahalli,arkalgud
kattepura,arkalgud
bandipalya,arkalgud
gabbali,arkalgud
gabbali kaval,arkalgud
yaladahalli,arkalgud
mavanoor,arkalgud
bangarahalli,arkalgud
yadiyur,arkalgud
navile,arkalgud
uttaranalakolavai hantha,arkalgud
koodalur,arkalgud
kotavalu,arkalgud
bilaguli,arkalgud
ramanathapura,arkalgud
ragupathi koppal,arkalgud
mallarajapatna,arkalgud
mallinathapura,arkalgud
maradibasavanahalli,arkalgud
hampapura,arkalgud
gangoor,arkalgud
j.hosahalli,arkalgud
ramanathapuranala hantha,arkalgud
moole hosahalli,arkalgud
basavapatna,arkalgud
anjaneya hosahalli,arkalgud
naganahalli,arkalgud
basavapatna hantha,arkalgud
mathigodu,arkalgud
kathihalu,arkalgud
ragimarur,arkalgud
haralahalli,arkalgud
hanyalu,arkalgud
kodihalli,arkalgud
rudrapatna,arkalgud
rudrapatnanala hantha,arkalgud
bommanahalli,arkalgud
kanana koppal,arkalgud
garudanahalli,arkalgud
yachana kuppe,arkalgud
jittenahalli,arkalgud
kalenahalli,arkalgud
bettasoge,arkalgud
bettasoge hantha,arkalgud
anandoor,arkalgud
keragodu,arkalgud
kutakamarati kaval,arkalgud
lakkur,arkalgud
maduranahalli,arkalgud
kantapura,arkalgud
basavanahalli hantha,arkalgud
halekeralapura,arkalgud
honnenahalli,arkalgud
keralapura,arkalgud
doramballi,arkalgud
nyamanahalli,hole narsipur
kabbinahalli,hole narsipur
amanidoddakere,hole narsipur
hangarahalli,hole narsipur
basavanayakanahalli,hole narsipur
hanumanahalli,hole narsipur
haralahalli,hole narsipur
mavinakere,hole narsipur
amanichikkere,hole narsipur
halekote,hole narsipur
kinnarahalli,hole narsipur
machagowdanahalli,hole narsipur
haradanahalli,hole narsipur
kyathanahalli,hole narsipur
channapura,hole narsipur
kamasamudra,hole narsipur
kattebelaguli,hole narsipur
kattebelaguli hantha,hole narsipur
yalleshapura hantha,hole narsipur
yalleshapura,hole narsipur
beemanahalli,hole narsipur
chikknahalli,hole narsipur
hirebelaguli,hole narsipur
hirebelaguli hantha,hole narsipur
kadavinakote hantha,hole narsipur
kadavinakote,hole narsipur
kadavinahosahalli,hole narsipur
kadavinah0sahalli hantha,hole narsipur
bagivalu,hole narsipur
bettadasathenahalli,hole narsipur
sigaranahalli,hole narsipur
thavanandi,hole narsipur
boranahalli,hole narsipur
ankanahalli,hole narsipur
sabbanahalli,hole narsipur
karaganahalli,hole narsipur
malali,hole narsipur
parasanahalli,hole narsipur
gavisomanahalli,hole narsipur
theranya,hole narsipur
chandapura,hole narsipur
chakenahalli,hole narsipur
arekalhosahalli,hole narsipur
hariharapura,hole narsipur
beeranahalli,hole narsipur
kallenahalli kaval,hole narsipur
bagivalu hantha,hole narsipur
hoovinahalli,hole narsipur
hoovinahalli hantha,hole narsipur
beechenahalli hantha,hole narsipur
beechenahalli,hole narsipur
gopanahalli,hole narsipur
kalenahalli,hole narsipur
doddakunche,hole narsipur
borehosur,hole narsipur
pillenahalli,hole narsipur
kallenahalli,hole narsipur
misiganahalli,hole narsipur
mavanoor,hole narsipur
laxmipura,hole narsipur
bittagowdanahalli,hole narsipur
banukuppe,hole narsipur
shivapura,hole narsipur
kamenahalli,hole narsipur
athichowdenahalli,hole narsipur
ontigudda kaval,hole narsipur
kurubarahalli,hole narsipur
kodihalli,hole narsipur
hale kunche,hole narsipur
hosahalli,hole narsipur
vaddarahalli,hole narsipur
hadavanahalli,hole narsipur
hadavanahalli hantha,hole narsipur
unnenahalli hantha,hole narsipur
kumkumadahosur,hole narsipur
kumkumadahosur hantha,hole narsipur
sagar,hole narsipur
sagar hantha,hole narsipur
gulisathenahalli hantha,hole narsipur
gulisathenahalli,hole narsipur
unnenahalli,hole narsipur
marasettihalli,hole narsipur
marasettihalli hantha,hole narsipur
kattehosahalli hantha,hole narsipur
kattehosahalli,hole narsipur
mallasamudra,hole narsipur
mallasamudra hantha,hole narsipur
boovanahalli,hole narsipur
hirehalli,hole narsipur
gangoor,hole narsipur
ankavalli,hole narsipur
maragowdanahalli,hole narsipur
paduvalahippe,hole narsipur
makavalli,hole narsipur
kattahalli,hole narsipur
chikkabyagathavalli,hole narsipur
doddabyagathavalli,hole narsipur
chigahalli,hole narsipur
challigarahalli,hole narsipur
bandisettihalli,hole narsipur
mundanahalli,hole narsipur
billenahalli,hole narsipur
sankanahalli,hole narsipur
dakshinanala,hole narsipur
ankanathapura,hole narsipur
nagalapura,hole narsipur
krishnapura,hole narsipur
chittanahalli,hole narsipur
ichanahalli,hole narsipur
byadarahalli,hole narsipur
galipura kaval,hole narsipur
galipura,hole narsipur
yalechagahalli,hole narsipur
gadenahalli,hole narsipur
holenarasipura (rural),hole narsipur
gondi mallenahalli,hole narsipur
thattekere,hole narsipur
sunkalhosur,hole narsipur
mangalapura,hole narsipur
thirumalapura,hole narsipur
amanihirekere,hole narsipur
chikkchagahalli,hole narsipur
mallenahalli,hole narsipur
lakkur,hole narsipur
honnavara,hole narsipur
kongalabeedu,hole narsipur
s.ankanahalli,hole narsipur
peddanahalli,hole narsipur
gulladapura,hole narsipur
aladahalli,hole narsipur
hullahalli,hole narsipur
mallappanahalli,hole narsipur
tevadahalli,hole narsipur
gaddehosur,hole narsipur
mudalahippe,hole narsipur
hipped amanikere,hole narsipur
srimatada kaval,hole narsipur
maranayakanahalli,hole narsipur
ediganahosur,hole narsipur
gunje,hole narsipur
somanahalli,hole narsipur
jakkavalli,hole narsipur
hangrahosur,hole narsipur
ulivala,hole narsipur
singapura,hole narsipur
singapura nala,hole narsipur
adikekerehosur,hole narsipur
volambige,hole narsipur
kattehosur,hole narsipur
mulekalenahalli,hole narsipur
gubbi,hole narsipur
uyyigowdanahalli,hole narsipur
uddurhosahalli,hole narsipur
keragodu,hole narsipur
muddanahalli,hole narsipur
jakkanahalli,hole narsipur
cholenahalli,hole narsipur
ramenahalli,hole narsipur
bandiganahalli,hole narsipur
beekanahalli,hole narsipur
godagundi,hole narsipur
bediganahalli,hole narsipur
kuppe,hole narsipur
niduvani,hole narsipur
odanahalli,hole narsipur
madihalli,hole narsipur
hadya,hole narsipur
gejjiganahalli,hole narsipur
motanayakanahalli,hole narsipur
bidarakka,hole narsipur
sidlahalli,hole narsipur
nerale,hole narsipur
kogilahalli,hole narsipur
nerale bore kaval,hole narsipur
malanayakanahalli,hole narsipur
bylagunda kaval,hole narsipur
nanjalapura,hole narsipur
badakyathanahalli,hole narsipur
guddenahalli,hole narsipur
jakanahalli,hole narsipur
haragodanahalli,hole narsipur
kallode borekaval,hole narsipur
kuri kaval,hole narsipur
mangalavadi,hole narsipur
h.hindalahalli,hole narsipur
malliganahalli,hole narsipur
tejur,hole narsipur
tejur mayagowdanahalli,hole narsipur
tathanahalli,hole narsipur
menaganahalli,hole narsipur
alagodanahalli,hole narsipur
chikkakadnur,hole narsipur
c.hindalahalli,hole narsipur
kolalubore kaval,hole narsipur
dalagowdanahalli,hole narsipur
kallahalli,hole narsipur
halli mysore,hole narsipur
gohalli,hole narsipur
singanakuppe,hole narsipur
makaballi,hole narsipur
mukkanahalli,hole narsipur
gummanaladahosahalli,hole narsipur
devaraguddenahalli,hole narsipur
upparahosahalli,hole narsipur
shankarasettihalli,hole narsipur
doddahalli kaval,hole narsipur
kabbur,hole narsipur
bachanahalli,hole narsipur
doddakadanur,hole narsipur
annechakenahalli,hole narsipur
bantarathalalu,hole narsipur
arehalli,hole narsipur
havinamaranahalli,hole narsipur
kadavinabachanahalli,hole narsipur
devaramuddanahalli,hole narsipur
nagarthi,hole narsipur
nagarthi amanikere,hole narsipur
uddinabore kaval,hole narsipur
sravanur,hole narsipur
gulaganjihalli,hole narsipur
hirithalalu,hole narsipur
rangenahalli,hole narsipur
neggalahalli,hole narsipur
yadegowdanahalli,hole narsipur
honnenahalli,hole narsipur
anekannambadi,hole narsipur
sanyasihosahalli,hole narsipur
marahalli,hole narsipur
donanaghatta,hole narsipur
marahalli kaval,hole narsipur
doddahalli,hole narsipur
ragithalli kaval,hole narsipur
nagaranahalli,hole narsipur
ganjikuppahalli,hole narsipur
maluganahalli,hole narsipur
kotiganahosur,hole narsipur
mudalamayigowdanahalli,hole narsipur
d.samudravalli,channarayapatna
sajjekoppalu,channarayapatna
vantigudda kaval,channarayapatna
sannenahalli,channarayapatna
sattigodanahalli,channarayapatna
somanathanahalli,channarayapatna
b.samudravalli,channarayapatna
baladare,channarayapatna
tenkanahalli,channarayapatna
dandiganahalli,channarayapatna
avareninganakoppal,channarayapatna
muraranahalli,channarayapatna
doothanur kaval,channarayapatna
chikkarade,channarayapatna
doddakarade,channarayapatna
belaguli,channarayapatna
chowlagala,channarayapatna
tarabenahalli,channarayapatna
varanahalli,channarayapatna
nettekere,channarayapatna
sathenahalli,channarayapatna
thippur,channarayapatna
ankenahalli,channarayapatna
kundur,channarayapatna
gyarahalli,channarayapatna
thimmalapura,channarayapatna
madalapura,channarayapatna
annenahalli,channarayapatna
muddanahalli,channarayapatna
vagarahalli,channarayapatna
hirihalli,channarayapatna
appenahalli,channarayapatna
yeliyur,channarayapatna
jakkenahalli,channarayapatna
y.singenahalli,channarayapatna
uppinahalli,channarayapatna
chowdenahalli,channarayapatna
baragur,channarayapatna
chikkamathighatta,channarayapatna
doddamathighatta,channarayapatna
hosur,channarayapatna
alagodanahalli,channarayapatna
gejjegaranahalli,channarayapatna
aralabaragur,channarayapatna
katrighatta,channarayapatna
sagathavalli,channarayapatna
channapura,channarayapatna
anekere,channarayapatna
malenahalli,channarayapatna
nambihalli,channarayapatna
hampanahalli,channarayapatna
kalenahalli,channarayapatna
nadanahalli,channarayapatna
narayanapura,channarayapatna
paduvanahalli,channarayapatna
noranakki,channarayapatna
bindenahalli,channarayapatna
bindenahalli kaval,channarayapatna
kagganti kaval,channarayapatna
mancheganahalli,channarayapatna
honnashettyhalli,channarayapatna
k. singenahalli,channarayapatna
thejigere,channarayapatna
pothanahalli,channarayapatna
kachenahalli,channarayapatna
kumbenahalli,channarayapatna
chittanahosahalli,channarayapatna
agrahara,channarayapatna
cholenahalli,channarayapatna
somadevarapura,channarayapatna
a.kalenahalli,channarayapatna
kurikaval,channarayapatna
joisarahalli,channarayapatna
madaguddanahalli,channarayapatna
balaghatta,channarayapatna
balehalli,channarayapatna
bidare,channarayapatna
gobbalihalli,channarayapatna
basavanapura,channarayapatna
chikkarasanahalli,channarayapatna
k.dasapura,channarayapatna
lakkihalli,channarayapatna
c.honnenahalli,channarayapatna
jakkanahalli,channarayapatna
m.shivara,channarayapatna
hongehalli,channarayapatna
agasarahalli,channarayapatna
banavase,channarayapatna
krishnapura,channarayapatna
halasinahalli,channarayapatna
darshihalli,channarayapatna
maragur,channarayapatna
somenahalli,channarayapatna
kamanahalli,channarayapatna
kalamaranahalli,channarayapatna
kakkihalli,channarayapatna
k.byrapura,channarayapatna
kembalu,channarayapatna
hullenahalli,channarayapatna
beechagondanahalli,channarayapatna
valagerehalli,channarayapatna
kodihalli,channarayapatna
thippalapura,channarayapatna
papanaghatta,channarayapatna
anathi,channarayapatna
honnanakoppal,channarayapatna
chattanahalli,channarayapatna
adihalli,channarayapatna
chokenahalli,channarayapatna
chowvenahalli,channarayapatna
baktaravalli,channarayapatna
muddanahalli kaval,channarayapatna
kallumallenahalli,channarayapatna
kashipura,channarayapatna
govinakere,channarayapatna
dyavanoor,channarayapatna
kooradahalli,channarayapatna
kumbarahalli,channarayapatna
kundur mallenahalli,channarayapatna
mudanahalli,channarayapatna
chamarajapura,channarayapatna
byadarahalli,channarayapatna
darasighatta,channarayapatna
madaba,channarayapatna
maruvanahalli,channarayapatna
bagur,channarayapatna
dyavanahalli,channarayapatna
daddihalli,channarayapatna
honnenahalli,channarayapatna
obalapura,channarayapatna
kallesomanahalli,channarayapatna
kamanayakanahalli,channarayapatna
chikkonahalli,channarayapatna
navile,channarayapatna
rechihalli,channarayapatna
b.byrapura,channarayapatna
karehalli,channarayapatna
channenahalli,channarayapatna
nagenahalli,channarayapatna
chikkaganni,channarayapatna
gullahalli,channarayapatna
nallur,channarayapatna
doddaganni,channarayapatna
dadadahalli,channarayapatna
adagur,channarayapatna
mallenahalli,channarayapatna
yachenahalli,channarayapatna
kaggali kaval,channarayapatna
devasthana kalenahalli,channarayapatna
kerechikenahalli,channarayapatna
belasinda,channarayapatna
gulasinda,channarayapatna
chikkanayakanahalli,channarayapatna
byaladakere,channarayapatna
kuruvanka,channarayapatna
p.dasapura,channarayapatna
gollara hosahalli,channarayapatna
vaddarahalli,channarayapatna
kalasinda,channarayapatna
karimaranahalli,channarayapatna
chikkagondanahalli,channarayapatna
bandihalli,channarayapatna
gundasetty halli,channarayapatna
guramaranahalli,channarayapatna
channarayapatna (rural),channarayapatna
c.r.patna amanikere,channarayapatna
yaduvanahalli,channarayapatna
bisalahalli,channarayapatna
janivara amanikere,channarayapatna
pyalasamudra,channarayapatna
jattenahalli,channarayapatna
baralu,channarayapatna
shravaneri,channarayapatna
janivara,channarayapatna
chamadihalli,channarayapatna
chamadihalli ane,channarayapatna
shettihalli,channarayapatna
aralapura,channarayapatna
dindagur,channarayapatna
sorekaipura,channarayapatna
devigere,channarayapatna
soppinahalli,channarayapatna
nandipura,channarayapatna
jogipura,channarayapatna
k.kalenahalli,channarayapatna
bediganahalli,channarayapatna
malavanaghatta,channarayapatna
anthanahalli,channarayapatna
gowdagere,channarayapatna
gowdagere kaval,channarayapatna
valageresomanahalli,channarayapatna
badakanahalli,channarayapatna
somalapura,channarayapatna
harosomanahalli,channarayapatna
nettikere,channarayapatna
tavarekere,channarayapatna
jambur,channarayapatna
j.madihalli,channarayapatna
kalkere,channarayapatna
avverahalli,channarayapatna
mavinahalli,channarayapatna
bhoovanahalli,channarayapatna
heggadigere,channarayapatna
tagadur,channarayapatna
lakkarasanahalli,channarayapatna
rangapura,channarayapatna
rayasamudra kaval,channarayapatna
virupakshapura,channarayapatna
honna maranahalli,channarayapatna
jambur amanikere,channarayapatna
hulikere,channarayapatna
athihalli,channarayapatna
kaggere,channarayapatna
m.honnenahalli,channarayapatna
bananakere,channarayapatna
hebbalalu,channarayapatna
karekere,channarayapatna
samudravalli,channarayapatna
nuggehalli,channarayapatna
m.dasapura,channarayapatna
hoovinahalli,channarayapatna
a.belaguli,channarayapatna
narenahalli,channarayapatna
dyavalapura,channarayapatna
rampura,channarayapatna
s.shivara,channarayapatna
hosahalli,channarayapatna
yachanaghatta,channarayapatna
duggenahalli,channarayapatna
channagonahalli,channarayapatna
ganjigere,channarayapatna
neralakere,channarayapatna
mullkere,channarayapatna
joisaramavinahalli,channarayapatna
kattigehalli,channarayapatna
baddikere,channarayapatna
chinnenahalli,channarayapatna
dodderi,channarayapatna
gulihonnenahalli,channarayapatna
madihalli,channarayapatna
dodderi kaval,channarayapatna
kavalhosur,channarayapatna
maradihalli,channarayapatna
akkanahalli,channarayapatna
sosalagere,channarayapatna
kanuvanaghatta,channarayapatna
masakanahalli,channarayapatna
dasarahalli,channarayapatna
kabbali,channarayapatna
mandaleekanahalli,channarayapatna
mukikere,channarayapatna
bilikere,channarayapatna
ungragere,channarayapatna
madalagere kaval,channarayapatna
madalagere,channarayapatna
nimbihalli,channarayapatna
pura,channarayapatna
nari halli,channarayapatna
thuppada halli,channarayapatna
didaga,channarayapatna
k.kamana ghatta,channarayapatna
d. tumukur,channarayapatna
bidarakere,channarayapatna
ugenahalli,channarayapatna
hammanahalli,channarayapatna
karikyathanahalli,channarayapatna
mellahalli,channarayapatna
ullavalli,channarayapatna
naganahalli,channarayapatna
jinnenahalli,channarayapatna
thoti,channarayapatna
belagihalli,channarayapatna
heggadihalli,channarayapatna
bookanabetta,channarayapatna
booka,channarayapatna
hirisave,channarayapatna
metikere,channarayapatna
makanahalli,channarayapatna
kabbinakere,channarayapatna
honnashettihalli,channarayapatna
mudibetta kaval,channarayapatna
gowdarahalli,channarayapatna
honnamaranahalli,channarayapatna
yalanahalli,channarayapatna
thoobinakere,channarayapatna
kollenahalli,channarayapatna
arakere,channarayapatna
sorekayipura,channarayapatna
mathigatta,channarayapatna
bommenahalli,channarayapatna
channenahalli (channahalli),channarayapatna
bandiyala,channarayapatna
kamaravalli,channarayapatna
cholamballi,channarayapatna
yagati,channarayapatna
boregowdana koppalu,channarayapatna
ayyarahalli,channarayapatna
sabbanahalli,channarayapatna
kothanahalli,channarayapatna
kirisave,channarayapatna
balaganchi amanikere,channarayapatna
balaganchi,channarayapatna
chikkabilithi,channarayapatna
hiribilithi,channarayapatna
kantharajapura,channarayapatna
hadenahalli,channarayapatna
b.cholenahalli,channarayapatna
manchenahalli,channarayapatna
ragibommenahalli,channarayapatna
kodibelagola,channarayapatna
halebelagola,channarayapatna
shivapura,channarayapatna
bekka,channarayapatna
b. honnenahalli,channarayapatna
parama,channarayapatna
bekkadamanikere,channarayapatna
bastihalli,channarayapatna
rachenahalli,channarayapatna
jinnathapura,channarayapatna
uthenahalli,channarayapatna
halumathighatta,channarayapatna
kabbalu,channarayapatna
sugganahalli koppal,channarayapatna
sugganahalli,channarayapatna
gurigaranahalli,channarayapatna
aladahalli,channarayapatna
k.hosahalli,channarayapatna
dinka,channarayapatna
d. honnenahalli,channarayapatna
dammaningala,channarayapatna
majjanahalli,channarayapatna
kothanaghatta,channarayapatna
k.bommenahalli,channarayapatna
aruvanahalli,channarayapatna
kantirayapura,channarayapatna
sanenahalli,channarayapatna
s. hosahalli,channarayapatna
sundahalli,channarayapatna
basavanahalli,channarayapatna
kempinakote,channarayapatna
gullenahalli,channarayapatna
mattanavile,channarayapatna
mallasettyhalli,channarayapatna
rajapura,channarayapatna
kasaranahalli,channarayapatna
huligere,channarayapatna
poomadihalli,channarayapatna
m. hosur,channarayapatna
madane,channarayapatna
ankanahalli,channarayapatna
juttanahalli,channarayapatna
beeranahalli,channarayapatna
chalya,channarayapatna
korenahalli,channarayapatna
dadigatta,channarayapatna
shravanabelgola (ct),channarayapatna
nagasamudra (og),channarayapatna
marenahalli (og),channarayapatna
athikari bettu,mangalore
karnire,mangalore
balkunje,mangalore
ulipady,mangalore
kollur,mangalore
kavathar,mangalore
shimanthur,mangalore
kilpady,mangalore
bellairu,mangalore
padupanamboor,mangalore
sasihithlu,mangalore
pavanje,mangalore
haleangady,mangalore
thokur-(10),mangalore
elathur,mangalore
elinje,mangalore
aikala,mangalore
menna bettu,mangalore
kemral,mangalore
koikude,mangalore
panja,mangalore
attur,mangalore
kilenjur,mangalore
nadugodu,mangalore
kondemula,mangalore
kadandale,mangalore
paladka,mangalore
kallamundkooru,mangalore
niddodi,mangalore
badagumijaru,mangalore
tenkamijar,mangalore
thodaru,mangalore
ervuailu,mangalore
puchhamoguru,mangalore
hosabettu,mangalore
puthige,mangalore
beluvai,mangalore
padumarnadu,mangalore
moodumarnadu,mangalore
kellaputhige,mangalore
daregudde,mangalore
panapila,mangalore
nellikaru,mangalore
valpadi,mangalore
padukonaje,mangalore
moodukonaje,mangalore
shirthadi,mangalore
mantrady,mangalore
madya,mangalore
surinje,mangalore
delanthabettu,mangalore
badagayekkaru,mangalore
tenkayekkar,mangalore
permude,mangalore
kalavar,mangalore
malavoor,mangalore
paduperar,mangalore
kompadavu,mangalore
muchur,mangalore
adyapady,mangalore
kandavara,mangalore
tenkayedapadavu,mangalore
badagayedapadavu,mangalore
killenjaru,mangalore
kolavooru,mangalore
muthuru,mangalore
mogaru,mangalore
tankaulipady,mangalore
ulaibettu,mangalore
mallur,mangalore
amblamogru,mangalore
pavoor,mangalore
boliyar,mangalore
kinnya,mangalore
talipady (ct),mangalore
bajpe (ct),mangalore
thokur-62 (ct),mangalore
kenjar (ct),mangalore
kolambe (ct),mangalore
muduperar (ct),mangalore
badagaulipady (ct),mangalore
mudushedde (ct),mangalore
mulur (ct),mangalore
addur (ct),mangalore
bondathila (ct),mangalore
neermarga (ct),mangalore
adyar (ct),mangalore
arkula (ct),mangalore
harekala (ct),mangalore
konaje (ct),mangalore
belma (ct),mangalore
munnur (ct),mangalore
someshwar (ct),mangalore
kotekara (ct),mangalore
talapady (ct),mangalore
manjanady (ct),mangalore
chelliru (og),mangalore
kuthethur (og),mangalore
bala (og),mangalore
padushedde (og),mangalore
karpe,bantval
sangabettu,bantval
eliyanadugodu,bantval
kukkipady,bantval
rayee,bantval
arala,bantval
kuriyala,bantval
amtady,bantval
panjikal,bantval
koila,bantval
chennaithodi,bantval
ajjibettu,bantval
kudambettu,bantval
pilimogru,bantval
budoli,bantval
mudanadugodu,bantval
kavalpadur,bantval
kadabettu,bantval
moodapadukodi,bantval
irvathur,bantval
pilathabettu,bantval
kavalmudur,bantval
devasyapadur,bantval
sarapady,bantval
devasyamudur,bantval
badagakajekar,bantval
tenkakajekar,bantval
uli,bantval
maninalkur,bantval
badaga bellur,bantval
tenkabellur,bantval
ammunje,bantval
meremajalu,bantval
kodman,bantval
kallige,bantval
sajipapadu,bantval
chelur,bantval
kurnad,bantval
phajeer,bantval
naringana,bantval
balepuni,bantval
ira,bantval
sajipamuda,bantval
amtoor,bantval
shambhoor,bantval
manchi,bantval
golthamajal,bantval
balthila,bantval
barimar,bantval
kadeshwalya,bantval
kolnadu,bantval
bolanthuru,bantval
veerakamba,bantval
ananthadi,bantval
mani,bantval
peraje,bantval
biliyur,bantval
perne,bantval
kedila,bantval
netlamudnur,bantval
vittalpadanur,bantval
salethur,bantval
karopady,bantval
kanyana,bantval
peruvai,bantval
manila,bantval
alike,bantval
idkidu,bantval
kula,bantval
vittalmudnoor,bantval
kepu,bantval
punacha,bantval
kariyangala (ct),bantval
pudu (ct),bantval
thumbe (ct),bantval
sajipanadu (ct),bantval
munnuru (ct),bantval
narikombu (ct),bantval
navoor (ct),bantval
kairangala (ct),bantval
vittal (ct),bantval
marodi,beltangadi
naravi,beltangadi
kuthluru,beltangadi
sulkeri,beltangadi
kokradi,beltangadi
savya,beltangadi
peradi,beltangadi
kashipatna,beltangadi
badakodi,beltangadi
hosangadi,beltangadi
arambodi,beltangadi
gunduri,beltangadi
venooru,beltangadi
karimanelu,beltangadi
moodukodi,beltangadi
andinje,beltangadi
kudyadi,beltangadi
navara,beltangadi
sulkerimogru,beltangadi
shirlalu,beltangadi
karambaru,beltangadi
badagakaranduru,beltangadi
pilya,beltangadi
nittade,beltangadi
bajire,beltangadi
kukkedi,beltangadi
nalkuru,beltangadi
balenja,beltangadi
thenkakaranduru,beltangadi
savanalu,beltangadi
navooru,beltangadi
mithabagilu,beltangadi
malavanthige,beltangadi
charmadi,beltangadi
kadirudyavara,beltangadi
indabettu,beltangadi
kanyady,beltangadi
nada,beltangadi
laila,beltangadi
munduru,beltangadi
melanthabettu,beltangadi
padangady,beltangadi
gardadi,beltangadi
maladi,beltangadi
sonandur,beltangadi
odilnala,beltangadi
koyyur,beltangadi
ujire,beltangadi
kalamanja,beltangadi
mundaje,beltangadi
thotathadi,beltangadi
neriya,beltangadi
kukkala,beltangadi
parenky,beltangadi
machina,beltangadi
kaliya,beltangadi
nyayatarpu,beltangadi
kaniyooru,beltangadi
thannirpantha,beltangadi
puthila,beltangadi
thekkaru,beltangadi
barya,beltangadi
karaya,beltangadi
ilanthila,beltangadi
urvalu,beltangadi
mogru,beltangadi
bandaru,beltangadi
belalu,beltangadi
dharmasthala,beltangadi
chibidre,beltangadi
puduvettu,beltangadi
shishila,beltangadi
kalanja,beltangadi
nidle,beltangadi
patrame,beltangadi
kokkada,beltangadi
hathyadka,beltangadi
rekhya,beltangadi
shibaje,beltangadi
kuvettu (ct),beltangadi
kabaka  (rural),puttur
kudipadi,puttur
padnoor  (rural),puttur
bannur  (rural),puttur
kodimbady,puttur
chickamudnoor  (rural),puttur
bellipadi,puttur
nekkiladi,puttur
hirebandadi,puttur
bajathuru,puttur
g0lithattu,puttur
alanthaya,puttur
konalu,puttur
nelyadi,puttur
kowkradi,puttur
ichlampady,puttur
konaje,puttur
shirady,puttur
shiribagilu,puttur
koila,puttur
ramakunja,puttur
haleneranki,puttur
perabe,puttur
kunthoor,puttur
ballya,puttur
noojibalthila,puttur
renjilady,puttur
kombaru,puttur
bilinele,puttur
bantra,puttur
kutrupadi,puttur
charvaka,puttur
kudmaru,puttur
alankaru,puttur
savanur,puttur
punachpady,puttur
palthadi,puttur
belandoor,puttur
kaimana,puttur
kaniyoor,puttur
dolpady,puttur
kadaba,puttur
kodimbala,puttur
102 nekkilady,puttur
aithoor,puttur
balnadu  (rural),puttur
aryapu  (rural),puttur
kuriya,puttur
kemminje (rural),puttur
narimogru,puttur
shanthigodu,puttur
sarve,puttur
mundoor,puttur
kedambady,puttur
olamogru,puttur
irde,puttur
panaje,puttur
bettampady,puttur
ariyadka,puttur
keyyur,puttur
madnooru,puttur
badagannur,puttur
nidpalli,puttur
paduvannur,puttur
nettanigemudnoor,puttur
kolthige,puttur
uppinangady (ct),puttur
peruvaje,sulya
kodiyala,sulya
balila,sulya
bellare,sulya
kalanja,sulya
mupperia,sulya
aivarnadu,sulya
jalsoor,sulya
kanaka majalu,sulya
mandekolu,sulya
ajjavara,sulya
amarapadnoor,sulya
amaramudnur,sulya
nellurkembraje,sulya
ubaradka mittur,sulya
aletty,sulya
thodikana,sulya
aranthodu,sulya
markanja,sulya
madappady,sulya
sampaje,sulya
murulya,sulya
yedamangala,sulya
yenmooru,sulya
aivathoklu,sulya
pambethady,sulya
kalmadka,sulya
kuthkunja,sulya
kenya,sulya
balpa,sulya
guthigaru,sulya
devachalla,sulya
nalkooru,sulya
yenekallu,sulya
subramanya,sulya
inakidu,sulya
balagodu,sulya
hariharapallathadka,sulya
kollamogru,sulya
kalmakaru,sulya
karike,madikeri
thannimani,madikeri
cherangala,madikeri
sannapulikotu (no.2),madikeri
bhagamandala,madikeri
kundacheri,madikeri
kopatti,madikeri
bettathur,madikeri
kolagadalu,madikeri
singathuru,madikeri
b.badaga,madikeri
bengooru,madikeri
karugunda,madikeri
bettageri,madikeri
aiyangeri,madikeri
kundalpadi peraje,madikeri
melchembu,madikeri
sampaje,madikeri
made,madikeri
katakeri (rural),madikeri
heravanadu,madikeri
aruvathoklu,madikeri
mekeri,madikeri
biligeri,madikeri
kaggodlu,madikeri
hakathoor,madikeri
kalooru,madikeri
hammiyala,madikeri
mukkodlu,madikeri
galibeedu,madikeri
monnangeri,madikeri
kalakeri nidugane (rural),madikeri
hebbettageri,madikeri
makkandur,madikeri
karnangeri,madikeri
ibnivalvadi (rural),madikeri
kadagadalu,madikeri
maragodu,madikeri
hoskeri,madikeri
kanthur,madikeri
mutharmudi,madikeri
kumbaladalu,madikeri
hodavada,madikeri
hoddur,madikeri
m. badaga,madikeri
kiggalu,madikeri
sodluru kattemadu,madikeri
arekadu,madikeri
naladi,madikeri
peroor,madikeri
ballamavati,madikeri
yemmemadu,madikeri
nelji,madikeri
kunjila,madikeri
yevakapadi,madikeri
chelavara,madikeri
kokeri,madikeri
kolakeri,madikeri
napoklu,madikeri
paloor,madikeri
bethu,madikeri
balamuri,madikeri
konanjageri,madikeri
kirundadu,madikeri
nariyandada,madikeri
karada,madikeri
arapattu,madikeri
kasuru,somvarpet
kelakodli,somvarpet
doddakodli,somvarpet
janardanahalli,somvarpet
neergunda,somvarpet
kirikodli,somvarpet
bydagotta,somvarpet
urugutti,somvarpet
doddabilaha,somvarpet
madre,somvarpet
bembalur,somvarpet
sivaralli,somvarpet
ist kudlur,somvarpet
kerekeri,somvarpet
honnekodi,somvarpet
kattepura,somvarpet
kattepura forest,somvarpet
agalli,somvarpet
niluvagilu,somvarpet
doddabandara,somvarpet
koragallu,somvarpet
avaradalu,somvarpet
mudravalli,somvarpet
hulse,somvarpet
bellarahalli,somvarpet
nakalagodu,somvarpet
hebbulse,somvarpet
managali,somvarpet
kitturu,somvarpet
dundalli,somvarpet
cheekanalli,somvarpet
kajur,somvarpet
bidarur,somvarpet
doddakolathur,somvarpet
gopalapura,somvarpet
chowdena halli,somvarpet
sidigalale,somvarpet
hithlukeri,somvarpet
nandigunda,somvarpet
heggula,somvarpet
gowdalli,somvarpet
sunti,somvarpet
honnahanakodu,somvarpet
doddamolathe,somvarpet
malambi forest no.2,somvarpet
channapura,somvarpet
malambi forest,somvarpet
doddakanagalu,somvarpet
alur,somvarpet
malambi,somvarpet
mullur,somvarpet
nidtha,somvarpet
mensa,somvarpet
syandalkote forest,somvarpet
ankanalli,somvarpet
mylathpura,somvarpet
harohalli,somvarpet
kundalli,somvarpet
kumaralli,somvarpet
kothanalli,somvarpet
bettadalli,somvarpet
haraga,somvarpet
shanthalli,somvarpet
koothi,somvarpet
tholur shettalli,somvarpet
chikka tholur,somvarpet
doddatholur,somvarpet
abbimatta,somvarpet
thalthare shetalli,somvarpet
thakeri,somvarpet
biligeri,somvarpet
kiragandur,somvarpet
hanagallu,somvarpet
yedur,somvarpet
kalakandur,somvarpet
choudlu,somvarpet
balagunda,somvarpet
kusubur,somvarpet
aigur*,somvarpet
gadinad forest,somvarpet
belur basavanalli,somvarpet
negalale karkalli,somvarpet
masagodu,somvarpet
nerugalale,somvarpet
gonimarur,somvarpet
ganagur,somvarpet
nidtha forest i bit,somvarpet
nidtha forest ii bit,somvarpet
yelakanur,somvarpet
yedavanadu forest ii,somvarpet
surlabi,somvarpet
garvale,somvarpet
sirangalli,somvarpet
kumbur,somvarpet
muvathoklu,somvarpet
kandanakolli,somvarpet
kedakal negadal,somvarpet
ulugulli,somvarpet
anjanageri bettageri,somvarpet
garagandur,somvarpet
nakur sirangala,somvarpet
herur,somvarpet
andagove,somvarpet
kanbylu baichanalli,somvarpet
attur nallur,somvarpet
horur,somvarpet
irale valamudi,somvarpet
cherala srimangala,somvarpet
7 th hosakote,somvarpet
bhageri forest,somvarpet
mavina halla forest,somvarpet
manajur,somvarpet
sirangala,somvarpet
thorenur,somvarpet
hebbale,somvarpet
marur,somvarpet
jainkalbetta forest,somvarpet
blockcut from.jainkalbetta,somvarpet
yedavanadu forest i bit,somvarpet
kudige,somvarpet
kudumangalore,somvarpet
bendebetta forest,somvarpet
anekad forest,somvarpet
mullusoge,somvarpet
baichanalli,somvarpet
basavana halli,somvarpet
rasulpura,somvarpet
attur forest,somvarpet
nanjarayapatna,somvarpet
kudlurchettalli,somvarpet
abyathamangala,somvarpet
nelliyahadikeri,somvarpet
valnur hyagathur,somvarpet
rangasamudra,somvarpet
kunjalageri,virajpet
nalkeri,virajpet
bellumadu,virajpet
kadanga marur,virajpet
maithadi,virajpet
devanageri,virajpet
arameri,virajpet
palangala,virajpet
kedamullur,virajpet
heggala,virajpet
betoli,virajpet
kottoli,virajpet
kadanur,virajpet
kuklur,virajpet
chembe belliyur,virajpet
aimangala,virajpet
maggula,virajpet
arji,virajpet
v.badaga,virajpet
nangala,virajpet
balugodu,virajpet
bittangala,virajpet
1st rudraguppe,virajpet
halugunda,virajpet
hachinad,virajpet
yedur,virajpet
byrambada,virajpet
kannangala,virajpet
guhya,virajpet
karadigodu,virajpet
maldare,virajpet
channayan kote,virajpet
siddapura,virajpet
puliyeri,virajpet
ammathi,virajpet
kavadi,virajpet
karmadu,virajpet
nalvathoklu,virajpet
bilugunda,virajpet
hosakote,virajpet
bettakeri,virajpet
mekur hosakeri,virajpet
badagabanangala,virajpet
hosoor,virajpet
kalathmadu,virajpet
kolatodu bygodu,virajpet
hathur,virajpet
kaikeri,virajpet
hebbale,virajpet
devamachi forest,virajpet
arekeri forest - i,virajpet
arekeri forest - ii,virajpet
arekeri forest - iii,virajpet
nokya,virajpet
mayamudi,virajpet
aruvath0klu,virajpet
kunda,virajpet
b.shettigeri,virajpet
kuttandi,virajpet
halligattu,virajpet
kirgur,virajpet
matoor,virajpet
bekke sodlur,virajpet
kanur,virajpet
parakatageri,virajpet
theralu,virajpet
badagarakeri,virajpet
hysodlur,virajpet
hudikeri,virajpet
begur,virajpet
mugatageri,virajpet
chikka mandur,virajpet
balyamandur,virajpet
bellur,virajpet
t.  shettigeri,virajpet
harihara,virajpet
kothur,virajpet
nalkeri forest,virajpet
kumtoor,virajpet
nemmale east and west,virajpet
kurchi,virajpet
manchalli & forest,virajpet
kutta,virajpet
badaga,virajpet
dhanugala,virajpet
balele,virajpet
bilur,virajpet
nalloor,virajpet
besagur,virajpet
kottageri,virajpet
nittur,virajpet
devanur,virajpet
hathugattu forest i,virajpet
gonikoppal (ct),virajpet
k. basavanahalli,piriyapatna
gobbalikaval,piriyapatna
manuganahalli,piriyapatna
kanagal,piriyapatna
chamarayanakote,piriyapatna
sulekote,piriyapatna
kambipura,piriyapatna
hegathur,piriyapatna
gariguddakaval,piriyapatna
ichanahalli,piriyapatna
gudibhadranahosahalli,piriyapatna
rasimartikaval,piriyapatna
rajanabelaguli,piriyapatna
hunasethoppalu,piriyapatna
ganganakuppe,piriyapatna
adagoor,piriyapatna
shanuboganahalli,piriyapatna
ambalare,piriyapatna
vaddarabylakuppe,piriyapatna
chapparadahalli,piriyapatna
hasuvinakaval,piriyapatna
byadarabilaguli,piriyapatna
haleyur,piriyapatna
haranahalli,piriyapatna
chikkanerale,piriyapatna
tharikal,piriyapatna
doddanerale,piriyapatna
kesarakere,piriyapatna
bilagunda,piriyapatna
channakalkaval,piriyapatna
doddakamaravalli,piriyapatna
chikkamaravalli,piriyapatna
dindagadu,piriyapatna
avarthi,piriyapatna
sunkadahalli,piriyapatna
benagal,piriyapatna
doddahonnurkaval,piriyapatna
maradiyur,piriyapatna
koppa,piriyapatna
giragur,piriyapatna
doddahosur,piriyapatna
guddenahalli,piriyapatna
bylakuppe,piriyapatna
doddahonnur,piriyapatna
muthakur,piriyapatna
gulledahalla jungle,piriyapatna
m. hosahalli,piriyapatna
thirumalapura,piriyapatna
p. basavanahalli,piriyapatna
poonadahalli,piriyapatna
charapura,piriyapatna
handiguddadakaval,piriyapatna
gollarahosahalli,piriyapatna
lakshmipura,piriyapatna
kailasapura,piriyapatna
aralikumari,piriyapatna
lingapura,piriyapatna
doddaharve forest,piriyapatna
doddaharve,piriyapatna
basavanayeni,piriyapatna
halaganahalli,piriyapatna
suragahalli,piriyapatna
gorahalli,piriyapatna
haradur,piriyapatna
anivalu,piriyapatna
kowlanahalli,piriyapatna
harinahalli,piriyapatna
sangarasettyhalli,piriyapatna
navilukodikaval,piriyapatna
naganahalli,piriyapatna
attigodu,piriyapatna
melur,piriyapatna
maradoor,piriyapatna
kithoor,piriyapatna
galaganakere,piriyapatna
thammadahalli,piriyapatna
kothavalli,piriyapatna
hiremalali,piriyapatna
chikkamalali,piriyapatna
bettada thunga,piriyapatna
bettadakaval,piriyapatna
bettadapura,piriyapatna
kurgallu,piriyapatna
depura,piriyapatna
vaderahosahalli  jungle,piriyapatna
nilavadi,piriyapatna
konasur,piriyapatna
joganahalli,piriyapatna
bhuvanahalli,piriyapatna
bekkare,piriyapatna
kanoor,piriyapatna
komalapura,piriyapatna
billahalli,piriyapatna
seegekorekaval,piriyapatna
eachuru,piriyapatna
barse,piriyapatna
kudakuru,piriyapatna
nandipura,piriyapatna
n. settihalli,piriyapatna
nilangala,piriyapatna
kelaganahalli,piriyapatna
honnenahalli,piriyapatna
bhavalalu,piriyapatna
handitavalli,piriyapatna
nagaraghatta,piriyapatna
ravandur,piriyapatna
haralahalli,piriyapatna
arenahalli,piriyapatna
bhoganahalli,piriyapatna
kodihalli,piriyapatna
kellur,piriyapatna
r. hosahalli,piriyapatna
makodu,piriyapatna
malaganakere,piriyapatna
m. settihalli,piriyapatna
kalkere,piriyapatna
dorekere,piriyapatna
aithanahalli,piriyapatna
seeguru,piriyapatna
hitnahalli,piriyapatna
manchedevanahalli,piriyapatna
r.thunga,piriyapatna
doddabyalalu,piriyapatna
javanikuppe,piriyapatna
makanahalli,piriyapatna
chikkabyalalu,piriyapatna
sundavalu,piriyapatna
aswalu,piriyapatna
sanyasipura,piriyapatna
hitnehebbagilu,piriyapatna
avarekaiguddadakaval,piriyapatna
telaginakuppe,piriyapatna
k. haralahalli,piriyapatna
neralakuppe,piriyapatna
senabinakuppe,piriyapatna
kandegala,piriyapatna
g.basavanahalli,piriyapatna
hemmige,piriyapatna
kodihalli.k.g,piriyapatna
kaggundi,piriyapatna
dodda vaddarakere,piriyapatna
chikkavaddarakere,piriyapatna
mellahalli,piriyapatna
kiranalli,piriyapatna
basalapura,piriyapatna
kampalapura,piriyapatna
borehosahalli,piriyapatna
naviloor,piriyapatna
alanahalli,piriyapatna
kundanahalli,piriyapatna
mallinathapura,piriyapatna
hunasavadi,piriyapatna
kamanahalli,piriyapatna
boothanahalli,piriyapatna
koralahosahalli,piriyapatna
lingapura forest,piriyapatna
ayarabeedu,piriyapatna
bemmathi,piriyapatna
ilapura,piriyapatna
belathur,piriyapatna
chittenahalli,piriyapatna
chowdenahalli,piriyapatna
channenahalli,piriyapatna
naralapura,piriyapatna
kirangoor,piriyapatna
rajivagrama,piriyapatna
muthur,piriyapatna
magali,piriyapatna
halepetekantapura,piriyapatna
haravemallarajapatna,piriyapatna
piriyapatna (rural),piriyapatna
thimakapura,piriyapatna
begur,piriyapatna
kalethimmanahalli,piriyapatna
sulagodu,piriyapatna
kogilavadi,piriyapatna
chowthi,piriyapatna
habatoor,piriyapatna
ankanahalli,piriyapatna
rajapura,piriyapatna
abbur,piriyapatna
tatanahalli,piriyapatna
harilapura,piriyapatna
hunasekuppe,piriyapatna
mummadikaval,piriyapatna
laxmipura,piriyapatna
anechowkur forest,piriyapatna
abbalathi,piriyapatna
malangi,piriyapatna
chowkur,piriyapatna
halasoor,piriyapatna
sathyagalakaval,piriyapatna
sathyagala,piriyapatna
bekya,piriyapatna
ittagalli,piriyapatna
panchavalli,piriyapatna
uthenahalli,piriyapatna
alalur,piriyapatna
muddanahalli *,piriyapatna
kachuvanahalli jungle,piriyapatna
ramenahalli,hunsur
harave,hunsur
marur,hunsur
hirikyathanahalli,hunsur
sheerenahalli,hunsur
manchabayanahalli,hunsur
jabagere,hunsur
chikkadiganahalli,hunsur
keriyuru,hunsur
machabayanahalli,hunsur
mulluru,hunsur
hulyalu,hunsur
gavadagere,hunsur
manuganahalli,hunsur
mylamburu,hunsur
honnenahalli,hunsur
marurkaval,hunsur
chittikyathanahalli,hunsur
mullur,hunsur
moduru,hunsur
modursannena hallikaval,hunsur
sannenahalli,hunsur
thippalapura,hunsur
madapura,hunsur
belthur,hunsur
kattemalalavadi,hunsur
agrahara,hunsur
hodakekattekaval,hunsur
biligere,hunsur
maragowdanahalli,hunsur
pinnikyathanahalli,hunsur
undavadi,hunsur
hejjodlu,hunsur
attiguppe,hunsur
krishnapura,hunsur
siriyuru,hunsur
siriyurunala,hunsur
habbanakuppe,hunsur
lalanakere,hunsur
chilkundakaval,hunsur
yamagumbha,hunsur
kothegala,hunsur
atthikuppe,hunsur
chilkunda,hunsur
kanagal,hunsur
hulaganahalli,hunsur
vadlimanuganahalli,hunsur
harinahalli,hunsur
muthurayana hosahalli,hunsur
kallahalli,hunsur
tammadahalli,hunsur
naganahalli,hunsur
nilavagilukaval,hunsur
adiganahalli,hunsur
kallahallikaval,hunsur
angatahalli,hunsur
chennasoge,hunsur
hosakote,hunsur
thattekere,hunsur
hunasegala,hunsur
muthurayana hosahalli kaval,hunsur
karnakuppe,hunsur
beerathammanahalli,hunsur
hemmige,hunsur
hyrige,hunsur
vaddambalu,hunsur
heggandur,hunsur
kamegowdanahalli,hunsur
gowdikere,hunsur
h.boreroppadakaval,hunsur
kademanuganahalli,hunsur
uduvepura,hunsur
kallaboochahalli,hunsur
settahalli,hunsur
hanagodu,hunsur
kiranguru,hunsur
parekoppalu,hunsur
beeranahallikaval,hunsur
beeranahalli,hunsur
kudlur,hunsur
kottigekaval,hunsur
ummathur,hunsur
hanagodunala,hunsur
penjahallikaval,hunsur
haralahalli,hunsur
madahalli,hunsur
hindugodlu,hunsur
dasanapura,hunsur
doddahejjurkaval,hunsur
abburu,hunsur
sindenahalli,hunsur
negathur,hunsur
kachuvinahalli,hunsur
neralakuppe,hunsur
habbanakuppe k.g,hunsur
billanahosahalli,hunsur
konanahosahalli,hunsur
kolavige,hunsur
mudaganur,hunsur
chikkahejjur,hunsur
doddahejjur,hunsur
doddahejjurkerekaval,hunsur
bharathavadi,hunsur
veeranahosahalli,hunsur
veeranahosahalli jungle,hunsur
thuppadakola,hunsur
kurubarahosahalli,hunsur
varanchi or gurupura,hunsur
kalkunike,hunsur
kirijaji,hunsur
mookanahalli,hunsur
ramapatna,hunsur
kirasodlu,hunsur
kattemalalavadinala,hunsur
thondalu,hunsur
hagaranahalli,hunsur
rayanahalli,hunsur
maraduru,hunsur
kebbe koppalu,hunsur
bannikuppe,hunsur
somanahalli,hunsur
uyyigowdanahalli,hunsur
beejaganahalli,hunsur
doddahunsur,hunsur
nilavagilu,hunsur
govindanahallinala,hunsur
chikkahunsur,hunsur
govindanahalli,hunsur
hanchya,hunsur
nallurunala,hunsur
hanumanthapuranala,hunsur
aspathrekaval,hunsur
ballenahalli,hunsur
rathnapuri,hunsur
uddurkaval,hunsur
uddurnala,hunsur
udduru,hunsur
nadappanahalli,hunsur
madahallikaval,hunsur
maralaiahna koppalu,hunsur
halepura,hunsur
gagenahalli,hunsur
ayarahalli,hunsur
harohalli,hunsur
husenpurakaval,hunsur
gerasanahalli,hunsur
husenpura,hunsur
husenpuranala,hunsur
shravananahalli,hunsur
shsnubhoganahalli,hunsur
lakkur,hunsur
bolanahalli,hunsur
kempanahalli,hunsur
mydanahalli,hunsur
halebeedu,hunsur
vaddarahalli,hunsur
bettadur,hunsur
halladakallahalli,hunsur
boochahalli,hunsur
halebeedukaval,hunsur
bommalapura,hunsur
sabbanahalli,hunsur
mallinathapura,hunsur
rangaiahnakoppalu,hunsur
kuppekolagatta,hunsur
jeenahalli,hunsur
bilikere,hunsur
bilikerekaval,hunsur
hullenahalli,hunsur
devarahalli,hunsur
doddakadanahalli,hunsur
chikkadanahalli,hunsur
ankanahalli,hunsur
handanahalli,hunsur
doddabeechanahalli,hunsur
dallalu,hunsur
chikkabeechanahalli,hunsur
haradanahalli,hunsur
shankahalli,hunsur
vaderahosahalli,hunsur
hallikere,hunsur
khayam gutta gudishetti halli,hunsur
thippur,hunsur
thippurkaval,hunsur
challahalli,hunsur
benkipura,hunsur
gohalli,hunsur
annarayapura,hunsur
dhythyanakerekaval,hunsur
dharmapura,hunsur
basthimadanahalli,hunsur
aswalu,hunsur
maranahalli,hunsur
sulekerekaval,hunsur
gejjaiahnavaddaragudi,hunsur
karimuddanahalli,hunsur
halladakoppalu,hunsur
tarikallu,hunsur
tharikalnala,hunsur
kudineerumuddanahalli,hunsur
uyyigondanahalli,hunsur
tarikalkaval,hunsur
kadavaddaragudi,hunsur
kuttavadi,hunsur
mudlapura,hunsur
devagalli,hunsur
sonahalli,hunsur
yalachanahalli,hunsur
singaramaranahalli,hunsur
bettahalli,krishnarajanagara
maluganahalli,krishnarajanagara
bettahallikaval,krishnarajanagara
kulume hosuru,krishnarajanagara
munduru,krishnarajanagara
kalammana koppalu,krishnarajanagara
seegavalu,krishnarajanagara
haradanahalli,krishnarajanagara
bakkarehallada kaval,krishnarajanagara
sanabinakuppe,krishnarajanagara
karpuravalli,krishnarajanagara
dadadahalli,krishnarajanagara
lakkikuppe,krishnarajanagara
hebsur,krishnarajanagara
saraguru,krishnarajanagara
gayanahalli,krishnarajanagara
pashupathi,krishnarajanagara
gummanahalli,krishnarajanagara
honnenahalli,krishnarajanagara
yaladahalli,krishnarajanagara
rampura,krishnarajanagara
moodalabeedu,krishnarajanagara
kallimuddanahalli,krishnarajanagara
ankanahalli,krishnarajanagara
saligrama,krishnarajanagara
chikkanayakanahalli,krishnarajanagara
kedaga,krishnarajanagara
mavanur,krishnarajanagara
ballur,krishnarajanagara
laxmipura,krishnarajanagara
bylapura,krishnarajanagara
bevinahalli,krishnarajanagara
thandreankanahalli,krishnarajanagara
kuppahalli,krishnarajanagara
mudiguppe,krishnarajanagara
kenchanahalli,krishnarajanagara
kuchenahalli,krishnarajanagara
thandre,krishnarajanagara
katnalu,krishnarajanagara
alalakuppe,krishnarajanagara
meluru,krishnarajanagara
sankanahalli,krishnarajanagara
bachahalli,krishnarajanagara
kurubahalli,krishnarajanagara
yalemuddanahalli,krishnarajanagara
kodiyala,krishnarajanagara
hanumanahalli,krishnarajanagara
narachanahalli,krishnarajanagara
halemirle,krishnarajanagara
natanahalli,krishnarajanagara
shyabalu,krishnarajanagara
malanaikanahalli,krishnarajanagara
mirle,krishnarajanagara
beechanahalli,krishnarajanagara
hulleborekaval,krishnarajanagara
guluvinaattiguppe,krishnarajanagara
matadakaval,krishnarajanagara
hosuru,krishnarajanagara
arakere,krishnarajanagara
munjanahalli,krishnarajanagara
chikkabherya,krishnarajanagara
valagerehalli,krishnarajanagara
gerudada,krishnarajanagara
somanahalli,krishnarajanagara
battiganahalli,krishnarajanagara
bherya,krishnarajanagara
sambaravalli,krishnarajanagara
mandiganahalli,krishnarajanagara
sugganahalli,krishnarajanagara
hosa agrahara,krishnarajanagara
haramballi,krishnarajanagara
alambadikaval,krishnarajanagara
doddavaddaragudi,krishnarajanagara
bommenahalli,krishnarajanagara
kakanahalli,krishnarajanagara
gandhanahalli,krishnarajanagara
chikkavoddaragudi,krishnarajanagara
kanchinakere,krishnarajanagara
maragowdanahalli,krishnarajanagara
adaguru,krishnarajanagara
galigekere,krishnarajanagara
arjunahalli,krishnarajanagara
manchanahalli,krishnarajanagara
kaggaliborekaval,krishnarajanagara
beeranahalli,krishnarajanagara
chenga,krishnarajanagara
hampapura,krishnarajanagara
sanyasipura,krishnarajanagara
abburu,krishnarajanagara
vallambudi,krishnarajanagara
karthalu,krishnarajanagara
hullehosur,krishnarajanagara
hanasogehantha,krishnarajanagara
hanasoge,krishnarajanagara
yaremanuganahalli,krishnarajanagara
channamgere,krishnarajanagara
chikkahanasoge,krishnarajanagara
bandahalli,krishnarajanagara
kolur,krishnarajanagara
kolurhantha,krishnarajanagara
kaggala,krishnarajanagara
nadappanahalli,krishnarajanagara
dammanahalli,krishnarajanagara
hadya,krishnarajanagara
hadyahantha,krishnarajanagara
sakkare,krishnarajanagara
mayigowdanahalli,krishnarajanagara
diddahalli,krishnarajanagara
hosur,krishnarajanagara
kuppehantha,krishnarajanagara
sreeramapura,krishnarajanagara
haleyuru,krishnarajanagara
gudduganahalli,krishnarajanagara
benaganahalli,krishnarajanagara
kogilur,krishnarajanagara
chibukahalli,krishnarajanagara
kuppe,krishnarajanagara
kestur,krishnarajanagara
kanchagarakoppalu,krishnarajanagara
malali,krishnarajanagara
hosakote,krishnarajanagara
nijaganahalli,krishnarajanagara
mavathur hantha,krishnarajanagara
byadarahalli hantha,krishnarajanagara
kappadihantha,krishnarajanagara
chandagalhantha,krishnarajanagara
venkatapura,krishnarajanagara
buvanahalli,krishnarajanagara
hebbal,krishnarajanagara
hebbal kaval,krishnarajanagara
chandagal,krishnarajanagara
katnalhantha,krishnarajanagara
katnal,krishnarajanagara
cheernahalli,krishnarajanagara
madhuvanahalli,krishnarajanagara
byadarahalli,krishnarajanagara
siddapura,krishnarajanagara
gowdenahalli,krishnarajanagara
mavathur,krishnarajanagara
ichanahalli,krishnarajanagara
madahalli,krishnarajanagara
huralikamena halli,krishnarajanagara
adaganahalli,krishnarajanagara
degganahalli,krishnarajanagara
kanugana halli,krishnarajanagara
thippur,krishnarajanagara
chamalapura,krishnarajanagara
bannikuppe,krishnarajanagara
kamenahalli,krishnarajanagara
kaggere,krishnarajanagara
goragundi,krishnarajanagara
yedathore,krishnarajanagara
manuganahalli,krishnarajanagara
mudalakoppalu,krishnarajanagara
lalanahalli,krishnarajanagara
narayanapura,krishnarajanagara
sathigrama,krishnarajanagara
southanahalli,krishnarajanagara
kallahalli,krishnarajanagara
mulepetlu,krishnarajanagara
marchahalli,krishnarajanagara
shivapura,krishnarajanagara
lalamdevanahalli,krishnarajanagara
basavarajapura,krishnarajanagara
hosahalli,krishnarajanagara
chowkahalli,krishnarajanagara
kantenahalli,krishnarajanagara
kalenahalli,krishnarajanagara
dornahalli,krishnarajanagara
basavapatna,krishnarajanagara
hangaraboyanahalli,krishnarajanagara
mallahalli,krishnarajanagara
rajegowdanahundi,heggadadevankote
bheemanahalli,heggadadevankote
yelehundikaval,heggadadevankote
musker,heggadadevankote
padukotekava,heggadadevankote
yelehund,heggadadevankote
somegowdanahundi,heggadadevankote
annur,heggadadevankote
gowdimachanayakana halli,heggadadevankote
sollapura,heggadadevankote
siddapura,heggadadevankote
agasanahundi,heggadadevankote
bommalapura,heggadadevankote
hosahalli,heggadadevankote
nanjanayakanahalli,heggadadevankote
yedathore,heggadadevankote
savve,heggadadevankote
padukote,heggadadevankote
kodaseege,heggadadevankote
haropura,heggadadevankote
voddaragudi,heggadadevankote
shanthipura,heggadadevankote
konegowdanahundi,heggadadevankote
chakkodanahalli,heggadadevankote
budanur,heggadadevankote
metikuppe,heggadadevankote
chagathikuppe,heggadadevankote
metikuppekaval,heggadadevankote
metikuppe forest,heggadadevankote
amani jungle,heggadadevankote
hunasekuppe,heggadadevankote
penjahalli,heggadadevankote
hirehalli,heggadadevankote
sonahalli,heggadadevankote
chakahalli,heggadadevankote
heggadadevankote (rural),heggadadevankote
belaganahallikaval,heggadadevankote
belaganahalli,heggadadevankote
malara,heggadadevankote
gudumanahalli,heggadadevankote
hyrige,heggadadevankote
matakere,heggadadevankote
manuganahalli,heggadadevankote
boppanahalli,heggadadevankote
yarahalli,heggadadevankote
kattemanuganahalli,heggadadevankote
heggadapura,heggadadevankote
dasanapura,heggadadevankote
akkadevanahalli,heggadadevankote
naganahalli,heggadadevankote
machanayakanahalli,heggadadevankote
seeranahundi,heggadadevankote
motha,heggadadevankote
krishnapurakaval,heggadadevankote
kollegowdanahalli,heggadadevankote
yarahallikaval,heggadadevankote
shirmahalli,heggadadevankote
chowdahalli,heggadadevankote
jakkahalli,heggadadevankote
heggadahalli,heggadadevankote
hebbalaguppe,heggadadevankote
hulikura,heggadadevankote
hulikurakaval,heggadadevankote
thumbasoge,heggadadevankote
thoravalli,heggadadevankote
itna,heggadadevankote
thotahalli,heggadadevankote
pura,heggadadevankote
halladamanuganahalli,heggadadevankote
kattehundi,heggadadevankote
gollanabeedusaragur,heggadadevankote
gollanabeedu,heggadadevankote
masanakuppe,heggadadevankote
ankanahalli,heggadadevankote
muddaiahnahundi,heggadadevankote
kothegala,heggadadevankote
gangadahosahalli,heggadadevankote
yennegerekaval,heggadadevankote
thandasipura,heggadadevankote
gangadahalli,heggadadevankote
alanahalli,heggadadevankote
devalapura,heggadadevankote
sindenahalli,heggadadevankote
m. mallahalli,heggadadevankote
kaniyanahundi,heggadadevankote
bettadabeedu,heggadadevankote
kethahalli,heggadadevankote
kalkodu,heggadadevankote
kadasur,heggadadevankote
kyathanahalli,heggadadevankote
kandegowdanapura,heggadadevankote
manegaranahundi,heggadadevankote
chamalapura,heggadadevankote
bannavadi,heggadadevankote
jompanahalli,heggadadevankote
m.kannenahalli,heggadadevankote
chamanahalli,heggadadevankote
chikkereyur,heggadadevankote
doddakereyur,heggadadevankote
kunigalu,heggadadevankote
kodichamanahalli,heggadadevankote
mallahalli,heggadadevankote
doddakerekaval,heggadadevankote
bachegowdanahalli,heggadadevankote
garikekattekaval,heggadadevankote
hormahalli,heggadadevankote
bettahalli,heggadadevankote
k.kannenahalli,heggadadevankote
iruvidi,heggadadevankote
nayakanahundi,heggadadevankote
chottanahalli,heggadadevankote
madapura,heggadadevankote
kolagala,heggadadevankote
holehundi,heggadadevankote
karigala,heggadadevankote
hommaragahalli,heggadadevankote
hampapura,heggadadevankote
kohala,heggadadevankote
marchahalli,heggadadevankote
karehundi,heggadadevankote
jinnahalli,heggadadevankote
hirenandi,heggadadevankote
kanchamalli,heggadadevankote
chikkanandi,heggadadevankote
chamahalli,heggadadevankote
hatwal,heggadadevankote
chakkur,heggadadevankote
moleyur (kalihundi),heggadadevankote
shankahalli,heggadadevankote
muddanahalli,heggadadevankote
adahalli,heggadadevankote
k.belthur,heggadadevankote
kulya,heggadadevankote
hunaganahalli,heggadadevankote
halemanchahalli,heggadadevankote
manchahalli,heggadadevankote
kallasaragur,heggadadevankote
hunsahalli,heggadadevankote
lanke,heggadadevankote
hoovinakola,heggadadevankote
kattehunsur,heggadadevankote
kallambalu,heggadadevankote
kundur,heggadadevankote
puradakatte,heggadadevankote
kunnapatna,heggadadevankote
lakkur (b),heggadadevankote
bidagalu,heggadadevankote
saragur,heggadadevankote
nallur,heggadadevankote
hanchipura,heggadadevankote
masahalli,heggadadevankote
halasur,heggadadevankote
bennagere,heggadadevankote
changowdanahalli,heggadadevankote
mullur,heggadadevankote
jatagathipura,heggadadevankote
beerwal,heggadadevankote
basavanakote,heggadadevankote
nandinathapura,heggadadevankote
lakkasoge,heggadadevankote
chillahalli,heggadadevankote
hadanur,heggadadevankote
shambugowdanahalli,heggadadevankote
lakshmanapura,heggadadevankote
muthigechikkathalalu,heggadadevankote
hunasur,heggadadevankote
muguthanamule,heggadadevankote
chikkakundur,heggadadevankote
ankupura,heggadadevankote
baragi,heggadadevankote
vaderahalli,heggadadevankote
antharasanthe,heggadadevankote
nuralakuppe,heggadadevankote
anagatti,heggadadevankote
yelamathur,heggadadevankote
nilavagilu,heggadadevankote
magudilu,heggadadevankote
nerale,heggadadevankote
beechanahalli,heggadadevankote
jeeyara,heggadadevankote
machare,heggadadevankote
krishnarajapura,heggadadevankote
manchegowdanahalli,heggadadevankote
halemagge,heggadadevankote
ragalakuppe,heggadadevankote
antharasanthe plantation,heggadadevankote
honnurkuppe,heggadadevankote
badanakuppe,heggadadevankote
hosaholalu,heggadadevankote
magge,heggadadevankote
sundapura,heggadadevankote
n.belathur,heggadadevankote
huralipura,heggadadevankote
nisna,heggadadevankote
malali,heggadadevankote
sogahalli,heggadadevankote
malalagadde,heggadadevankote
jaganakote,heggadadevankote
kanakanahalli,heggadadevankote
karavadi,heggadadevankote
kalasuru,heggadadevankote
kenchanahalli,heggadadevankote
n. begur,heggadadevankote
beeramballi,heggadadevankote
gundathur,heggadadevankote
karapura,heggadadevankote
k.gandathur,heggadadevankote
iyyanapura,heggadadevankote
thenekallu,heggadadevankote
udbur,heggadadevankote
melukote,heggadadevankote
kakanakote forest,heggadadevankote
kadegadde,heggadadevankote
vadakanamala,heggadadevankote
thimmanihosahalli,heggadadevankote
doddabyranakuppe,heggadadevankote
chikkabyranakuppe,heggadadevankote
anemala,heggadadevankote
netkalhundi,heggadadevankote
hosur,heggadadevankote
golur,heggadadevankote
machur,heggadadevankote
begurjungle,heggadadevankote
kittur (therani manti),heggadadevankote
uyyamballi,heggadadevankote
bettadavarehundi,heggadadevankote
bidarahalli,heggadadevankote
agathuru,heggadadevankote
sagare,heggadadevankote
kandegala,heggadadevankote
singapatna,heggadadevankote
nanjanathapura,heggadadevankote
hegganur,heggadadevankote
lingenahalli,heggadadevankote
mallarajapura,heggadadevankote
thelagumasahalli,heggadadevankote
hullemala,heggadadevankote
beddalapura,heggadadevankote
haleyuru,heggadadevankote
narasipura,heggadadevankote
heggudlu,heggadadevankote
konanalathuru,heggadadevankote
huskur,heggadadevankote
hariyalapura,heggadadevankote
byrapura,heggadadevankote
alaganchi,heggadadevankote
vallahalli,heggadadevankote
katawalu,heggadadevankote
nemmanahalli,heggadadevankote
b. matagere,heggadadevankote
badaga,heggadadevankote
kandalike,heggadadevankote
hosakote,heggadadevankote
beguru,heggadadevankote
seegevadi,heggadadevankote
moleyurukaval,heggadadevankote
kebbepura,heggadadevankote
nadahadi,heggadadevankote
bankavadi,heggadadevankote
chikkabesuge,heggadadevankote
inur marigudi jungle,heggadadevankote
moleyuru,heggadadevankote
kudagi,heggadadevankote
kurnagala,heggadadevankote
channagundi,heggadadevankote
alalahalli,heggadadevankote
marabugathanapura,heggadadevankote
ibjala,nanjangud
haradanahalli,nanjangud
madanahalli,nanjangud
kanenur,nanjangud
hullahalli,nanjangud
belale,nanjangud
shiramalli,nanjangud
huskur,nanjangud
karya,nanjangud
kurihundi,nanjangud
taraganahalli,nanjangud
kappasoge,nanjangud
motha,nanjangud
kongahallikaval,nanjangud
katur,nanjangud
nellithalapura,nanjangud
akala,nanjangud
rajur,nanjangud
kadaburu,nanjangud
shettahalli,nanjangud
mangalore,nanjangud
yalehalli,nanjangud
duggahalli,nanjangud
chamanamadanahalli,nanjangud
madapura,nanjangud
haginavalu,nanjangud
ambale,nanjangud
kaggalur,nanjangud
melagalli,nanjangud
uganiya,nanjangud
kadajetti,nanjangud
hura,nanjangud
yedahalli,nanjangud
m. kongahalli,nanjangud
malkundi,nanjangud
hallare,nanjangud
kantirayanapura kaval,nanjangud
kaladevanahalli,nanjangud
mallahalli,nanjangud
channapatna,nanjangud
hadya,nanjangud
ariyur,nanjangud
jalahalli,nanjangud
kandegala,nanjangud
thelanur,nanjangud
gadiguddadakaval,nanjangud
kallahalli,nanjangud
kellupura,nanjangud
karlapura,nanjangud
bhogavaluvadeyanapura,nanjangud
hosaveedukaval,nanjangud
hosaveedu,nanjangud
maduvinahalli,nanjangud
rayagowdanahalli,nanjangud
hediyala,nanjangud
amakahalli,nanjangud
hadanuruvadeyanapura,nanjangud
bankahalli,nanjangud
naganapura,nanjangud
devarayasettipura,nanjangud
kothanahalli,nanjangud
rampura,nanjangud
kembal,nanjangud
bidaragoodu,nanjangud
maraluru,nanjangud
goddanapura,nanjangud
yechagalli,nanjangud
thandavapura,nanjangud
hebya,nanjangud
adakanahalli,nanjangud
chikkaiahnachatra,nanjangud
basavanapura,nanjangud
hejjige,nanjangud
thoremavu,nanjangud
immavu,nanjangud
hulimavu,nanjangud
bokkahalli,nanjangud
hadinaru,nanjangud
moodahalli,nanjangud
alathur,nanjangud
hosakote,nanjangud
kurahattikaval,nanjangud
thumnerale,nanjangud
nandigundapura,nanjangud
thumneralekaval,nanjangud
nandigunda,nanjangud
alambur,nanjangud
saragooru,nanjangud
haniyamballi,nanjangud
gonahalli,nanjangud
kalmahalli,nanjangud
nagarle,nanjangud
kupparavalli,nanjangud
suthur,nanjangud
jeemaralli,nanjangud
bilugali,nanjangud
jodihariharapura (igli),nanjangud
thayuru,nanjangud
eswaragowdanahalli,nanjangud
haropura,nanjangud
gejjiganahalli,nanjangud
kahalli,nanjangud
kalkunda,nanjangud
biligere,nanjangud
belagunda,nanjangud
kirugunda,nanjangud
madahalli,nanjangud
mallupura,nanjangud
srikantanagar,nanjangud
alaganchi,nanjangud
thagadooru,nanjangud
kamahalli,nanjangud
chinnamballi,nanjangud
kongahalli,nanjangud
heggadahalli,nanjangud
byalaru,nanjangud
debur,nanjangud
kathavadipura,nanjangud
handhvinahalli,nanjangud
deveerammanahalli,nanjangud
devarasanahalli,nanjangud
nanjangud(rural),nanjangud
golur,nanjangud
geekahalli,nanjangud
mullur,nanjangud
horalavadi,nanjangud
bendagahalli,nanjangud
badanavalu,nanjangud
veeredevanapura,nanjangud
kodinarasipura,nanjangud
gonathagala,nanjangud
uppinahalli,nanjangud
kalale,nanjangud
harathale,nanjangud
kanipura,nanjangud
volagere,nanjangud
hosakote (masage),nanjangud
yechagundlu,nanjangud
muddahalli,nanjangud
sindhuvalli,nanjangud
kurahatti,nanjangud
sindhuvallipura,nanjangud
navilur,nanjangud
surahalli,nanjangud
kasuvinahalli,nanjangud
makanapura,nanjangud
depegowdanapura,nanjangud
krishnapura,nanjangud
kugalur,nanjangud
lakshmanapura,nanjangud
yelachagere,nanjangud
hunasanalu,nanjangud
hedathale,nanjangud
sathagahalli,nanjangud
basavattige,nanjangud
devanur,nanjangud
varahalli,nanjangud
kakkarahatti,nanjangud
banooru,nanjangud
karepura,nanjangud
chunchanahalli,nanjangud
chikkakowlande,nanjangud
nerale,nanjangud
hemmaragala,nanjangud
kumbarahalli,nanjangud
hosapura,nanjangud
koodlapura,nanjangud
bagooru,nanjangud
tharadale,nanjangud
hampapura,nanjangud
halepura,nanjangud
gattavadipura,nanjangud
haraganapur,nanjangud
gattavadi,nanjangud
doddakowlande,nanjangud
konanoor,nanjangud
konanapura,nanjangud
paduvalamarahalli,nanjangud
ramasettipura,nanjangud
hanumanapura,nanjangud
paduvala agrahara,nanjangud
dasanooru,nanjangud
doddahomma,nanjangud
chikkahomma,nanjangud
thoravalli,nanjangud
aravattigekoppalu,tirumakudal - narsipur
b.seehalli,tirumakudal - narsipur
hunasagahalli,tirumakudal - narsipur
maragowdanahalli,tirumakudal - narsipur
goravanahalli,tirumakudal - narsipur
yachenahalli,tirumakudal - narsipur
menasikyathanahalli,tirumakudal - narsipur
doddamulagudu,tirumakudal - narsipur
hegguru,tirumakudal - narsipur
ankanahalli,tirumakudal - narsipur
thuruganuru,tirumakudal - narsipur
banagavadi,tirumakudal - narsipur
hanumanalu,tirumakudal - narsipur
bhugathagahalli,tirumakudal - narsipur
madigahalli,tirumakudal - narsipur
kodagahalli,tirumakudal - narsipur
bannur (rural),tirumakudal - narsipur
beedanahalli,tirumakudal - narsipur
yadahalli,tirumakudal - narsipur
nanjapura,tirumakudal - narsipur
basavanahalli,tirumakudal - narsipur
maliyuru,tirumakudal - narsipur
chamanahalli,tirumakudal - narsipur
athahalli,tirumakudal - narsipur
kunthanahalli,tirumakudal - narsipur
b.bettahalli,tirumakudal - narsipur
senapathihalli,tirumakudal - narsipur
kanchanahalli,tirumakudal - narsipur
ganiganakoppalu,tirumakudal - narsipur
bevinahalli,tirumakudal - narsipur
bommanahalli,tirumakudal - narsipur
chimili,tirumakudal - narsipur
ramegowdanapura,tirumakudal - narsipur
kempanapura,tirumakudal - narsipur
s.doddapura,tirumakudal - narsipur
doddalaxmipura,tirumakudal - narsipur
kallipura,tirumakudal - narsipur
kethupura,tirumakudal - narsipur
jodi bagore,tirumakudal - narsipur
uddibagur,tirumakudal - narsipur
somanathapura,tirumakudal - narsipur
chikkalaxmipura,tirumakudal - narsipur
ukkalagere,tirumakudal - narsipur
budahalli,tirumakudal - narsipur
chidravalli,tirumakudal - narsipur
mudukanapura,tirumakudal - narsipur
seegodipura,tirumakudal - narsipur
kolathuru,tirumakudal - narsipur
halavara,tirumakudal - narsipur
halavaramatha,tirumakudal - narsipur
konagalli,tirumakudal - narsipur
nagalagere,tirumakudal - narsipur
kannayakanahalli,tirumakudal - narsipur
thammadipura,tirumakudal - narsipur
hasuvatti,tirumakudal - narsipur
naragyathanahalli,tirumakudal - narsipur
horalahalli,tirumakudal - narsipur
chikkabuhalli,tirumakudal - narsipur
s.k.p.agrahara,tirumakudal - narsipur
sosale,tirumakudal - narsipur
binakanahalli,tirumakudal - narsipur
s.megadahalli,tirumakudal - narsipur
muthalavadi,tirumakudal - narsipur
kayyambahalli,tirumakudal - narsipur
kargahalli,tirumakudal - narsipur
doddabagilu,tirumakudal - narsipur
hunuganahalli,tirumakudal - narsipur
pattehundi,tirumakudal - narsipur
madegowdanahundi,tirumakudal - narsipur
ranganathapur,tirumakudal - narsipur
rangasamudra,tirumakudal - narsipur
basavanapura,tirumakudal - narsipur
hittuvalli,tirumakudal - narsipur
kuppaya,tirumakudal - narsipur
pillahalli,tirumakudal - narsipur
thumbala,tirumakudal - narsipur
honnuru,tirumakudal - narsipur
muthathi,tirumakudal - narsipur
agasthapura,tirumakudal - narsipur
bommanayakanahalli,tirumakudal - narsipur
channanjevadeyanapura,tirumakudal - narsipur
hosakote,tirumakudal - narsipur
induvalu,tirumakudal - narsipur
ramanathapura hundi,tirumakudal - narsipur
yadadore,tirumakudal - narsipur
thirumakudalu,tirumakudal - narsipur
hunsuru,tirumakudal - narsipur
kiragasuru,tirumakudal - narsipur
kudluru,tirumakudal - narsipur
danayakanapura,tirumakudal - narsipur
bannahalli,tirumakudal - narsipur
algodu,tirumakudal - narsipur
yaraganahalli,tirumakudal - narsipur
kethahalli,tirumakudal - narsipur
karohatti,tirumakudal - narsipur
chowhalli,tirumakudal - narsipur
nilasoge,tirumakudal - narsipur
hosapura,tirumakudal - narsipur
hiriyuru,tirumakudal - narsipur
kotthegala,tirumakudal - narsipur
kuruburu,tirumakudal - narsipur
vatalu,tirumakudal - narsipur
sujjaluru,tirumakudal - narsipur
hyakanuru,tirumakudal - narsipur
adibettahalli,tirumakudal - narsipur
madrahalli,tirumakudal - narsipur
kannahalli,tirumakudal - narsipur
muguru,tirumakudal - narsipur
hosahalli,tirumakudal - narsipur
madapura,tirumakudal - narsipur
maradipura,tirumakudal - narsipur
chandahalli,tirumakudal - narsipur
akkur,tirumakudal - narsipur
maranapura,tirumakudal - narsipur
t.bettahalli,tirumakudal - narsipur
t.megadahalli,tirumakudal - narsipur
koppalu (kalihundi),tirumakudal - narsipur
madavadi,tirumakudal - narsipur
holesalu (kaveripura),tirumakudal - narsipur
vijayapura,tirumakudal - narsipur
settahalli,tirumakudal - narsipur
vadayandahalli,tirumakudal - narsipur
hemmige,tirumakudal - narsipur
t.doddapura,tirumakudal - narsipur
thottavadi,tirumakudal - narsipur
mavinahalli,tirumakudal - narsipur
talakadu,tirumakudal - narsipur
kukkuru,tirumakudal - narsipur
malangi,tirumakudal - narsipur
kaliyuru,tirumakudal - narsipur
gargeswari (ct),tirumakudal - narsipur
byrapura (ct),tirumakudal - narsipur
hosapura,gundlupet
yadavanahalli,gundlupet
horeyala,gundlupet
arepura,gundlupet
hirikati,gundlupet
chikkati,gundlupet
thondavadi,gundlupet
thoravalli,gundlupet
nitre,gundlupet
bhogganapura,gundlupet
kamarahalli,gundlupet
begur,gundlupet
belachalavadi,gundlupet
kotekere,gundlupet
bettadamadahalli,gundlupet
taggalur,gundlupet
ameerahosahalli,gundlupet
somahalli,gundlupet
ballahalli,gundlupet
seegavadi,gundlupet
madapattana,gundlupet
parvathanapura,gundlupet
raghavapura,gundlupet
manchahalli,gundlupet
savakanahalli,gundlupet
hasaguli,gundlupet
garaganahalli,gundlupet
agathagowdanahalli,gundlupet
halladamadahalli,gundlupet
chikanapura,gundlupet
hunasinapura,gundlupet
hakkalapura,gundlupet
heggadahalli,gundlupet
hanchipura,gundlupet
halladapura,gundlupet
kallahalli,gundlupet
sampigepura,gundlupet
kabbahalli,gundlupet
alathur,gundlupet
deshipura,gundlupet
baragi,gundlupet
devalapura,gundlupet
banagavadi,gundlupet
honakanahalli,gundlupet
malavalli,gundlupet
bendagalli,gundlupet
vasthilinganapura,gundlupet
vaddarahalli,gundlupet
bannithalapura,gundlupet
veeranapura,gundlupet
madrahalli,gundlupet
nenekatte,gundlupet
mukha halli,gundlupet
hongahalli,gundlupet
masahalli,gundlupet
bheemanabeedu,gundlupet
kuthanur,gundlupet
madahalli,gundlupet
panjanahalli,gundlupet
talale,gundlupet
kilagere,gundlupet
kelasurupura,gundlupet
chikkathuppur,gundlupet
hosur,gundlupet
dumdasanapura,gundlupet
vijayapura,gundlupet
managalli,gundlupet
vijayapura amani,gundlupet
doddathuppur,gundlupet
shindanapura,gundlupet
bettahalli,gundlupet
annur,gundlupet
kodahalli,gundlupet
kandegaladahosahalli,gundlupet
kandegala,gundlupet
padagur,gundlupet
paramapura,gundlupet
hooradahalli,gundlupet
mudagur,gundlupet
shyanadrahalli,gundlupet
lakkur,gundlupet
guruvinapura,gundlupet
balachavady,gundlupet
narayanapura,gundlupet
kelasur,gundlupet
kasavanur,gundlupet
beratahalli,gundlupet
kaggala,gundlupet
triyambakapura,gundlupet
terakanambi,gundlupet
mayanayakanapura,gundlupet
belakuppe,gundlupet
huttur,gundlupet
depapura,gundlupet
sheelavanthapura,gundlupet
hullana,gundlupet
kodasoge,gundlupet
somanapura,gundlupet
marihosahalli,gundlupet
thodipura,gundlupet
daribegur,gundlupet
karakalamadahalli,gundlupet
alavady,gundlupet
bommanahalli,gundlupet
kengavadi,gundlupet
ramaiahnapura,gundlupet
kadabur,gundlupet
chirakanahalli,gundlupet
vaddagere,gundlupet
yeriyur,gundlupet
malapura,gundlupet
heggavadi,gundlupet
kundakere,gundlupet
berambadi state forest,gundlupet
berambadi district forest,gundlupet
channamallipura,gundlupet
maddur,gundlupet
bachanahalli,gundlupet
berambadi,gundlupet
lakkipura,gundlupet
kannegala,gundlupet
honnegowdanahalli,gundlupet
kunagahalli,gundlupet
kallipura,gundlupet
hangaladahosahalli,gundlupet
devarahalli,gundlupet
putthanapura,gundlupet
basavapura,gundlupet
vaddana hosahalli,gundlupet
bendaravadi,gundlupet
hangalapura,gundlupet
hangala,gundlupet
siddaianapura,gundlupet
karle,gundlupet
shivapura,gundlupet
hullepura,gundlupet
maidanahalli,gundlupet
vadeyanapura,gundlupet
vodeyanapura amani,gundlupet
bommalapura,gundlupet
belavadi,gundlupet
hundipura,gundlupet
siddapura,gundlupet
passaiahnapura,gundlupet
kaligowdanahalli,gundlupet
maguvinahallimel kamanahalli,gundlupet
kaniyanapura,gundlupet
kebbepura,gundlupet
shettahalli,gundlupet
ankahalli,gundlupet
bachahalli,gundlupet
lokkere,gundlupet
jakkahalli,gundlupet
mangala,gundlupet
bandipura,gundlupet
bandipura state forest,gundlupet
yelachatti,gundlupet
bandipura district forest,gundlupet
kesthur,yelandur
katnavadi,yelandur
kinakahalli,yelandur
mamballi,yelandur
agara,yelandur
bannisarige,yelandur
shivakahalli,yelandur
a.devarahalli,yelandur
maddur,yelandur
alkereagrahara,yelandur
ganiganur,yelandur
malarpalya,yelandur
gowdahalli,yelandur
biligiriranganabetta,yelandur
honnur,yelandur
jodimellahalli,yelandur
duggahatti,yelandur
yelandur rural,yelandur
yeriyur,yelandur
uppinamole,yelandur
avalkandalli,yelandur
duyamkandalli,yelandur
ambale,yelandur
gumballi,yelandur
komaranapura,yelandur
vadagere,yelandur
yeragamballi,yelandur
k.devarahalli,yelandur
c.m.samudra,kollegal
sathegala,kollegal
dhanagere,kollegal
uganiya,kollegal
tellanur,kollegal
chikkilur,kollegal
ikkadahalli,kollegal
chikkinduvadi,kollegal
palya,kollegal
saragur,kollegal
jinakanahalli,kollegal
gundegala,kollegal
hondarabalu,kollegal
madhuvanahalli,kollegal
haravanapura,kollegal
doddinduvadi,kollegal
singanallur,kollegal
kongarahalli,kollegal
lakshmipura,kollegal
hosamalangi,kollegal
tagarapura,kollegal
alahalli,kollegal
chilakavadi,kollegal
kunthur,kollegal
teramballi,kollegal
mullur,kollegal
hampapura,kollegal
dasanapura,kollegal
harale,kollegal
agrahara,kollegal
uttamballi,kollegal
siddayyanapura,kollegal
linganapura,kollegal
kunagalli,kollegal
arepalya,kollegal
jakkalli,kollegal
thimmarajipura,kollegal
boodabalu,kollegal
mangala,kollegal
alagumole,kollegal
shagya,kollegal
goreyur,kollegal
bandalli,kollegal
managalli,kollegal
byranatha,kollegal
chinchalli,kollegal
bataguppa,kollegal
hullepura,kollegal
uddanur,kollegal
belathur,kollegal
siragodu,kollegal
d.m.samudra,kollegal
ellemala,kollegal
ajjipura,kollegal
modahalli,kollegal
anapura,kollegal
kannur,kollegal
gangadharakatte,kollegal
channalinganahalli,kollegal
chikkamalapura,kollegal
kandayyanapalya,kollegal
lokkanahalli,kollegal
andipalya,kollegal
arabigere-85,kollegal
p.g.palya,kollegal
huthur,kollegal
bylur,kollegal
minya,kollegal
hoogya,kollegal
arabigere-75,kollegal
dantalli,kollegal
changadi,kollegal
ponnachi,kollegal
gopinatham,kollegal
mahadeshwarabetta,kollegal
kurahatti hosur,kollegal
settahalli,kollegal
bhadrayyanahalli,kollegal
cowdalli,kollegal
doddalathur,kollegal
changadarahalli,kollegal
suleri palya,kollegal
ganganadoddi,kollegal
dinnahalli,kollegal
ramapura,kollegal
martalli,kollegal
bylore 'west' beat,kollegal
bylore 'east' beat,kollegal
uttur beat,kollegal
p.g.palya beat,kollegal
mavathur 'a' beat,kollegal
mavathur 'b' beat,kollegal
bellaji beat,kollegal
gundal 'a' beat,kollegal
gundal 'b' beat,kollegal
kannur beat,kollegal
lokkanahalli west beat,kollegal
surapura beat,kollegal
arepalya beat,kollegal
madhuvanahalli beat,kollegal
ellemala beat,kollegal
rudrapuram beat,kollegal
bandalli 'b' beat,kollegal
bandalli 'a' beat,kollegal
budabalu 'b' beat,kollegal
budabalu 'a' beat,kollegal
kothanur 'a' beat,kollegal
kothanur 'b' beat,kollegal
sathegala beat,kollegal
mathipura beat,kollegal
cauvery beat,kollegal
saggayam 'b' beat,kollegal
saggayam 'a' beat,kollegal
saggayam 'c' beat,kollegal
lokkanahalli east beat,kollegal
hanur beat,kollegal
dinnahalli beat,kollegal
cowdalli beat,kollegal
channur beat,kollegal
kurahatti hosur beat,kollegal
martalli 'a' beat,kollegal
martalli 'b' beat,kollegal
ramapuram beat,kollegal
satyamangala 'a' beat,kollegal
satyamangala 'b' beat,kollegal
hugyam beat,kollegal
minnya 'a' beat,kollegal
minnya 'b' beat,kollegal
m.malai beat,kollegal
doddani beat,kollegal
indiganatha 'b' beat,kollegal
palar beat,kollegal
gopinatham beat,kollegal
alambadi beat,kollegal
indiganatha 'a' beat,kollegal
bijjalane'b' beat,kollegal
ponnachi beat,kollegal
changadi beat,kollegal
bejjalane 'a' beat,kollegal
jamga khandala,aland
tadola,aland
alanga,aland
sirur (g),aland
gadlegaon,aland
khajuri,aland
jawalga (j),aland
tugaon,aland
annur,aland
hodlur,aland
subhashnagar,aland
nandgur,aland
kotanhipperga,aland
jamga ruderwadi,aland
rudrawadi,aland
bableshwar,aland
bangerga,aland
khandala,aland
nirgudi,aland
matki,aland
teerth,aland
salegaon,aland
chitali,aland
kinnisultan,aland
kanmas,aland
bharked,aland
sangunda,aland
belamogi,aland
karhari,aland
salgera (v.k.),aland
lengthi,aland
ladmugli,aland
kalkutga,aland
kudmud,aland
ambalga,aland
dhammur,aland
madki,aland
hodal,aland
murdi,aland
mudadga,aland
wagdhari,aland
betjewargi,aland
kamalanagar,aland
sawalgi (k),aland
bilgunda,aland
bhodhan,aland
gunjbablad,aland
narona,aland
sangolgi (c),aland
jawalga,aland
apchand,aland
sirchand,aland
chinchansur,aland
rikkenalur,aland
keriambalga,aland
kottarga,aland
chincholi (k),aland
chincholi (b),aland
padsawali,aland
hebli,aland
telekuni,aland
honhalli,aland
tadkal,aland
haltadkal,aland
nasirwadi,aland
sukarwadi,aland
walwandwadi,aland
degaon,aland
kunisangavi,aland
munhalli,aland
hallisalgar,aland
mamdapur,aland
aland (rural),aland
jeerhalli,aland
khanapur,aland
jamga.j,aland
shakhapur,aland
jidga,aland
gulhalli,aland
rajwal,aland
sangolgi,aland
kodalhangerga,aland
yelinawadgi,aland
bolani,aland
hiroli,aland
sarasamba,aland
nagelagaon,aland
chalgera,aland
allapur (h),aland
bhimpur,aland
kamanhalli,aland
sakkerga,aland
sawleshwar,aland
kinihabas,aland
mogha (b),aland
khatarbad,aland
ikkalki,aland
allapur.j,aland
mogha (k),aland
ambewad,aland
ningdhalli,aland
kerur,aland
dargasirur,aland
madan hipperga,aland
nimbal,aland
khedomerga,aland
madgunki,aland
zalki,aland
zalki (k),aland
kawalga,aland
bhusnoor,aland
vijaynagar,aland
korhalli,aland
dhuttagaon,aland
ladchincholi,aland
nellur,aland
dhannur,aland
tellur,aland
gola (b),aland
kadganchi,aland
sunthnoor,aland
alur (b),aland
bomanhalli,aland
nimberga,aland
battarga,aland
dhangapur,aland
devanti,aland
jawali.d,aland
hithal sirur,aland
madiyal,aland
hadalgi,aland
yelsangi,aland
benisirur,aland
kudki,aland
sharananagar,aland
vaijapur,aland
mannur,afzalpur
vithalnagar,afzalpur
mashal,afzalpur
jevargi(b),afzalpur
jevargi (k),afzalpur
nanderga,afzalpur
telloni,afzalpur
diksanga (k),afzalpur
karajagi,afzalpur
ramnagar,afzalpur
kodagnur,afzalpur
shivoor,afzalpur
udchan,afzalpur
diggi,afzalpur
bhankalga,afzalpur
shirwad,afzalpur
algi (k),afzalpur
algi (b),afzalpur
bhosga,afzalpur
hiriyal,afzalpur
dudangi,afzalpur
mangaroli,afzalpur
soan,afzalpur
belundgi,afzalpur
gour (k),afzalpur
gour (b),afzalpur
belurgi,afzalpur
badadal,afzalpur
arjungi,afzalpur
kulali,afzalpur
revoor (k),afzalpur
bamni,afzalpur
revoor (b),afzalpur
chincholi,afzalpur
haliyal,afzalpur
afzalpur (rural),afzalpur
matoli,afzalpur
mallabad,afzalpur
bilwad (k),afzalpur
tellur,afzalpur
anur,afzalpur
banhatti,afzalpur
shivpur,afzalpur
kesapur,afzalpur
hinchgera,afzalpur
kalur,afzalpur
bilwad (b),afzalpur
karkanahalli,afzalpur
batgera,afzalpur
guolnur,afzalpur
ingalgi (k),afzalpur
hawalga,afzalpur
ghatterga,afzalpur
kolnur,afzalpur
guddewadi,afzalpur
sidnur,afzalpur
ankalga,afzalpur
goudgaon,afzalpur
kognur,afzalpur
gudur,afzalpur
neeloor,afzalpur
bhairamadgi,afzalpur
diksanga (b),afzalpur
karbhosga,afzalpur
bhognalli,afzalpur
atnoor,afzalpur
madra (k),afzalpur
dannur,afzalpur
madra (b),afzalpur
wadhalli,afzalpur
shivajinagar,afzalpur
badnalli,afzalpur
ingalgi (b),afzalpur
awarad,afzalpur
d.ghangapur,afzalpur
chowdapur,afzalpur
gobbur (b),afzalpur
gobbur (k),afzalpur
hawanur,afzalpur
bidnur,afzalpur
awarhalli,afzalpur
banderwad,afzalpur
chinmmgera,afzalpur
teghalli,afzalpur
hasargundgi,afzalpur
huvinhalli,afzalpur
siragi,afzalpur
taklu,afzalpur
umerga,afzalpur
sagnur,afzalpur
kirsavalgi,afzalpur
chinmalla,afzalpur
kekarsawalgi,afzalpur
chengta,chincholi
bhunyar[b],chincholi
bhunyar[k],chincholi
khanapur,chincholi
ainapur,chincholi
benkeppalli,chincholi
salgar basanthpur,chincholi
yetabarpur,chincholi
salebeernhalli,chincholi
tumkunta,chincholi
hasargundgi,chincholi
gurampalli,chincholi
nagarhal,chincholi
yalmamdi,chincholi
channur,chincholi
gadilingdhalli,chincholi
kotga,chincholi
dhuttarga,chincholi
gongi,chincholi
pangarga,chincholi
chandankera,chincholi
ranapur,chincholi
sasargaon,chincholi
narnal,chincholi
chimmanchod,chincholi
tajlapur,chincholi
marpalli,chincholi
shikarm0takpalli,chincholi
yempalli,chincholi
garampalli,chincholi
tirmalapur,chincholi
kusrampalli,chincholi
manikpur,chincholi
gottamgotta[k] *,chincholi
gottamgotta,chincholi
sangapur,chincholi
katangidda,chincholi
srinagar,chincholi
venkatapur,chincholi
dharmasagar,chincholi
chandrampalli,chincholi
kollur,chincholi
nagaidlai,chincholi
patpalli,chincholi
degalmadi,chincholi
fathepur,chincholi
ainoli,chincholi
bhikkanhalli,chincholi
burugdoddi,chincholi
antwaram,chincholi
linganagar,chincholi
bhonaspur,chincholi
shivrampur,chincholi
magdampur,chincholi
shivredpalli,chincholi
konchawaram,chincholi
pochawaram,chincholi
jilwarsha,chincholi
chindnoor,chincholi
lachmasagar,chincholi
mambapur,chincholi
hanumannagar,chincholi
shadipur,chincholi
yakatpur,chincholi
nirchalma,chincholi
bhoglingdhalli,chincholi
kalbhavi,chincholi
chincholi [r],chincholi
neemahosalli,chincholi
goudanhalli,chincholi
daultapur,chincholi
indarpadhosali,chincholi
anwar,chincholi
polakpalli,chincholi
chikkalingadhalli,chincholi
somlingadhalli,chincholi
ganganpalli,chincholi
kallur road,chincholi
bhairampalli,chincholi
miryan,chincholi
mukramba,chincholi
hulsgud,chincholi
gandhinagar,chincholi
rummungud,chincholi
mogha,chincholi
pastpur,chincholi
rustumpur,chincholi
dhotikol,chincholi
khudavandpur,chincholi
karakmukli,chincholi
hudadhalli,chincholi
chimmaidlai,chincholi
dastapur,chincholi
yelakpalli,chincholi
khairtapur,chincholi
moranhal,chincholi
huvinbhavi,chincholi
ganjgera,chincholi
chinkunta,chincholi
tadpalli,chincholi
allapur,chincholi
seri,chincholi
jawaharnagar,chincholi
sunthan,chincholi
ratkal,chincholi
kanchanhal,chincholi
kodli,chincholi
nawadgi,chincholi
wazirgaon,chincholi
kudhalli,chincholi
hosalli,chincholi
tegaltippi,chincholi
halcher,chincholi
korvi,chincholi
hodebeeranhalli,chincholi
sulepeth,chincholi
pardarmotakpalli,chincholi
bhaktampalli,chincholi
sangam[k],chincholi
garagpalli,chincholi
ramteerth,chincholi
bedagpalli,chincholi
yakapur,chincholi
penchganpalli,chincholi
kupnoor,chincholi
gadikeshwar,chincholi
benkanhalli,chincholi
bhantanahalli,chincholi
keroli,chincholi
kordampalli,chincholi
iragpalli,chincholi
ghanpur,chincholi
burugpalli,chincholi
chatarsal,chincholi
karachkhed,chincholi
nidugunda,chincholi
chintpalli,chincholi
raikod,chincholi
bhootpur,chincholi
kallur [k],chincholi
kallur[b],chincholi
rudnoor,chincholi
hovinhalli,chincholi
siroli,chincholi
halkoda,chincholi
potangal,chincholi
jettur,chincholi
samkhed,sedam
sangavi (m),sedam
tottanhalli,sedam
meenhabal,sedam
kukunda,sedam
yadga,sedam
kachur,sedam
mugnoor,sedam
surwar,sedam
telkur,sedam
habal (t),sedam
lohada,sedam
hayyal,sedam
sangavi(t),sedam
yadhalli,sedam
satpatanhalli,sedam
bibhalli,sedam
taranhalli,sedam
arebommanhalli,sedam
beeranhalli,sedam
hunsanhalli,sedam
bijjanhalli,sedam
malkhed (j),sedam
rajivnagar,sedam
bhimnagar,sedam
nrupathanga,sedam
hanganhalli,sedam
hoshalli,sedam
neelhalli,sedam
konkanhalli,sedam
sedam (rural),sedam
batgera(b),sedam
injepalli,sedam
madkal,sedam
sompalli,sedam
kontanpalli,sedam
batgera(k),sedam
kachwar,sedam
turkbommanhalli,sedam
madhwar,sedam
adki,sedam
jawahar nagar,sedam
nagasanpalli,sedam
rajola(k),sedam
ernapalli,sedam
bomdepalli,sedam
indira nagar,sedam
imdapur,sedam
ranjole,sedam
halhanmanhalli,sedam
biderched,sedam
chitkanpalli,sedam
rangwar,sedam
amarwadi,sedam
jilladpalli,sedam
gopanapalli(k),sedam
gundepalli(k),sedam
bannur,sedam
lingampalli,sedam
mallabad,sedam
anantapur,sedam
benkanhalli,sedam
udgi,sedam
allhalli,sedam
kalkhamb,sedam
hanmanhalli,sedam
sindhanmadu,sedam
kodla,sedam
bhutpur,sedam
rudrawaram,sedam
munkanpalli,sedam
jakanpalli,sedam
gundahalli(b),sedam
mushthalli,sedam
mailwar,sedam
namwar,sedam
turnur,sedam
raghapur,sedam
madna,sedam
konapur,sedam
devnoor,sedam
gudanhalli,sedam
hulgoal,sedam
handerki,sedam
nachawar,sedam
bilkal,sedam
dugnoor,sedam
kolkunda,sedam
malkapalli,sedam
kadcharla,sedam
mudhole,sedam
kadlapur,sedam
khanderayanpalli,sedam
ribbanpalli,sedam
silarkot,sedam
nadepalli,sedam
kadtal,sedam
kompalli,sedam
gajalapur,sedam
medak,sedam
shahabajpur,sedam
shankerajpur,sedam
pakhal,sedam
chandapur,sedam
venkatapur,sedam
gaddanna,sedam
motakpalli,sedam
kishtapur,sedam
tolmamadi,sedam
gangarawalpalli,sedam
neratalpahad,sedam
kanagadda,sedam
guntatipadampalli,sedam
shaklatpalli,sedam
itkal,sedam
buragpalli,sedam
yenagundi,sedam
kurgunta (ct),sedam
kannadgi,chitapur
herur (k),chitapur
watwati,chitapur
arankal,chitapur
revai,chitapur
mavinsur,chitapur
bhedsur,chitapur
sanjay nagar,chitapur
kandagol,chitapur
shelgi,chitapur
kalhipperga,chitapur
hulgera,chitapur
banbi,chitapur
chincholi (h),chitapur
sugur (k),chitapur
gotur,chitapur
kalgi,chitapur
bharatnoor,chitapur
rajapur,chitapur
donnur,chitapur
arjamga,chitapur
tengli,chitapur
salhalli,chitapur
kodadur,chitapur
malag (k),chitapur
mangalgi,chitapur
nippani,chitapur
savathkhed,chitapur
jeevanmardgi,chitapur
tonchi,chitapur
kamaknoor,chitapur
hebbal,chitapur
bennur (k),chitapur
kansoor,chitapur
malaghan,chitapur
korwar,chitapur
hadnoor,chitapur
hampapur,chitapur
wacha,chitapur
muchakhed,chitapur
kalgurthi,chitapur
indankal,chitapur
mattimudu,chitapur
mutpa,chitapur
madbol,chitapur
sangavi,chitapur
bennur (b),chitapur
mugulnagaon,chitapur
maha nagar,chitapur
pethsirur,chitapur
belgumpa,chitapur
gundagurthi,chitapur
evani,chitapur
dandothi,chitapur
tonsinhalli (t),chitapur
malkood,chitapur
martur,chitapur
devantegnur,chitapur
aldihal,chitapur
seva nagar,chitapur
mutga,chitapur
katamdevarhalli,chitapur
shankerwadi,chitapur
taranhalli,chitapur
tonsinhalli,chitapur
shahabad (rural),chitapur
malgatti,chitapur
gola (k),chitapur
ingalgi,chitapur
hongunta,chitapur
kadhalli,chitapur
kundanoor,chitapur
chamnoor,chitapur
kadaboor,chitapur
balwadgi,chitapur
jeevangi,chitapur
kaddargi,chitapur
bhagodi,chitapur
mudbol,chitapur
margol,chitapur
mogla,chitapur
itga,chitapur
yergal,chitapur
gandhinagar,chitapur
ravoor,chitapur
alura,chitapur
bammanhalli,chitapur
kardal,chitapur
satnoor,chitapur
hossur,chitapur
diggaon,chitapur
bhankalga,chitapur
dongaon,chitapur
halkatta,chitapur
kamarwadi,chitapur
sulhalli,chitapur
hannikere,chitapur
alhalli,chitapur
allur (k),chitapur
ramteerth,chitapur
rajola,chitapur
bhimanhalli,chitapur
allur (b),chitapur
dandgund,chitapur
ladlapur,chitapur
devapur,chitapur
konchur,chitapur
kolkunda,chitapur
malag (n),chitapur
nalwar,chitapur
bapu nagar,chitapur
sanknoor,chitapur
shiva nagar,chitapur
balgere,chitapur
yagapur,chitapur
sugur (n),chitapur
turnur,chitapur
maradgi,chitapur
kollur,chitapur
sonthi,chitapur
kanganahalli,chitapur
hulandgera,chitapur
banhatti,chitapur
tarkaspet,chitapur
rampurhalli,chitapur
bhankur (og),chitapur
hullur,jevargi
harnal (k),jevargi
mogan itga,jevargi
ankalga,jevargi
sidnal,jevargi
gulihal,jevargi
itga,jevargi
bhosga (k),jevargi
bhosga (b),jevargi
jalihal,jevargi
hanchinal s.nelogi,jevargi
bedarhalli,jevargi
kudalgi,jevargi
yenkanchi,jevargi
mahur,jevargi
kallur (b),jevargi
kallur (k),jevargi
nelogi,jevargi
mandewal,jevargi
indiragandhinagar,jevargi
gudur s.nelogi,jevargi
billad,jevargi
mayoor,jevargi
balwandgi,jevargi
belur,jevargi
narayanpur,jevargi
yatnoor,jevargi
jeratgi,jevargi
mulhalli,jevargi
desangi,jevargi
badnihal,jevargi
ranjangi,jevargi
needalgi,jevargi
kuranhalli,jevargi
hipperga s.nelogi,jevargi
kutnoor,jevargi
harwal,jevargi
rasangi,jevargi
handnoor,jevargi
banmi,jevargi
kobal,jevargi
kudi,jevargi
hipperga-kona,jevargi
manderwad,jevargi
kolkur,jevargi
raddewadgi,jevargi
gounahalli,jevargi
janiwar,jevargi
jevargi (b) (rural),jevargi
jevargi  (rural),jevargi
shakapur,jevargi
ravnoor,jevargi
mavnoor,jevargi
kalhangerga,jevargi
soan,jevargi
heggnal,jevargi
neeralkod,jevargi
hanchinal s.sulekhan,jevargi
harnur,jevargi
kellur,jevargi
aurad,jevargi
mansivangi,jevargi
kadkol,jevargi
jamberhal,jevargi
halgattarga,jevargi
murganoor,jevargi
aralgundgi,jevargi
kummanasirasgi,jevargi
wastari,jevargi
kuknoor,jevargi
konsirasgi,jevargi
telegbal,jevargi
yedrami,jevargi
saidapur,jevargi
harnal (b),jevargi
hangerga (b),jevargi
hangerga (k),jevargi
sumbad,jevargi
dumadri,jevargi
kachapur,jevargi
akhandhalli,jevargi
yatnal,jevargi
hanchinal s.yedrami,jevargi
ainapur,jevargi
magengera,jevargi
kanmeshwar,jevargi
kondguli,jevargi
allapur,jevargi
biryalhissa,jevargi
malli,jevargi
kuralgera,jevargi
nagarhalli s.malli,jevargi
wadgera,jevargi
bennur,jevargi
gobberwadgi,jevargi
kasrbhosga,jevargi
mutkod,jevargi
jawalga,jevargi
ijeri,jevargi
halgadla,jevargi
somnathhalli,jevargi
gogihal,jevargi
kakhandki,jevargi
alur,jevargi
warvi,jevargi
karkihalli,jevargi
yalgod,jevargi
anadgi,jevargi
nandihalli,jevargi
sathkhed,jevargi
niradgi,jevargi
maradgi s.madarki,jevargi
bilwar,jevargi
tippnal,jevargi
mangaloor,jevargi
kachur,jevargi
shivapur,jevargi
nagarhalli,jevargi
jamkhandi,jevargi
konnur,jevargi
sadnapur,jevargi
balbatti,jevargi
mallbad,jevargi
amberkhed,jevargi
badardhavi,jevargi
channur,jevargi
gudur s.andola,jevargi
butnal,jevargi
kattisangavi,jevargi
madri,jevargi
yangunti,jevargi
naribole,jevargi
rajwal,jevargi
malla (b),jevargi
malla (k),jevargi
biryal (k),jevargi
andola,jevargi
jainapur,jevargi
chigarhalli,jevargi
sigarthalli,jevargi
ganwar,jevargi
biryal (b),jevargi
honnal,jevargi
hotinmadu,jevargi
hanchinal bhari,jevargi
rampur,jevargi
maradgi s.andola,jevargi
yalwar,jevargi
kodchi,jevargi
lakhanapur,jevargi
ibrahimpur,jevargi
viratnal,jevargi
padgadhalli,jevargi
konhalli,jevargi
kadyapur,jevargi
mudbal (b),jevargi
mudbal (k),jevargi
varchanhalli,jevargi
wandgnoor,shorapur
yalgi,shorapur
chitknal,shorapur
hadnoor,shorapur
malla (k),shorapur
malla,shorapur
yevor,shorapur
dand sholapur,shorapur
sevanagar,shorapur
khanapur (sk),shorapur
gogaddihal,shorapur
nagnoor,shorapur
goudgera,shorapur
kirdhalli,shorapur
parsanhalli,shorapur
kembhavi,shorapur
shivaji nagar,shorapur
bevinhal (s.k.),shorapur
chincholi,shorapur
dornahalli,shorapur
muneerbommanhalli,shorapur
yektapur,shorapur
ainapur,shorapur
malkapur,shorapur
alhal,shorapur
bendartalhalli,shorapur
huvinhalli,shorapur
kachapur,shorapur
fathepur,shorapur
kadhalli,shorapur
murakanal,shorapur
malhalli,shorapur
nadkoor,shorapur
kardakal,shorapur
jainapur,shorapur
godrihal,shorapur
heggandoddi,shorapur
malgatti,shorapur
tippanatgi,shorapur
amlihal,shorapur
agni,shorapur
handral,shorapur
mudnoor (b),shorapur
mudnoor (k),shorapur
rampur,shorapur
yediapur,shorapur
kodalgi,shorapur
kanhalli,shorapur
teggihalli,shorapur
shakhapur,shorapur
badlapur - becharak,shorapur
agthirth,shorapur
karibhavi,shorapur
sadab,shorapur
arkera (j),shorapur
baichbal,shorapur
kachaknoor,shorapur
yedhalli,shorapur
gundalgare,shorapur
salgunda (d),shorapur
ramnagar,shorapur
kolihal,shorapur
isampur,shorapur
bhagyanagar,shorapur
kaldevanhalli,shorapur
channur,shorapur
wajjal,shorapur
katapur - becharak,shorapur
devapur jagir,shorapur
banhatti,shorapur
khojapur (d),shorapur
hunsgi,shorapur
srinivaspur,shorapur
kangandanahalli,shorapur
balshattihal,shorapur
kamnatgi,shorapur
manjlapur,shorapur
bapparga,shorapur
hagratgi,shorapur
maralbhavi,shorapur
malnoor,shorapur
gulbal,shorapur
kuppi,shorapur
dyamanhal,shorapur
rajankollur,shorapur
teerth,shorapur
boodihal,shorapur
horatti,shorapur
uppaidinni,shorapur
kurekanhal,shorapur
mudilinganhal,shorapur
bassapur,shorapur
yerkihal,shorapur
yenniwadgera,shorapur
marnal,shorapur
mailapur,shorapur
bardevanhal,shorapur
kodekal,shorapur
rayanpala,shorapur
rajwal,shorapur
bamangud,shorapur
bailkunti,shorapur
devatinagar,shorapur
geddalmari,shorapur
kudedarhal,shorapur
krishnanagar,shorapur
hanmasagar,shorapur
hullikera,shorapur
jamalpur,shorapur
dharampur,shorapur
ammapur (s.k),shorapur
tangadbail,shorapur
rayangola,shorapur
jogandabhavi,shorapur
kamalpur,shorapur
kotigud,shorapur
hanuman nagar,shorapur
narayanpur rural,shorapur
myalingaddi,shorapur
jangangaddi,shorapur
hebbal (b),shorapur
hebbal (k),shorapur
chikanhalli,shorapur
bonal,shorapur
mangihal,shorapur
bachimatti,shorapur
benkanhalli,shorapur
devatkal,shorapur
konal,shorapur
gonal,shorapur
aldhal,shorapur
rajapur (d),shorapur
nagaral,shorapur
devapur,shorapur
kampapur,shorapur
aralhalli,shorapur
kade kamat konal,shorapur
halbhavi,shorapur
godihal (t),shorapur
raigera,shorapur
siddapur,shorapur
rajunagar,shorapur
bhailapur,shorapur
manjalapur (k),shorapur
chanpatan,shorapur
santpur,shorapur
tinthni,shorapur
dadlapur,shorapur
bandoli,shorapur
hunsiholi,shorapur
kekkera,shorapur
hanmanhal,shorapur
toldinni,shorapur
hombalkal,shorapur
sonnapur,shorapur
jairamnagar,shorapur
yedalbhavi,shorapur
benchigaddi,shorapur
lingadhalli,shorapur
mavinmatti,shorapur
chigirhal,shorapur
jalibenchi,shorapur
devargonal,shorapur
machgundal,shorapur
badyapur,shorapur
bahirimabdi,shorapur
rattal,shorapur
devikera,shorapur
hasnapur,shorapur
siddapur (g),shorapur
bomanhalli,shorapur
mangloor,shorapur
kurbantalahalli,shorapur
peth ammapur,shorapur
wagingera,shorapur
talwargera,shorapur
bijaspur,shorapur
arkera khalsa,shorapur
vankihal -,shorapur
khanapur -,shorapur
venkatapur,shorapur
kumbarpeth,shorapur
kaudimatti,shorapur
havinhal,shorapur
kagarhal,shorapur
godihal jagir,shorapur
shalgi,shorapur
chandlapur,shorapur
kupgal,shorapur
halgera,shorapur
hemnoor,shorapur
karnal,shorapur
choudeshwarhal,shorapur
mushtalli,shorapur
bevinhal,shorapur
sugur,shorapur
hemwadgi,shorapur
adwadgi,shorapur
gundapur,shahpur
nadihal,shahpur
chamnal,shahpur
chandapur,shahpur
ukkinhal,shahpur
harangera,shahpur
ingnal,shahpur
darshanapur,shahpur
rabbanhalli,shahpur
singanhalli,shahpur
negginhal,shahpur
madkeri,shahpur
mudbole,shahpur
hothpet,shahpur
aralhalli,shahpur
sadyapur,shahpur
kodamanhalli,shahpur
gogikona,shahpur
karkihalli,shahpur
bholkadamgera,shahpur
budnoor,shahpur
kakkesgera,shahpur
rajapur,shahpur
diggi,shahpur
saidapur,shahpur
shettikera,shahpur
wandurg,shahpur
aldhal,shahpur
channur khalsa,shahpur
hoskera,shahpur
rajapur (k),shahpur
halbhavi,shahpur
maktapur,shahpur
bilwad,shahpur
saladpur,shahpur
itga simt sirwal,shahpur
handral,shahpur
anabi,shahpur
roza simt sirwal,shahpur
sirwal,shahpur
ingalgi,shahpur
nandihalli (k),shahpur
madnal,shahpur
bevinhalli,shahpur
hallisagar,shahpur
benkanhalli jagir,shahpur
kanne kolur,shahpur
tippanhalli,shahpur
vibutihalli,shahpur
ommerdoddi,shahpur
bantihal,shahpur
nagnatgi,shahpur
gangnal,shahpur
dariyapur,shahpur
mahal roza,shahpur
sagar,shahpur
rastapur,shahpur
shardahalli,shahpur
mandgalli,shahpur
konganda,shahpur
hattigudur,shahpur
hursgundgi,shahpur
habballi,shahpur
ibrahimpur,shahpur
tangadgi,shahpur
chattanhalli,shahpur
maramkal,shahpur
balkal,shahpur
nalwadgi,shahpur
bidrani,shahpur
doranahalli,shahpur
gundhalli,shahpur
karangi,shahpur
khanapur,shahpur
manginhal,shahpur
naikal,shahpur
gulsaram,shahpur
birnal,shahpur
bablad,shahpur
gaddesugur,shahpur
hulkal jagir,shahpur
malhalli,shahpur
kurkunda,shahpur
tekural,shahpur
bolari,shahpur
gundgurthi,shahpur
hundekal,shahpur
tokapur,shahpur
tadibidi,shahpur
kyatnal,shahpur
kadamgera (b),shahpur
shanker banda,shahpur
tewar wadgera,shahpur
agastihal,shahpur
kadayapur,shahpur
anwar,shahpur
hayyal (k),shahpur
hanchinal,shahpur
alkur,shahpur
hayyal (b),shahpur
baswantpur,shahpur
bommanhalli,shahpur
munmutgi,shahpur
ekchinti,shahpur
maderkal,shahpur
nandihalli jagir,shahpur
beernur,shahpur
sawoor,shahpur
katamanhalli,shahpur
parsapur,shahpur
markal,shahpur
kollur,shahpur
tonnur,shahpur
chandral,shahpur
goudoor,shahpur
aneksugur,shahpur
kurihal,shahpur
wadgera,shahpur
ullesugar,shahpur
hortoor,shahpur
halgera,shahpur
godihal,shahpur
kumnoor,shahpur
arjungi,shahpur
konhalli,shahpur
kandhalli,shahpur
bilhar,shahpur
gondenoor,shahpur
channur jagir,shahpur
konkal,shahpur
tumkur,shahpur
itga simt wadgera,shahpur
habshihal,shahpur
rotnadgi,shahpur
kadrapur,shahpur
boodinhal,shahpur
machnoor,shahpur
benkanhalli khalsa,shahpur
shivenoor,shahpur
bendebembli,shahpur
joldhadgi,shahpur
kodal,shahpur
gonal,shahpur
konganda simt wadgera,shahpur
shivepur,shahpur
sangam,shahpur
gundloor,shahpur
agnihal,shahpur
sugoor,shahpur
gogipeth (ct),shahpur
marasanapalli,srinivaspur
kothahudya,srinivaspur
katamguntapalli,srinivaspur
kothur (a),srinivaspur
gudipalli,srinivaspur
kurigepalli,srinivaspur
reddivaripalli (r),srinivaspur
vangasavaripalli,srinivaspur
kothapalli,srinivaspur
kottevaripalli,srinivaspur
raghunathapura,srinivaspur
chintamanipalli,srinivaspur
chikkevaripalli,srinivaspur
balevaripalli,srinivaspur
bodireddipalli,srinivaspur
mudimadugu,srinivaspur
vyapalahalli,srinivaspur
balthmari,srinivaspur
kadirampalli,srinivaspur
pathur,srinivaspur
baddipalli,srinivaspur
pedduru,srinivaspur
hosahudya,srinivaspur
poolaguntapalli,srinivaspur
byraganapalli,srinivaspur
chillarpalli,srinivaspur
kotekallur,srinivaspur
bommareddipalli,srinivaspur
bandarlapalli,srinivaspur
bykothuru,srinivaspur
yadaganapalli,srinivaspur
diguvapalli,srinivaspur
vempalli,srinivaspur
thamatampalli,srinivaspur
amani thirumalappa nayakana  kere,srinivaspur
yeramvaripalli,srinivaspur
upparapalli,srinivaspur
gudisivaripalli,srinivaspur
basavanapalli,srinivaspur
m.thummalapalli,srinivaspur
anepalli,srinivaspur
malamotakpalli,srinivaspur
dombarapalli,srinivaspur
jathavarthapalli,srinivaspur
manjevaripalli,srinivaspur
rayalpad,srinivaspur
bhogamvaripalli,srinivaspur
mudivaripalli,srinivaspur
sanakamvaripalli,srinivaspur
kundathavaripalli,srinivaspur
amani vasanthanayakanakere,srinivaspur
pottepalli,srinivaspur
settivaripalli,srinivaspur
thorlavaripalli,srinivaspur
diguvachinthapalli,srinivaspur
adirajapalli,srinivaspur
gownipalli,srinivaspur
thummalapalli (g),srinivaspur
karipalli,srinivaspur
chilepalli,srinivaspur
avaganapalli,srinivaspur
kodipalli,srinivaspur
diguvamarampalli,srinivaspur
bayapalli,srinivaspur
pathagownipalli,srinivaspur
reddivaripalli (g),srinivaspur
bathalaguttapalli,srinivaspur
agrahara,srinivaspur
a.vyapalapalli,srinivaspur
addagal,srinivaspur
bhimaguttapalli,srinivaspur
thimmanapalli,srinivaspur
kambalapalli,srinivaspur
yagavachinthapalli,srinivaspur
amani narasimhanayakanakere,srinivaspur
thummalavaripalli,srinivaspur
kempareddigaripalli,srinivaspur
nakkalavaripalli,srinivaspur
buragamakalapalli,srinivaspur
mandyala,srinivaspur
chirkorapalli,srinivaspur
madarankapalli,srinivaspur
kandlevaripalli,srinivaspur
yendaguttapalli,srinivaspur
guntapalli,srinivaspur
kondamari,srinivaspur
chikkakondamari,srinivaspur
kurupalli (k),srinivaspur
sonnapalli,srinivaspur
jalagundlapalli,srinivaspur
pathanelavanki,srinivaspur
koppavaripalli,srinivaspur
gollapalli. k,srinivaspur
manchineellakote,srinivaspur
chikkarangepalli,srinivaspur
thammareddigaripalli,srinivaspur
thoopalli,srinivaspur
marimakalapalli,srinivaspur
kurupalli (m),srinivaspur
jinkalavaripalli,srinivaspur
sunnakal,srinivaspur
ammagaripet,srinivaspur
jeedimakalapalli (s),srinivaspur
marellapalli,srinivaspur
mulagollapalli,srinivaspur
kothapet,srinivaspur
gowdathatagadde,srinivaspur
pacharamakalapalli,srinivaspur
subbagundlapalli,srinivaspur
nelavanki,srinivaspur
chakapalli,srinivaspur
doddabandarlahalli,srinivaspur
kasettipalli,srinivaspur
vyshnavaripalli,srinivaspur
kamalavaripalli,srinivaspur
marepalli,srinivaspur
koosandra,srinivaspur
gundedu,srinivaspur
lakshmisagara,srinivaspur
nambuvaripalli,srinivaspur
lakshmipura,srinivaspur
sheshapura (k.g.),srinivaspur
gollapalli . s,srinivaspur
kamatampalli,srinivaspur
muddepalli,srinivaspur
lakkavaddipalli,srinivaspur
pandivaripalli,srinivaspur
sathanurapalli,srinivaspur
jeedimakalapalli (p),srinivaspur
krishnapura,srinivaspur
pathakote,srinivaspur
gorivimakalapalli,srinivaspur
kondasandra,srinivaspur
reddimpalli,srinivaspur
chigarekunte,srinivaspur
devareddipalli,srinivaspur
burakayalakote,srinivaspur
mallampalli,srinivaspur
chilakalanatha,srinivaspur
jannapalli,srinivaspur
lingapura,srinivaspur
thanterlapalli,srinivaspur
kotaballapalli,srinivaspur
iladoni,srinivaspur
bachuvaripalli,srinivaspur
gangannagaripalli,srinivaspur
kokkantivaripalli,srinivaspur
pulugurkote,srinivaspur
ragimakalapalli,srinivaspur
banalapalli,srinivaspur
machuvaripalli,srinivaspur
kannampalli,srinivaspur
bandapalli,srinivaspur
gullakunte,srinivaspur
nachagadde,srinivaspur
thadigol,srinivaspur
seeglapalya,srinivaspur
kappalli,srinivaspur
rajapalli,srinivaspur
jangamasettipalli,srinivaspur
kotapalli,srinivaspur
lakshmanapura,srinivaspur
sunnaguttapalli,srinivaspur
neelakantapura,srinivaspur
naruvamakalapalli,srinivaspur
pathaballapalli,srinivaspur
purnapalli,srinivaspur
chinnepalli,srinivaspur
guntavaripalli,srinivaspur
brahmanapalli,srinivaspur
adavichambakur,srinivaspur
guttapalli,srinivaspur
koolagurki,srinivaspur
mothakapalli,srinivaspur
pegalapalli,srinivaspur
kornalli,srinivaspur
nallappareddipalli,srinivaspur
ejakunte,srinivaspur
valasapenta,srinivaspur
boyipenta,srinivaspur
chokkareddipalli,srinivaspur
locheruvapalli,srinivaspur
chikkathimmanahalli,srinivaspur
seegahalli,srinivaspur
chinnagepalli,srinivaspur
kurumakalapalli,srinivaspur
gandlapalli,srinivaspur
kanagamakalapalli,srinivaspur
pillakunte,srinivaspur
chakarlapalli,srinivaspur
arikunte,srinivaspur
maniganahalli,srinivaspur
kothur,srinivaspur
inimakalapalli,srinivaspur
kummakunte,srinivaspur
byapalli,srinivaspur
yachanapalli,srinivaspur
nilaturu,srinivaspur
nagedepalli,srinivaspur
thimmasandra (r),srinivaspur
kaniganapalli,srinivaspur
doddapalli,srinivaspur
ronur,srinivaspur
dimbala,srinivaspur
champalli,srinivaspur
kotraguli,srinivaspur
thamepalli,srinivaspur
devalapalli,srinivaspur
devasandra (k.g.),srinivaspur
hodali,srinivaspur
chokkanapalli,srinivaspur
imarakunte,srinivaspur
dasara thimmanahalli,srinivaspur
gopalapura,srinivaspur
veerthimmanahalli,srinivaspur
doddaraguladinne,srinivaspur
apparasanahalli,srinivaspur
ramapura,srinivaspur
somayajilapalli,srinivaspur
ojalapalli,srinivaspur
channaiahgaripalli,srinivaspur
matakansandra,srinivaspur
rajagundlapalli,srinivaspur
alambagiri,srinivaspur
j.thimmasandra,srinivaspur
kiruvara,srinivaspur
alavatta,srinivaspur
thupalli,srinivaspur
doddamaladoddi,srinivaspur
narasimhapura (k.g.),srinivaspur
nallapalli (k),srinivaspur
kollur,srinivaspur
kallur,srinivaspur
pathapalli,srinivaspur
dwarasandra,srinivaspur
chowdanahalli,srinivaspur
settihalli,srinivaspur
aramakalahalli,srinivaspur
siddanahalli,srinivaspur
sathandahalli,srinivaspur
katara muddalahalli,srinivaspur
ganganahalli,srinivaspur
peddanachapali,srinivaspur
boyinachapalli,srinivaspur
srinivaspur (rural),srinivaspur
byrapalli,srinivaspur
avalakuppa,srinivaspur
srinivaspur amanikere,srinivaspur
nallapalli (h),srinivaspur
panasamakalapalli,srinivaspur
unikili,srinivaspur
mogilahalli,srinivaspur
nambihalli,srinivaspur
varatanahalli,srinivaspur
y.hosakote,srinivaspur
yaluvakunte,srinivaspur
c. hosuru,srinivaspur
chiruvanahalli,srinivaspur
palya,srinivaspur
chaldiganahalli,srinivaspur
pathagundamnatta,srinivaspur
hebbata,srinivaspur
ketheganahalli,srinivaspur
chintakunte,srinivaspur
lingarajapura,srinivaspur
obepalli,srinivaspur
meesaganapalli,srinivaspur
gundamnatta,srinivaspur
yaluvahalli,srinivaspur
hosahalli,srinivaspur
dalasanur,srinivaspur
koneti thimmanahalli,srinivaspur
kuppahalli,srinivaspur
anchiganahalli,srinivaspur
kaadu devandlahalli,srinivaspur
bissanahalli,srinivaspur
thernahalli,srinivaspur
bagalahalli,srinivaspur
mastenahalli,srinivaspur
kurubarahalli,srinivaspur
noolapura,srinivaspur
gandlahalli,srinivaspur
booraganahalli,srinivaspur
kostenahalli,srinivaspur
bangavadi,srinivaspur
gowdahalli,srinivaspur
venkatapura,srinivaspur
valagernahalli,srinivaspur
basavanatta,srinivaspur
hoohalli,srinivaspur
gummareddypura,srinivaspur
chikapura,srinivaspur
kodicheruvu,srinivaspur
padathimmanahalli,srinivaspur
hogalagere,srinivaspur
thinnalli,srinivaspur
gijiganahalli,srinivaspur
kallukunte,srinivaspur
nernahalli,srinivaspur
narayanapura,srinivaspur
payaregaripalli,srinivaspur
pathamuthakapalli,srinivaspur
ganganatta,srinivaspur
vadigepalli .k,srinivaspur
karangi,srinivaspur
yammanuru,srinivaspur
muthakapalli,srinivaspur
attikunte,srinivaspur
jokunte,srinivaspur
neelatur,srinivaspur
peddapalli,srinivaspur
achampalli,srinivaspur
seegehalli,srinivaspur
battalapura,srinivaspur
gottikunte,srinivaspur
adavikurapalli,srinivaspur
arikere,srinivaspur
yeldur,srinivaspur
veerasandra,srinivaspur
seethareddihalli,srinivaspur
kattibissanahalli,srinivaspur
beerganahalli,srinivaspur
yadarur,srinivaspur
vadigepalli (s),srinivaspur
chintamakalapalli,srinivaspur
shyagatur,srinivaspur
manjulanagara,srinivaspur
sheshapura,srinivaspur
uppakunte,srinivaspur
kolathur,srinivaspur
harlakunte,srinivaspur
pindiganagara,srinivaspur
thorna halli,malur
sonnanaikanahalli,malur
byranahalli,malur
byranahosahalli,malur
thornahalli agrahara,malur
gerupura,malur
sheikhmanpura,malur
dombarahalli,malur
jakkasandra,malur
karinaikanahalli,malur
mindahalli,malur
seethappanahalli,malur
muthakadahalli,malur
shivarapatna,malur
bavanahalli,malur
yarrappanahalli,malur
jodipura,malur
korachanoor,malur
thambihalli,malur
seethanaikanahalli,malur
kambipura,malur
kanivenahalli,malur
ramenahalli,malur
shivarapatna amanikere,malur
agrahara,malur
anepura,malur
hizuvanahalli,malur
nambiganahalli,malur
chikkasabbenahalli,malur
hungenahalli,malur
vardenahalli,malur
obalapura,malur
maliyappanahalli,malur
abbenahalli,malur
m.sonnahalli,malur
kondarahalli,malur
bellavi,malur
bellavi plantation,malur
hedaginabele,malur
channigarayapura,malur
gangapura,malur
ramachandrapura plantation,malur
irabanahalli,malur
madivala,malur
harohalli,malur
lingapura,malur
chavvenahalli,malur
chikkakadathur,malur
doddashivara,malur
doddasabbenahalli,malur
kadasonnahalli,malur
bhoovanahalli,malur
doddakunthur,malur
puramakanahalli,malur
haripura,malur
vadaganahalli,malur
chikkashivara,malur
doddakadathur,malur
kothakota thimmanahalli,malur
guddanahalli,malur
malur (rural) *,malur
chokkondahalli,malur
gangasandra,malur
hanumanayakanahalli,malur
lakkenahalli,malur
yeswanthapura,malur
thimmapura,malur
hanumanthapura,malur
nallappanahalli,malur
kadadenahalli,malur
boppanahalli,malur
chikkapura,malur
madanahatti,malur
pitchaguntrahalli,malur
madanahatti -venkatapura,malur
marasandra,malur
marasandra plantation,malur
huralagere,malur
upavasapura,malur
byalahalli,malur
kurandahalli,malur
nosagere,malur
kanachikkanahalli,malur
purasanahalli,malur
kurandahalli plantation,malur
patitganahalli,malur
mangapura,malur
channakal,malur
dyapasandra,malur
neelakanta agrahara,malur
veerapura,malur
kodur,malur
sonnahalli,malur
kateri,malur
kodaginabele,malur
chikkakunthur,malur
alubavikothur,malur
kundenahalli,malur
karikuchanahalli,malur
geragadenahalli,malur
araleri,malur
angasettihalli,malur
bingipura,malur
thimmanayakanahalli,malur
yarapasettihalli,malur
gaddamsonnahalli,malur
tharanahalli,malur
mylandahalli,malur
sulikunte,malur
chokkapura,malur
hosakurandahalli plantation,malur
ramapura,malur
marasettihalli,malur
sonnappanahatti,malur
linganahalli,malur
halkempanahalli,malur
kudiyanur,malur
kurubarahalli,malur
manisettihalli,malur
thuragalur,malur
channarayapura,malur
nariganahalli,malur
mittiganahalli,malur
kariyappanahalli,malur
santhehalli,malur
medahatti,malur
upparahalli,malur
hulkur,malur
chakanahalli,malur
menasinatha,malur
krishnapura,malur
barugur,malur
dommalur,malur
arasanahalli,malur
hulimangalahosakote,malur
lakkurhosahalli,malur
chandanahalli,malur
koppathimmanahalli,malur
choodagondahalli,malur
pura,malur
yattakodi,malur
kadumuthsandra,malur
kadumuthsandra plantation,malur
lakkur,malur
kodihalli,malur
seegepura,malur
thalakunte,malur
minasandra,malur
jayamangala,malur
jagadenahalli,malur
bagursonnahalli,malur
anchemuskur,malur
chikkathirupathy,malur
kalkere,malur
sampangere,malur
alambadi,malur
sonnur,malur
siddanahalli,malur
chowdadenahalli,malur
gonur,malur
arinagatta,malur
byrasandra,malur
chikka iggaluru,malur
nagondahalli,malur
gonoorukoppa,malur
tharabahalli,malur
chalaganahalli,malur
voppachahalli,malur
madamangala,malur
yakkadoddi,malur
dadinayakanadoddi,malur
bennagatta,malur
bantahalli,malur
ahanya,malur
padavanahalli,malur
kadadanahalli,malur
mirupanahalli,malur
ommasandra,malur
nanjapura,malur
nagapura,malur
baliganahalli,malur
kadavanapura,malur
kempasandra,malur
indumangala,malur
dinneri,malur
thirumalahatti,malur
byappanahatti,malur
obatti,malur
mathangapura,malur
sinkanahalli,malur
adikarahatti,malur
nallandahalli,malur
rajenahalli,malur
dinneri plantation,malur
dodda iggalur,malur
doddakallahalli,malur
keshavanahatti,malur
thippasandra,malur
a.upparahalli,malur
alahalli,malur
obatti agrahara,malur
thuruvalahatti,malur
bakarahalli,malur
muthenahatti,malur
kuppur,malur
balanaikanadoddi,malur
gollahalli,malur
chikkakallahalli,malur
m.hosahalli,malur
m.upparahalli,malur
byranadoddi,malur
bandahatti,malur
sonnanadoddi,malur
varadapura,malur
natuvarahalli,malur
guddadahosahalli,malur
hasandahalli,malur
tholasanadoddi,malur
rayasandra,malur
doddadanavahalli,malur
chickadanavahalli,malur
pemmadoddi,malur
nallathimmanahalli,malur
devarahalli,malur
voosarahalli,malur
karakamakanahalli,malur
halepalya,malur
thimmanahalli,malur
yelesandra,malur
rajavarahalli,malur
haromakanahalli,malur
thirtha bandahatti,malur
tholakanahalli,malur
pichaguntrahalli,malur
mulakamanadoddi,malur
masthi,malur
kallipura,malur
kesaragere,malur
bitnahalli,malur
halehalli,malur
appaiana agrahara,malur
chavaramangala,malur
suggondahalli,malur
anikarahalli,malur
malkanahalli,malur
thrunasi,malur
thyaganadoddi,malur
karisandra,malur
shamasettyhalli,malur
rangaiahna agrahara,malur
durasandahalli,malur
venkatapura,malur
kanchala,malur
bedisettihalli,malur
duduvanahalli,malur
byappanahalli,malur
dinnahalli,malur
nidamakanahalli,malur
ajjappanahalli,malur
gundlapalya,malur
sorakayalahalli,malur
balanahalli plantation,malur
chikkasandra,malur
godagahalli,malur
palya,malur
ganiganahalli,malur
basavanaikanahalli,malur
ramasagara,malur
kothigutlahalli,malur
karagahalli,malur
kondanahalli,malur
nidaramangala,malur
karangutta,malur
nakkanahalli,malur
kuntanahalli,malur
karadagurki,malur
vurugurki,malur
yagnavadani,malur
agalakote,malur
basapura,malur
veerakaputra,malur
halliganahalli,malur
kadirenahalli,malur
janganahalli,malur
kugatiganahalli,malur
chinnapaganahalli,malur
hosahalli,malur
agara,malur
suddukunte,malur
byatarayanahalli,malur
byrathanahalli,malur
byrathanahallipura,malur
thotagowdana halli,malur
kondasettihalli,malur
thotagowdana amanikere,malur
hunasikote,malur
balleri,malur
ullerahalli,malur
somasandra,malur
thimmanaikanahalli agrahara,malur
kanchugaranahalli,malur
yaluvahalli,malur
bettahalli,malur
makarahalli,malur
tekal,malur
kondarajanahalli,malur
kavalagiriyanahalli,malur
kempanahalli,malur
panamakanahalli,malur
pudisettihalli,malur
doddamale,malur
yaluvaguli,malur
amani kanchugaranakere,malur
dasarahalli,malur
gopasandra,malur
hosabalahalli,malur
haleballahalli,malur
chickamale,malur
kurnahosahalli,malur
huladenahalli,malur
seethahalli,malur
venkatarajanahalli,malur
thimmanayakanchalli,malur
jinagathimmanahalli,malur
upasapura,malur
ojarahalli,malur
amani arasikere,malur
eswaranahalli,malur
kanagala,malur
settihalli,malur
kamarakote,malur
banahalli,malur
yalesandra,malur
kshethranahalli,malur
nellahalli,malur
manchakal,malur
bandarlahalli,malur
animittnahalli,malur
haradakothur,malur
kommanahalli,malur
badakanahalli,malur
guruvalagollahalli,malur
thoralakki,malur
budihalli,malur
nutuve,malur
chikkanaikanahalli,malur
doddanaikanahalli,malur
noothanakrishnapura,malur
pelavanahalli,malur
kumbaragollahalli,bangarapet
mageri,bangarapet
hanchala,bangarapet
ramapuradinne,bangarapet
voggayahnadinne,bangarapet
krishnapuradinne,bangarapet
pakarahalli,bangarapet
hudukula,bangarapet
vattrakunte,bangarapet
byranayakanahalli,bangarapet
venugopalapura,bangarapet
nayakarahalli,bangarapet
bhavarahalli,bangarapet
chikka ankandahalli,bangarapet
kuppanhalli,bangarapet
haliganahalli,bangarapet
siddanahalli,bangarapet
akshantaragollahalli,bangarapet
madamangala,bangarapet
mugalabele,bangarapet
sulikunte,bangarapet
naganathapura,bangarapet
ramanayakanhalli,bangarapet
madigarahalli,bangarapet
honnenahalli,bangarapet
madivala,bangarapet
byadabele,bangarapet
karabele,bangarapet
beerandahalli,bangarapet
margal,bangarapet
iythandahalli,bangarapet
nernahalli,bangarapet
karahalli,bangarapet
yelaburgi,bangarapet
dodda ankandhalli,bangarapet
kanimbele,bangarapet
yaluvahalli,bangarapet
guttahalli,bangarapet
karamangala,bangarapet
thyranahalli,bangarapet
goravanahalli,bangarapet
oombathguli,bangarapet
kasipura,bangarapet
inorahosahalli,bangarapet
kanivekallu,bangarapet
hanumanthapura,bangarapet
hunasanahalli,bangarapet
desihlli,bangarapet
benganur,bangarapet
neralekere,bangarapet
soregowdanakote,bangarapet
keelukoppa,bangarapet
maravahalli,bangarapet
koppa,bangarapet
huvrasanahalli,bangarapet
hulibele,bangarapet
thoraganadoddi,bangarapet
nethibele,bangarapet
abbigirihosahalli,bangarapet
thumatagere,bangarapet
kadirenahalli,bangarapet
hosakote,bangarapet
thatnahalli,bangarapet
chikkavalagamadi,bangarapet
singarahalli,bangarapet
harohalli,bangarapet
chakkaranahalli,bangarapet
hirenahalli guttahalli,bangarapet
ramachandrapura,bangarapet
bendiganahalli,bangarapet
magondi,bangarapet
hirekarapanahalli,bangarapet
banahalli,bangarapet
chickkakarapanahalli,bangarapet
atthigere,bangarapet
hurlahalli,bangarapet
chikkanallaguttahalli,bangarapet
paravanahalli,bangarapet
varadapura,bangarapet
makarahalli,bangarapet
ukkunda,bangarapet
kondanahalli,bangarapet
sanganahalli,bangarapet
junjanahalli,bangarapet
debbanhalli,bangarapet
gajiga,bangarapet
alambadi,bangarapet
karimanahalli,bangarapet
budikote,bangarapet
thammenahalli,bangarapet
srirangabandahalli,bangarapet
obahalli,bangarapet
marandahalli,bangarapet
bommaganahalli,bangarapet
pacharalahalli,bangarapet
chintagumpalli,bangarapet
dinnekothur,bangarapet
dinnur,bangarapet
kodagurki,bangarapet
hunakaldoddi,bangarapet
yelesandra,bangarapet
kadaripura,bangarapet
puttrasonnenahalli,bangarapet
muduguli,bangarapet
chintagumnahalli,bangarapet
mooganahalli,bangarapet
dodderi,bangarapet
buvanahalli,bangarapet
upasapura,bangarapet
yachamanahalli,bangarapet
sontiganahalli,bangarapet
chembenahalli,bangarapet
poojarahalli,bangarapet
kotaramagulla,bangarapet
suriganahalli,bangarapet
garudakempanahalli,bangarapet
gandodi thimmanahalli,bangarapet
nagenahalli,bangarapet
hoshalli,bangarapet
pataramagulla,bangarapet
muthanuru,bangarapet
boppanhalli,bangarapet
godagumande,bangarapet
gullahalli,bangarapet
doddur,bangarapet
pura,bangarapet
balamande,bangarapet
palamadagu,bangarapet
thamatamakanahalli,bangarapet
kanumanahalli,bangarapet
yerragola,bangarapet
kendodimande,bangarapet
doddapannandahalli,bangarapet
dasaramale,bangarapet
bodapatti,bangarapet
chikkapannanndahalli,bangarapet
boyinahalli,bangarapet
ukkarahalli,bangarapet
kanthepura,bangarapet
dimbaladebbanahalli,bangarapet
boyisonnenahalli,bangarapet
pitchahalli,bangarapet
doddamarihalli,bangarapet
tavarekere,bangarapet
appenahalli,bangarapet
kethaganahalli,bangarapet
nallaguttahalli,bangarapet
vattigal,bangarapet
kamasamudra,bangarapet
janagutta,bangarapet
lakkenahalli,bangarapet
bodagurki,bangarapet
yelachamande,bangarapet
dasarlahalli,bangarapet
narinetha,bangarapet
kongarahalli,bangarapet
nadampalli,bangarapet
bodenahalli,bangarapet
arimanahalli,bangarapet
ramasandra,bangarapet
thanimadagu,bangarapet
boggilahalli,bangarapet
mustrahalli,bangarapet
gundaralahalli,bangarapet
bathlur,bangarapet
bhuvanahalli,bangarapet
chinnakamanahalli,bangarapet
mittahalli,bangarapet
bompalli,bangarapet
rathenahalli,bangarapet
keerumande,bangarapet
bangaranatha,bangarapet
chamanahalli,bangarapet
bandarlahalli,bangarapet
thoppanahalli,bangarapet
kalavanchi,bangarapet
polenahalli,bangarapet
kundarasanahalli,bangarapet
kadarinatha,bangarapet
sakarasanhalli,bangarapet
thalur,bangarapet
donimadagu,bangarapet
bathlahalli,bangarapet
manchenahalli,bangarapet
alaganahalli,bangarapet
chalganahalli,bangarapet
mavahalli,bangarapet
kamandahalli,bangarapet
vadandahalli,bangarapet
mittamalahalli,bangarapet
pitchaguntrahalli,bangarapet
hunukunda,bangarapet
ganacharapura,bangarapet
madamuthanhalli,bangarapet
doddarahalli,bangarapet
kurubarahalli,bangarapet
doddurkarpanhalli,bangarapet
kavaraganahalli,bangarapet
thammenhalli,bangarapet
ajjapalli,bangarapet
maliyangurki,bangarapet
kesaranhalli,bangarapet
maliyangurki amanikere,bangarapet
chikkakrimanahalli,bangarapet
doddachinnapalli,bangarapet
iymarasapura,bangarapet
doddavalagamadhi,bangarapet
buragamakanahalli,bangarapet
byraganahalli,bangarapet
krishnarajapura,bangarapet
ghattakamadenahalli,bangarapet
gattarayagadahalli,bangarapet
peddapalli,bangarapet
yerranaganahalli,bangarapet
chinnapalli,bangarapet
ramapupa,bangarapet
buvalahalli,bangarapet
mallampalli -ryagadahalli,bangarapet
nakkanahalli,bangarapet
kempathimmanhalli,bangarapet
kallikuppa,bangarapet
thongal,bangarapet
m. kothur,bangarapet
marikuppa,bangarapet
surapalli,bangarapet
baliganahalli,bangarapet
giddegowdanahalli,bangarapet
chinnanagahalli,bangarapet
keelukambali,bangarapet
doddakambali,bangarapet
bynepalli,bangarapet
lakshmisagara,bangarapet
ghattamadamangala,bangarapet
kanganallur,bangarapet
thambarlahalli,bangarapet
jaimangala,bangarapet
maddinayakanahalli,bangarapet
kogilahalli,bangarapet
vaddahalli,bangarapet
battarakuppa,bangarapet
dharmakrishnepalli,bangarapet
nayanahalli-majara kothur,bangarapet
siddareddy dinne,bangarapet
nayanahalli,bangarapet
hangala,bangarapet
natha,bangarapet
thimmasandra,bangarapet
gollahalli,bangarapet
badamakanhalli,bangarapet
ysandra,bangarapet
iyyappalli amanikere,bangarapet
iyyappalli,bangarapet
nallur,bangarapet
ankathattahalli,bangarapet
hulkuru,bangarapet
venkatapura,bangarapet
kavaraganahalli-majara,bangarapet
betkur,bangarapet
gennerahalli,bangarapet
koolur,bangarapet
doddakari majara kambampalli,bangarapet
doddakari,bangarapet
kodihalli,bangarapet
kothur,bangarapet
parasepalli,bangarapet
thippaboyenahalli,bangarapet
kothapalya,bangarapet
chigarapura,bangarapet
kadiregowdanakote,bangarapet
reddihalli,bangarapet
peddampalli,bangarapet
kammasandra,bangarapet
chimalabandahalli,bangarapet
kattampalli,bangarapet
nagisettihalli,bangarapet
kaggilahalli,bangarapet
gorlachinnapalli,bangarapet
bommandahalli,bangarapet
byatarayanahalli,bangarapet
pootharajanahalli,bangarapet
deverahalli,bangarapet
jangamanahalli,bangarapet
muddegowdanahalli,bangarapet
batavarahalli,bangarapet
adampalli,bangarapet
parandahalli(part),bangarapet
garudadrihalli,bangarapet
allikunte-kadirenahalli,bangarapet
chaliganhalli,bangarapet
kambampalli,bangarapet
beernakuppa,bangarapet
kaveranahalli,bangarapet
buchepalli,bangarapet
nachandahalli,bangarapet
kalavihosahalli,bangarapet
sundrapalya,bangarapet
thallapalli,bangarapet
kodigepalli,bangarapet
surnahalli,bangarapet
gandodihalli,bangarapet
pooganahalli,bangarapet
kadiriganakoppa,bangarapet
n.g. hulkur,bangarapet
vengasandra,bangarapet
rayasandra,bangarapet
pillagondanahalli,bangarapet
vaddarahalli,bangarapet
mahadevapura,bangarapet
sarvareddihalli,bangarapet
gopenahalli,bangarapet
annasagara,bangarapet
mustoor,bangarapet
lakshmisagar,bangarapet
thathepalli,bangarapet
durgepalli,bangarapet
jadamakanhalli,bangarapet
panthanahalli,bangarapet
mallapalli,bangarapet
banakanahalli,bangarapet
papenahalli,bangarapet
ramasagara,bangarapet
veerasandra,bangarapet
thimmapura,bangarapet
nagalapalli,bangarapet
baluvanahalli,bangarapet
madivala-majara guttahalli,bangarapet
kyasamballi,bangarapet
billerahalli,bangarapet
kannur,bangarapet
kangandlahalli,bangarapet
ihvarahalli,bangarapet
gollaguruanahalli,bangarapet
thathareddihalli,bangarapet
mothakapalli,bangarapet
thongalakuppa,bangarapet
dalavaihosahalli,bangarapet
karadaguru,bangarapet
majara reddihalli,bangarapet
kasireddigandlahalli,bangarapet
jakkarasanakuppa,bangarapet
kachimittahalli,bangarapet
karadiganahalli,bangarapet
thookal,bangarapet
keerthikuppa,bangarapet
banagere,bangarapet
ballagere,bangarapet
doddakallahalli,bangarapet
lakkinayakanahalli,bangarapet
kempapura,bangarapet
chokkarabande,bangarapet
kattenagasandra,bangarapet
kururu,bangarapet
allikallu,bangarapet
neelagirihalli,bangarapet
madivala-majara kothur,bangarapet
maradagatta,bangarapet
settikunte,bangarapet
doddagandlahalli,bangarapet
yethur,bangarapet
chinchandlahalli,bangarapet
bennavara,bangarapet
mittakothur,bangarapet
srinivasasandra,bangarapet
nagakuppa,bangarapet
peelavara,bangarapet
bethamangala (ct),bangarapet
doddur karpanhalli plantation (og),bangarapet
dasara hosahalli (og),bangarapet
kathihalli (og),bangarapet
chinnakote (og),bangarapet
devaganahalli (og),bangarapet
parandahalli (og) (part),bangarapet
agara,mulbagal
s.bisanahalli,mulbagal
gokunte,mulbagal
nachagundlahalli,mulbagal
mugavanahalli,mulbagal
v.hosahalli,mulbagal
honnikere,mulbagal
nachahalli,mulbagal
murakanakunte,mulbagal
kondenahalli,mulbagal
gollahalli,mulbagal
mandikal,mulbagal
koladevi,mulbagal
nichanakunte,mulbagal
j.vommasandra,mulbagal
gujjanahalli,mulbagal
chakethimmanadinne,mulbagal
chikkanadinne,mulbagal
gujjamarandahalli,mulbagal
arahalli,mulbagal
duggasandra,mulbagal
tavarekere,mulbagal
harapanayakanahalli,mulbagal
vommasandra,mulbagal
kondathimmanahalli,mulbagal
kalikere,mulbagal
kunibande,mulbagal
tathighattanadampalli,mulbagal
amblikal,mulbagal
pujarihalli,mulbagal
balasandra,mulbagal
sangasandra,mulbagal
madaghatta,mulbagal
kurudamale,mulbagal
jangama kannasandra,mulbagal
kuthandahalli,mulbagal
bestarahalli,mulbagal
mudiyanur,mulbagal
kenchanahalli,mulbagal
uthanur,mulbagal
sivanarahalli,mulbagal
v.nagireddihalli,mulbagal
pombarahalli,mulbagal
nallandahalli,mulbagal
bandarahalli,mulbagal
majara agrahara,mulbagal
nalluru,mulbagal
hanamanahalli,mulbagal
bettagerahalli,mulbagal
bheeampura,mulbagal
meleri,mulbagal
krishnapura,mulbagal
alaganahalli,mulbagal
vaniganahalli,mulbagal
kondihalli,mulbagal
k.g.lakshmisagara,mulbagal
yanadigollahalli,mulbagal
doddagurki,mulbagal
rachabandahalli,mulbagal
kattigenahalli,mulbagal
banahalli,mulbagal
kothamangala,mulbagal
kurubarahalli,mulbagal
ananthapur,mulbagal
jammanahalli,mulbagal
chikkamadenahalli,mulbagal
v.guttahalli,mulbagal
doddamadenahalli,mulbagal
varadaganahalli,mulbagal
devarayasamudra,mulbagal
kammadatti kamanur,mulbagal
bellamballi,mulbagal
doddiganahalli,mulbagal
keeluholali,mulbagal
hosakere,mulbagal
cholangunte,mulbagal
vijalapura,mulbagal
s.i.ananthapura,mulbagal
asali attikunte,mulbagal
kumadenahalli,mulbagal
settibanakanahalli,mulbagal
mallakachanahalli,mulbagal
sringeri chadumanahalli,mulbagal
kasipura,mulbagal
ganjigunte,mulbagal
avani,mulbagal
batlabavanahalli,mulbagal
kempapura,mulbagal
chikkahonasettihalli,mulbagal
doddahonasettihalli,mulbagal
putheri,mulbagal
chiyandahalli,mulbagal
yalagondahalli,mulbagal
pichaguntlahalli,mulbagal
jeenaganahalli,mulbagal
minajenahalli,mulbagal
marakalagatta,mulbagal
ramenallur,mulbagal
oorakuntemittur,mulbagal
chitheri,mulbagal
yadahalli,mulbagal
hosa nagenahalli,mulbagal
kagganahalli,mulbagal
balla,mulbagal
kuruba chadumanahalli,mulbagal
kannatha,mulbagal
melagani,mulbagal
sangondahalli,mulbagal
kadukachanahalli,mulbagal
keelagani,mulbagal
gottikunte,mulbagal
majara attikunte,mulbagal
badenahalli,mulbagal
tirumanahalli,mulbagal
kannasandra,mulbagal
emmenatha,mulbagal
padakasti,mulbagal
jogalakasti,mulbagal
sheshapura,mulbagal
channapura,mulbagal
reddihalli,mulbagal
bandahalli,mulbagal
nagasandra,mulbagal
veerasettihalli,mulbagal
angondahalli,mulbagal
honaganahalli,mulbagal
belapanahalli,mulbagal
gopasandra,mulbagal
kummarakunte,mulbagal
bommasandra,mulbagal
koravenur,mulbagal
sunnangur,mulbagal
iragamuthanahalli,mulbagal
bevahalli,mulbagal
yaluvahalli,mulbagal
maraheru,mulbagal
pulakuntlahalli,mulbagal
anehalli,mulbagal
marandahalli,mulbagal
kusandra,mulbagal
hosahalli,mulbagal
bhumanahalli,mulbagal
kappalamadagu,mulbagal
srirangapura,mulbagal
n.vaddahalli,mulbagal
chikkapadmaghatta,mulbagal
padmaghatta,mulbagal
tatikal,mulbagal
bachamakalhalli,mulbagal
chinthlahalli,mulbagal
yachana kogileri,mulbagal
batrahalli,mulbagal
mannenahalli,mulbagal
allalasandra,mulbagal
chikkabandahalli,mulbagal
jangalahalli,mulbagal
darenahalli,mulbagal
seegehalli,mulbagal
chalumanayakanahalli,mulbagal
siddaghatta,mulbagal
lingapura,mulbagal
kadripura,mulbagal
vittalapura,mulbagal
thoradi,mulbagal
thurakarahalli,mulbagal
sonnavadi,mulbagal
narasipurdinne,mulbagal
doddabandahalli,mulbagal
chamareddihalli,mulbagal
kasavireddihalli,mulbagal
veerasandra,mulbagal
alangur,mulbagal
palurahalli,mulbagal
challapally,mulbagal
doddathammanahalli,mulbagal
chapurahalli,mulbagal
yarraginnenahalli,mulbagal
lakkisettyhalli,mulbagal
pichaguntalahalli,mulbagal
g.voddihalli,mulbagal
p.gangapura,mulbagal
kavathanahalli,mulbagal
khadripura,mulbagal
manchiganahalli,mulbagal
gumlapura,mulbagal
kaggalanatha,mulbagal
kallarasanahalli,mulbagal
g.kodihalli,mulbagal
g.vaddahalli,mulbagal
kanagaladinne,mulbagal
byadarahalli,mulbagal
rajendrahalli,mulbagal
chandamamanahalli,mulbagal
doddathihalli,mulbagal
cheekurgundlahalli,mulbagal
naganahalli,mulbagal
kirumani,mulbagal
ubbandlahalli,mulbagal
s.ananthapura,mulbagal
punyahalli,mulbagal
thammiareddihalli,mulbagal
bangavadi,mulbagal
hebbani,mulbagal
h.byappalli,mulbagal
m.gollahalli,mulbagal
h.kodihalli,mulbagal
sunnapakunte,mulbagal
m.chamakalahalli,mulbagal
m.byapalli,mulbagal
kadenahalli,mulbagal
pethandahalli,mulbagal
budaderu,mulbagal
c.hosahalli,mulbagal
kotrahalli,mulbagal
kambamdinne,mulbagal
bhimanavoddu,mulbagal
gudipalli,mulbagal
nagenahalli,mulbagal
bommadasanahalli,mulbagal
kamsanahalli,mulbagal
jamdadi obenahalli,mulbagal
hiranyagowdanahalli,mulbagal
poojenahalli,mulbagal
ganganahalli,mulbagal
cheekur,mulbagal
dasarahalli,mulbagal
siddanahalli,mulbagal
byrakur,mulbagal
b.kurubarahalli,mulbagal
lakkadoddi,mulbagal
perumakanahalli,mulbagal
kerasamangala,mulbagal
mustoor,mulbagal
nagavara,mulbagal
byatanur,mulbagal
nangali,mulbagal
thondahalli,mulbagal
halekoppa,mulbagal
mallekuppa,mulbagal
venkatapura,mulbagal
mudigere,mulbagal
n.chamakalahalli,mulbagal
gonikuppa,mulbagal
kakkaladoddi,mulbagal
n.chowdenahalli,mulbagal
seegehosahalli,mulbagal
chikkagollahalli,mulbagal
doddagollahalli,mulbagal
chokkapalli,mulbagal
kagginahalli,mulbagal
jallapalli,mulbagal
chinnabalepalli,mulbagal
t.kurubarahalli,mulbagal
thippadoddi,mulbagal
ugani,mulbagal
patrahalli,mulbagal
soorakunte,mulbagal
matsanahalli,mulbagal
nernahalli,mulbagal
gummakal,mulbagal
g.marandahalli,mulbagal
kasuvuganahalli,mulbagal
jeeyapalli,mulbagal
payastanahalli,mulbagal
ramachandrapura,mulbagal
myalapura,mulbagal
mittahalli,mulbagal
rayalamanadinne,mulbagal
kammasandra,mulbagal
puli obereddihalli,mulbagal
doddaguttahalli,mulbagal
nagamangala,mulbagal
chokkadoddi,mulbagal
kothuru,mulbagal
jeenankunte,mulbagal
vajranagenahalli,mulbagal
chikkaguttahalli,mulbagal
tuluvanatha,mulbagal
settikal,mulbagal
k.byappalli,mulbagal
sinigehalli,mulbagal
bevanatha,mulbagal
batuvarahalli,mulbagal
thimmapura,mulbagal
d.kurubarahalli,mulbagal
j.agrahara,mulbagal
dommasandra,mulbagal
belaganehalli,mulbagal
mopurahalli,mulbagal
mallanayakanahalli,mulbagal
puttenahalli,mulbagal
puli papenahalli,mulbagal
kapabikkanahalli,mulbagal
bovibikkanahalli,mulbagal
appikondenahalli,mulbagal
chukkanahalli,mulbagal
ethurahalli,mulbagal
thimmaravathanahalli,mulbagal
charakurahalli,mulbagal
kogileri,mulbagal
sivanapura,mulbagal
vaddaguttahalli,mulbagal
appenahalli,mulbagal
karavireddihalli,mulbagal
v.kurubarahalli,mulbagal
kuppandahalli,mulbagal
vegamadagu,mulbagal
sanyasipalli,mulbagal
kothapalli,mulbagal
dasepalli,mulbagal
gaddam chinnepalli,mulbagal
byrasandra,mulbagal
jadanagenahalli,mulbagal
yalachepalli,mulbagal
doolapalli,mulbagal
jowgupalli,mulbagal
tayalur,mulbagal
chamanayakanahalli,mulbagal
madivala,mulbagal
tayalur amanikere,mulbagal
meltayalur,mulbagal
mothakapalli,mulbagal
achampalli,mulbagal
jangamahosahalli,mulbagal
mindahalli,mulbagal
korevenuru,mulbagal
somarasanahalli,mulbagal
madderi,mulbagal
kuppampalya,mulbagal
yadapalli,mulbagal
ganiganakoppa,mulbagal
abbihalli,mulbagal
jodibisilahalli,gauribidanur
hampasandra,gauribidanur
kundihalli,gauribidanur
hosa upparahalli,gauribidanur
balagere,gauribidanur
kudurebyalya,gauribidanur
anudi,gauribidanur
kurudi,gauribidanur
gollahalli,gauribidanur
ranganahalli,gauribidanur
dronakunte,gauribidanur
kadaranahalli,gauribidanur
papaganahalli,gauribidanur
ramapura,gauribidanur
bommasettihalli,gauribidanur
jeerigepete,gauribidanur
mudigere,gauribidanur
hossur,gauribidanur
bhaktarahalli,gauribidanur
hosakote,gauribidanur
yerrapothenahalli,gauribidanur
jodigurrappanahalli,gauribidanur
hunasekunte,gauribidanur
sonaganahalli,gauribidanur
hale upparahalli,gauribidanur
kachamachanahalli,gauribidanur
kurugodu thammanahalli,gauribidanur
dinamagattanahalli,gauribidanur
kenkere,gauribidanur
narasimhanahalli,gauribidanur
singanahalli,gauribidanur
machenahalli,gauribidanur
naduvalahalli,gauribidanur
goddavalahalli,gauribidanur
somasettyhalli,gauribidanur
konaganahalli,gauribidanur
kondapura,gauribidanur
gedare,gauribidanur
kamaganahalli,gauribidanur
chandanadur,gauribidanur
halaganahalli,gauribidanur
babenahalli,gauribidanur
kudumalakunte,gauribidanur
doddakurugodu,gauribidanur
yerrahalli,gauribidanur
gowdasandra,gauribidanur
jarabandahalli,gauribidanur
huchodanahalli,gauribidanur
konapura,gauribidanur
nasakuntahalli,gauribidanur
bychapura,gauribidanur
devaganahalli,gauribidanur
badimaralur,gauribidanur
ramachandrapura,gauribidanur
chikkakurugodu,gauribidanur
h.nagasandra,gauribidanur
malenahalli,gauribidanur
idagur,gauribidanur
maralur,gauribidanur
karekallahalli *,gauribidanur
devarahosahalli,gauribidanur
puttapurlahalli,gauribidanur
kalludi,gauribidanur
gotakanapura,gauribidanur
hirebidanur,gauribidanur
madanahalli,gauribidanur
gundapura,gauribidanur
udamalodu,gauribidanur
vychakurahalli,gauribidanur
kadalaveni,gauribidanur
mittenahalli,gauribidanur
vedalaveni,gauribidanur
veeralagollahalli,gauribidanur
moorumanehalli,gauribidanur
kurubarahalli,gauribidanur
cheegatagere,gauribidanur
gangasandra,gauribidanur
saganahalli,gauribidanur
hunasenahalli,gauribidanur
myalya,gauribidanur
velapi,gauribidanur
maripadagu,gauribidanur
mudalodu,gauribidanur
jeelakunte,gauribidanur
sadarlahalli,gauribidanur
mallenahalli,gauribidanur
payannanahalli,gauribidanur
nagaragere,gauribidanur
pillaguttahalli,gauribidanur
mattavalahalli,gauribidanur
kantharlahalli,gauribidanur
bandarlahalli,gauribidanur
makamhalli,gauribidanur
kothur,gauribidanur
chapparadahalli,gauribidanur
channarayanahalli,gauribidanur
kerevolaginahalli,gauribidanur
vatadahosahalli,gauribidanur
hanumenahalli,gauribidanur
mallegowdanadinne,gauribidanur
katanakallu,gauribidanur
nakkalahalli,gauribidanur
muchatlahalli,gauribidanur
gotlakunte,gauribidanur
narasapuradadinne,gauribidanur
manivala,gauribidanur
bodabandahalli,gauribidanur
mopurahalli,gauribidanur
sabbanahalli,gauribidanur
narlahalli,gauribidanur
chikkamallenahalli,gauribidanur
kodihalli,gauribidanur
cholasettyhalli,gauribidanur
muddalahalli,gauribidanur
krishnarajapura,gauribidanur
chimakalahalli,gauribidanur
thokalahalli,gauribidanur
hudugur,gauribidanur
thimmaganahalli,gauribidanur
virupasandra,gauribidanur
lakkasandra,gauribidanur
narasapura,gauribidanur
suranaikanahalli,gauribidanur
hulikunte,gauribidanur
anagattahalli,gauribidanur
pulamakalahalli,gauribidanur
bachareddyhalli,gauribidanur
gulaganjihalli,gauribidanur
vaddenahalli,gauribidanur
golachinnenahalli,gauribidanur
darinaikanapalya,gauribidanur
yeramadenahalli,gauribidanur
kamatakadirenahalli,gauribidanur
lakshmanapura,gauribidanur
jogireddyhalli,gauribidanur
shamannakere,gauribidanur
siddenahalli,gauribidanur
kadabur,gauribidanur
saragondlu,gauribidanur
cheelammanahalli,gauribidanur
b.bommasandra,gauribidanur
yeranagenahalli,gauribidanur
chinchanahalli,gauribidanur
venkatapura,gauribidanur
pidarlahalli,gauribidanur
kadiradevarahalli,gauribidanur
namagondlu,gauribidanur
puttegowdanadinne,gauribidanur
budigenahalli,gauribidanur
jakkenahalli,gauribidanur
gundlahalli,gauribidanur
guttenahalli,gauribidanur
devareddihalli,gauribidanur
kuntachikkanahalli,gauribidanur
g.bommasandra,gauribidanur
alakapura,gauribidanur
nandiganahalli,gauribidanur
rayarekalahalli,gauribidanur
pothenahalli,gauribidanur
reddydyavarahalli,gauribidanur
mallasandra,gauribidanur
bevinahalli,gauribidanur
yerragunte,gauribidanur
pulaganahalli,gauribidanur
veerammanahalli,gauribidanur
komarlahalli,gauribidanur
dasarahalli,gauribidanur
nachikunte,gauribidanur
agraharahosahalli,gauribidanur
taridalu,gauribidanur
dyavasandra,gauribidanur
doddamallekere,gauribidanur
thimmenahalli,gauribidanur
chikkamallekere,gauribidanur
kambalahalli,gauribidanur
basavanahalli,gauribidanur
thippaganahalli,gauribidanur
chikkahosahalli,gauribidanur
kallinaikanahalli,gauribidanur
basavapura,gauribidanur
thondebhavi,gauribidanur
kamalapura,gauribidanur
charakamittenehalli,gauribidanur
bhumenahalli,gauribidanur
uchalagollahalli,gauribidanur
kadiridevarahalli,gauribidanur
belathur,gauribidanur
mindenahalli,gauribidanur
beeramangala,gauribidanur
bisalahalli,gauribidanur
guvvalahalli,gauribidanur
chennabyrenahalli,gauribidanur
dwaraganahalli,gauribidanur
kodiganahalli,gauribidanur
rayamakalahalli,gauribidanur
arasalbande,gauribidanur
kondenahalli,gauribidanur
p.nagenahalli,gauribidanur
arkunda,gauribidanur
pura,gauribidanur
heggenahalli,gauribidanur
minakanagurki,gauribidanur
hanumanthapura,gauribidanur
balareddihalli,gauribidanur
dinnenahalli,gauribidanur
thekalahalli,gauribidanur
pidachalahalli,gauribidanur
nulagummanahalli,gauribidanur
gondihalli,gauribidanur
dandiganahalli,gauribidanur
rayanakallu,gauribidanur
m.nagenahalli,gauribidanur
hosahalli,gauribidanur
manchenahalli,gauribidanur
budivanthanahalli,gauribidanur
gidaganahalli,gauribidanur
varavani,gauribidanur
chinnagenahalli,gauribidanur
gowdagere,gauribidanur
kanaganakoppa,gauribidanur
addekoppa,gauribidanur
shampura,gauribidanur
upparahalli,gauribidanur
cheelenahalli,gauribidanur
nerlahalli,gauribidanur
nagarabhavi,gauribidanur
halehalli,gauribidanur
alas thimmanahalli,gauribidanur
guyyalahalli,gauribidanur
marimakalahalli,gauribidanur
budagathimmanahalli,gauribidanur
vasanthanahalli,gauribidanur
allipura (ct),gauribidanur
chowtakuntahalli,gudibanda
bullasandra,gudibanda
yellodu,gudibanda
yerrahalli,gudibanda
pulasanivoddu,gudibanda
nilugumba,gudibanda
kadenahalli dinne,gudibanda
nimmalahalli,gudibanda
kadehalli,gudibanda
maravenahalli,gudibanda
sanjeevarayanahalli,gudibanda
channarayanahalli,gudibanda
hampasandra,gudibanda
adinarayanahalli,gudibanda
lakshmanapura,gudibanda
benneparthi,gudibanda
lakkenahalli,gudibanda
ochalahalli,gudibanda
pasapalodu,gudibanda
kondareddihalli,gudibanda
vabasandra anupanahalli,gudibanda
palaigarahalli,gudibanda
kondavalahalli,gudibanda
kataiahgarahalli,gudibanda
kantharlahalli,gudibanda
dapparthi,gudibanda
amani byrasagara,gudibanda
voddumaravenahalli,gudibanda
thangadikunte,gudibanda
vabasandra,gudibanda
gudibanda [r],gudibanda
chadumanahalli,gudibanda
somalapura,gudibanda
machavalahalli,gudibanda
iddrahalli,gudibanda
chowtathimmanahalli,gudibanda
gerumaradahalli,gudibanda
aligadirenahalli,gudibanda
brahmanarahalli,gudibanda
hale gudibanda,gudibanda
bathalahalli,gudibanda
myakalahalli,gudibanda
nichanabandahalli,gudibanda
pulavamakalahalli,gudibanda
ullodu,gudibanda
kariganathammanahalli,gudibanda
gyadarlahalli,gudibanda
egenahalli,gudibanda
yelakalarallahalli,gudibanda
dhumakuntahalli,gudibanda
korenahalli,gudibanda
hosa yerrahalli,gudibanda
chendur,gudibanda
kalkipapanadinne,gudibanda
bhogenahalli,gudibanda
doddakurubarahalli,gudibanda
kambalahalli,gudibanda
thirumani,gudibanda
yerralakkenahalli,gudibanda
kodiganahalli,gudibanda
kondavabanahalli,gudibanda
chikkakurubarahalli,gudibanda
nallojanahalli,gudibanda
beechaganahalli,gudibanda
ramaganahalli,gudibanda
doddanancherlu,gudibanda
dinnahalli,gudibanda
thummenahalli,gudibanda
katenahalli,gudibanda
gummareddihalli,gudibanda
kammadike,gudibanda
gajala bisalahalli,gudibanda
kadirisettihalli,gudibanda
chikkanancherlu,gudibanda
puradahalli,gudibanda
somenahalli,gudibanda
jambigemaradahalli,gudibanda
singanahalli,gudibanda
uppakuntahalli,gudibanda
kurubarahosa halli,gudibanda
ragimakalahalli,gudibanda
bandarlahalli,gudibanda
pavajenahalli,gudibanda
singanadinne,gudibanda
iragareddihalli,gudibanda
chikkathammanahalli,gudibanda
appireddihalli,gudibanda
sadasivanahalli,gudibanda
gaddamanagana dinne,gudibanda
giddappanahalli,gudibanda
polampalli,gudibanda
bommanahalli,gudibanda
jangalahalli,gudibanda
medimakalahalli,gudibanda
varlakondhalli,gudibanda
gopuradahalli,gudibanda
lakshmisagara,gudibanda
varlakonda,gudibanda
pyayalachinnappanahalli,gudibanda
ganganahalli,gudibanda
jantibhoyinahalli,gudibanda
veerarahutanahalli,gudibanda
someswara,gudibanda
geggilarallahalli,gudibanda
thimmenahalli,gudibanda
mumadivaripalli,bagepalli
thathannagaridinne,bagepalli
pesalaparthi,bagepalli
kothakoti,bagepalli
kolimpalli,bagepalli
madakavaripalli,bagepalli
honnampalli,bagepalli
ramanodupalli,bagepalli
kokkuvarupalli,bagepalli
chinthamakala dinne,bagepalli
marganakunte,bagepalli
pokamakalapalli,bagepalli
pichalavaripalli,bagepalli
devikunte,bagepalli
g.cherlopalli,bagepalli
gorthipalli,bagepalli
sajjupalli,bagepalli
guntipalli,bagepalli
guttapalya,bagepalli
thattanagaripalli,bagepalli
kammaravaripalli,bagepalli
boyinavaripalli,bagepalli
marasanapalli,bagepalli
chancharayanapalli,bagepalli
maddalakhane,bagepalli
chinakayilapalli,bagepalli
narayanaswamykote,bagepalli
narasapura,bagepalli
roddamvaripalli,bagepalli
jinajirlu,bagepalli
pothepalli,bagepalli
nallappareddipalli,bagepalli
gulur,bagepalli
malakacheruvu,bagepalli
motakapalli,bagepalli
sadlavaripalli,bagepalli
m.cherlopalli,bagepalli
saddupalli,bagepalli
naravalapalli,bagepalli
kanampalli,bagepalli
thimmampalli,bagepalli
g. maddepalli,bagepalli
kavalaganganadinne,bagepalli
krishnapura,bagepalli
puttaparthi,bagepalli
abakavaripalli,bagepalli
adiganapalli,bagepalli
yalakkilavaradinne,bagepalli
narepalli,bagepalli
hosahudya,bagepalli
digavabandlakere,bagepalli
gawnipalli,bagepalli
yegavabandlakere,bagepalli
vadigiravarapalli,bagepalli
singanaikanadinne,bagepalli
pathabagepalli,bagepalli
chinnepalli,bagepalli
kadirannagaripalli,bagepalli
kondamvaripalli,bagepalli
bagepalli (rural),bagepalli
etigaddapalli,bagepalli
gantamvarapalli  .,bagepalli
kondareddipalli,bagepalli
poolavaripalli,bagepalli
matteddaladinne,bagepalli
kothakote,bagepalli
paragodu,bagepalli
mangasandra,bagepalli
devireddypalli,bagepalli
srinivasapura,bagepalli
karkur,bagepalli
gundlapalli,bagepalli
devaragudipalli,bagepalli
mallasandra,bagepalli
mynaganapalli,bagepalli
makireddypalli,bagepalli
penamala,bagepalli
kaganapalli,bagepalli
peddathumkepalli,bagepalli
dasiahgaripalli,bagepalli
yellampalli,bagepalli
rendindladinne,bagepalli
maddalakane,bagepalli
gollapalli,bagepalli
tenkaimakalapalli,bagepalli
shankavarampalli,bagepalli
lagumaddepalli,bagepalli
gurraladinne,bagepalli
balareddipalli,bagepalli
neeragantipalli,bagepalli
solimakalapalli,bagepalli
buttivaripalli,bagepalli
arigepalli,bagepalli
thummepalli,bagepalli
giriyapalli,bagepalli
potlavaripalli,bagepalli
reddyvaripalli,bagepalli
kanagamakalapalli,bagepalli
muthinapalli,bagepalli
meruvapalli,bagepalli
nallamallepalli,bagepalli
achepalli,bagepalli
booragamadagu,bagepalli
papinaikanapalli,bagepalli
mallegurke,bagepalli
mittemari,bagepalli
chakkampalli,bagepalli
chinnobaiahgaripalli,bagepalli
chinampalli,bagepalli
thirumaladevarapalli,bagepalli
paipalya,bagepalli
vadigere,bagepalli
gummalapalli,bagepalli
venkatapura,bagepalli
sridharavaripalli,bagepalli
nadimpalli,bagepalli
bodikadirepalli,bagepalli
joolapalya,bagepalli
baiyannagaripalli,bagepalli
achaganapalli,bagepalli
pacharlapalli,bagepalli
dugginaikanapalli,bagepalli
pulukuntlapalli,bagepalli
kuntlapalli,bagepalli
pulanaikanapalli,bagepalli
bommasandra,bagepalli
battalapalli,bagepalli
vasanthapura,bagepalli
devarajapalli,bagepalli
thollapalli,bagepalli
agatamdike,bagepalli
sujanampalli,bagepalli
bandakindapalli,bagepalli
chemulavaripalli,bagepalli
boyipalli,bagepalli
gandamvaripalli,bagepalli
narayanareddypalli,bagepalli
ugranampalli,bagepalli
babenayakanapalli,bagepalli
yarraganapalli,bagepalli
billur,bagepalli
vangyaralapalli,bagepalli
bandarlapalli,bagepalli
mallepalli,bagepalli
digavagollapalli,bagepalli
nallaguttapalli,bagepalli
arigevarigutta,bagepalli
gollavaripalli,bagepalli
mukkaravaripalli,bagepalli
naremaddepalli,bagepalli
jangalapalli,bagepalli
rechinaikanapalli,bagepalli
kollavaripalli,bagepalli
berigollapalli,bagepalli
nallacheruvu,bagepalli
pathapalya,bagepalli
pathakote,bagepalli
gujjepalli,bagepalli
kamasanepalli,bagepalli
singappagaripalli,bagepalli
devalavaripalli,bagepalli
somanathapura,bagepalli
cheemanagaripalli,bagepalli
gundamvaripalli,bagepalli
bathinapalli,bagepalli
lakkasandra,bagepalli
doddivaripalli,bagepalli
yeragudi,bagepalli
bestharapalli,bagepalli
ramanpadi,bagepalli
kurubarapalli,bagepalli
chinaganapalli,bagepalli
gopanavaripalli,bagepalli
rachavaripalli,bagepalli
narayanampalli,bagepalli
ramaswamypalli,bagepalli
thimmaiahgaripalli,bagepalli
kondorupalli,bagepalli
rascheruvu,bagepalli
musaliganapalli,bagepalli
kadirennagarikote,bagepalli
venteeravandlapalli,bagepalli
kallarollapalli,bagepalli
buddalavaripalli,bagepalli
kottampalli,bagepalli
chakavelu,bagepalli
sajjalavaripalli,bagepalli
buttayyagarapalli,bagepalli
ooduvaripalli,bagepalli
puligal,bagepalli
ragimakalapalli,bagepalli
myakalapalli,bagepalli
nallasanampalli,bagepalli
bellalampalli,bagepalli
debbaravaripalli,bagepalli
zinkapalli,bagepalli
kondikonda,bagepalli
bathalavarapalli,bagepalli
jalipigaraipalli,bagepalli
doddipalli,bagepalli
mudalapalli,bagepalli
yagavanetiguntapalli,bagepalli
digavanettakuntlapalli,bagepalli
ramojupalli,bagepalli
peddapalli,bagepalli
yerrayyagaripalli,bagepalli
mandampalli,bagepalli
palyakere,bagepalli
machanapalli,bagepalli
peddarajupalli,bagepalli
chigateegalagutta,bagepalli
peddur,bagepalli
pemmaiahgaripalli,bagepalli
sheerkhankote,bagepalli
byrappalli,bagepalli
nimmakayilapalli,bagepalli
chelur (ct),bagepalli
uppakuntahalli,sidlaghatta
nallaguttahalli,sidlaghatta
kotagal,sidlaghatta
sonaganahalli,sidlaghatta
kamanahalli,sidlaghatta
venkatapura,sidlaghatta
kanivenahalli,sidlaghatta
thimmasandra,sidlaghatta
byraganahalli,sidlaghatta
varasandra,sidlaghatta
sadalavarahalli,sidlaghatta
s.m.kondarajanahalli,sidlaghatta
settikere,sidlaghatta
mallasettyhalli,sidlaghatta
halehalli,sidlaghatta
eegaletihalli,sidlaghatta
bandahalli,sidlaghatta
neralemaradahalli,sidlaghatta
sadali,sidlaghatta
nallappanahalli,sidlaghatta
s.devaganahalli,sidlaghatta
s.gundlahalli,sidlaghatta
yarranagenahalli,sidlaghatta
gadiminchenahalli,sidlaghatta
s.kurubarahalli,sidlaghatta
chakappanahalli,sidlaghatta
iragappanahalli,sidlaghatta
s.gollahalli,sidlaghatta
venkatakrishnammanahalli,sidlaghatta
jarugahalli,sidlaghatta
purabyrenahalli,sidlaghatta
hiriyelachenahalli,sidlaghatta
byyappanahalli,sidlaghatta
dibburahalli,sidlaghatta
muchataladinne,sidlaghatta
thummenahalli,sidlaghatta
gandlachinthe,sidlaghatta
atagollahalli,sidlaghatta
nakkalahalli,sidlaghatta
kariyappanahalli,sidlaghatta
kommasandra,sidlaghatta
thurukachenahalli,sidlaghatta
ivarahalli,sidlaghatta
silaridinne,sidlaghatta
thalakayalabetta,sidlaghatta
dimbarlahalli,sidlaghatta
maralappanahalli,sidlaghatta
madenahalli,sidlaghatta
balegowdanahalli,sidlaghatta
thavarevoddu,sidlaghatta
thambalahalli,sidlaghatta
nallarallahalli,sidlaghatta
valasenahalli,sidlaghatta
kumbarahalli,sidlaghatta
anur thimmanahalli,sidlaghatta
ammagarahalli,sidlaghatta
dyavarahalli,sidlaghatta
yerrappanahalli,sidlaghatta
seethahalli,sidlaghatta
bachanahalli,sidlaghatta
vaddahalli,sidlaghatta
kudupakunte,sidlaghatta
rayappanahalli,sidlaghatta
thimmanayakanahalli,sidlaghatta
alagurki,sidlaghatta
poolakuntahalli,sidlaghatta
chikkabandaragatta,sidlaghatta
kyasagere,sidlaghatta
vemagallu,sidlaghatta
kondarajanahalli,sidlaghatta
lakkenahalli,sidlaghatta
hale ganjigunte,sidlaghatta
g.peddanahalli,sidlaghatta
yerabachanahalli,sidlaghatta
doddabandaragatta,sidlaghatta
g.kurubarahalli,sidlaghatta
gorla gummanahalli,sidlaghatta
thokalahalli,sidlaghatta
dadamagatta,sidlaghatta
belinayakanahalli,sidlaghatta
anemadagu,sidlaghatta
kachinayakanahalli,sidlaghatta
koppalachinnappanahalli,sidlaghatta
basettihalli,sidlaghatta
rameswara,sidlaghatta
marabanahalli,sidlaghatta
pendlivarahalli,sidlaghatta
maravenahalli,sidlaghatta
gorathimmanahalli,sidlaghatta
avalakondarayanahalli,sidlaghatta
cheelambommanahalli,sidlaghatta
maraganaparthi,sidlaghatta
ajjakadirenahalli,sidlaghatta
garimillahalli,sidlaghatta
binnamangala,sidlaghatta
sadahalli,sidlaghatta
chikkathekahalli,sidlaghatta
doddathekahalli,sidlaghatta
maddenahalli,sidlaghatta
doddagummanahalli,sidlaghatta
ramenahalli,sidlaghatta
gowdanahalli,sidlaghatta
dhanamittenahalli,sidlaghatta
muddannanadinne,sidlaghatta
t.kurubarahalli,sidlaghatta
korathaguttahalli,sidlaghatta
t.peddanahalli,sidlaghatta
amani bandammanakere,sidlaghatta
saddahalli,sidlaghatta
kannappanahalli,sidlaghatta
tharabahalli,sidlaghatta
somanahalli,sidlaghatta
marihalli,sidlaghatta
mummanahalli,sidlaghatta
rachanahalli,sidlaghatta
laginayakanahalli,sidlaghatta
gonimaradahalli,sidlaghatta
chokkanahalli,sidlaghatta
gangahalli,sidlaghatta
ganjigunte,sidlaghatta
chikkachinnappanahalli,sidlaghatta
devaguttahalli,sidlaghatta
nagireddihalli,sidlaghatta
settihalli,sidlaghatta
mallahalli,sidlaghatta
kotahalli,sidlaghatta
vankamaradahalli,sidlaghatta
kempenahalli,sidlaghatta
cheluvanayakanaphade,sidlaghatta
dogaranayakanahalli,sidlaghatta
palicherlu,sidlaghatta
siddapura,sidlaghatta
gollahalli,sidlaghatta
gangapura,sidlaghatta
kachahalli,sidlaghatta
ropparlahalli,sidlaghatta
kundalagurki,sidlaghatta
donahalli,sidlaghatta
amani dasenahalli,sidlaghatta
chikkapapanahalli,sidlaghatta
basavanaparthi,sidlaghatta
varahunasenhalli,sidlaghatta
koothandahalli,sidlaghatta
thathahalli,sidlaghatta
chyage,sidlaghatta
abbaludu,sidlaghatta
yedlapadi,sidlaghatta
gudihalli,sidlaghatta
haralahalli,sidlaghatta
varadanayakanahalli,sidlaghatta
cheemanahalli,sidlaghatta
patrahalli,sidlaghatta
ghatarlahalli,sidlaghatta
devaramallur amanikere,sidlaghatta
gummanahalli,sidlaghatta
marappanahalli,sidlaghatta
chikkadasenahalli,sidlaghatta
doddadasenahalli,sidlaghatta
gyaradi,sidlaghatta
yaramalliahna hunasehalli,sidlaghatta
kadirinaikanahalli,sidlaghatta
beerappanahalli,sidlaghatta
devaramallur,sidlaghatta
kempasanipade,sidlaghatta
iddalodu,sidlaghatta
kadadanakunte,sidlaghatta
hanumanthapura,sidlaghatta
l muthakadahalli,sidlaghatta
kurubachanapade,sidlaghatta
pyayalahalli,sidlaghatta
lakkihalli,sidlaghatta
handiganala,sidlaghatta
nellimaradahalli,sidlaghatta
sidlaghatta (rural),sidlaghatta
budhala,sidlaghatta
thaladummanahalli,sidlaghatta
sonnenahalli,sidlaghatta
bommanahalli,sidlaghatta
pindipapanahalli,sidlaghatta
kothanur,sidlaghatta
channahalli,sidlaghatta
nallenahalli,sidlaghatta
seegehalli,sidlaghatta
gajjiganahalli,sidlaghatta
goramadagu,sidlaghatta
hujagur,sidlaghatta
thippenahalli,sidlaghatta
bachahalli,sidlaghatta
anur hunasenahalli,sidlaghatta
byranaikanahalli,sidlaghatta
anur,sidlaghatta
gowdanakere,sidlaghatta
ammanakere,sidlaghatta
keshavapura,sidlaghatta
hanumenahalli,sidlaghatta
kokkaramakalahalli,sidlaghatta
chowdasandra,sidlaghatta
appegowdanahalli,sidlaghatta
ganganahalli,sidlaghatta
bandappanahalli,sidlaghatta
kambadahalli,sidlaghatta
koogatathimmanahalli,sidlaghatta
belluti,sidlaghatta
hithalahalli,sidlaghatta
bodaguru,sidlaghatta
japtihosahalli,sidlaghatta
dabarganahalli,sidlaghatta
chikkadasarahalli,sidlaghatta
doddadasarahalli,sidlaghatta
sorakayalahalli,sidlaghatta
thummanahalli,sidlaghatta
mallasettipura,sidlaghatta
gudlanarasimhanahalli,sidlaghatta
barlahalli,sidlaghatta
chinthudupi,sidlaghatta
kuppenahalli,sidlaghatta
k.muthakadahalli,sidlaghatta
kannamangala,sidlaghatta
halsurdinne,sidlaghatta
muthur,sidlaghatta
patalammanahalli,sidlaghatta
mallur,sidlaghatta
melur,sidlaghatta
ragimakalahalli,sidlaghatta
baktharahalli,sidlaghatta
malamachanahalli,sidlaghatta
mugiludupi,sidlaghatta
melukunte,sidlaghatta
basavapatna,sidlaghatta
thaduru,sidlaghatta
thotliganahalli,sidlaghatta
pura,sidlaghatta
kakichokkandahalli,sidlaghatta
ankathatti,sidlaghatta
nagamangala,sidlaghatta
nadipinayakanahalli,sidlaghatta
arikere,sidlaghatta
sanjeevapura,sidlaghatta
kolimi hosur,sidlaghatta
narayanadasarahalli,sidlaghatta
cheemangala,sidlaghatta
yarechinapura,sidlaghatta
yannur,sidlaghatta
athiganahalli,sidlaghatta
jangamakote plantation,sidlaghatta
yannangur,sidlaghatta
hosahalli,sidlaghatta
chokkandahalli,sidlaghatta
mithanahalli,sidlaghatta
baluvanahalli,sidlaghatta
sugatur,sidlaghatta
byarasandra,sidlaghatta
kurabarahalli,sidlaghatta
jangamakote,sidlaghatta
amani balladakere,sidlaghatta
ghatamaranahalli,sidlaghatta
hosapete,sidlaghatta
yedulathippenahalli,sidlaghatta
devaganahalli,sidlaghatta
hireballa,sidlaghatta
vallappanahalli,sidlaghatta
thataparthi,sidlaghatta
krishnahalli,sidlaghatta
pura k.g.,sidlaghatta
basavapatna k.g.,sidlaghatta
hemarlahalli,sidlaghatta
krishnammanahosahalli,sidlaghatta
kalinayakanahalli,sidlaghatta
kadirapura,sidlaghatta
hosakere,sidlaghatta
pakiranahosahalli,sidlaghatta
k.g.chikkaballa,sidlaghatta
obalapura,sidlaghatta
sundrahalli,sidlaghatta
kalyapura,sidlaghatta
haradi plantation,sidlaghatta
mallenahalli,sidlaghatta
gambeeranahalli,sidlaghatta
ambiganahalli,sidlaghatta
kumbiganahalli,sidlaghatta
devenahalli,sidlaghatta
haradi,sidlaghatta
amaravathi,sidlaghatta
kariyanapura,sidlaghatta
thirumalapura,chintamani
dwarapalli,chintamani
chilakalanerpu,chintamani
beedalahalli,chintamani
hosahudya,chintamani
t.gollahalli,chintamani
gadigivarahalli,chintamani
deshamvaripalli,chintamani
kurubarahalli,chintamani
thuluvanuru,chintamani
kakarlachinte,chintamani
devapalli,chintamani
nallaguttahalli,chintamani
yenigadale,chintamani
minchalahalli,chintamani
kukkaladinne,chintamani
chinnepalli,chintamani
balareddihalli,chintamani
vangimalu,chintamani
bommepalli,chintamani
gundalahalli,chintamani
kenchepalli,chintamani
chokkanahalli,chintamani
ulibele,chintamani
amani thimmasanikere,chintamani
konepalli,chintamani
burudugunte,chintamani
karijangalahalli,chintamani
annapalli,chintamani
kadirenahalli,chintamani
maniyaramuddalahalli,chintamani
devaganahalli,chintamani
gajalavarahalli,chintamani
korlaparthi,chintamani
k.gollahalli,chintamani
kuthappanahalli,chintamani
papathimmanahalli,chintamani
bandenahalli,chintamani
basavapura,chintamani
appasanihalli,chintamani
agraharahalli,chintamani
kodegandlu,chintamani
nadampalli,chintamani
chintamakalahalli,chintamani
mutamakalahalli,chintamani
settinayanahalli,chintamani
kommepalli,chintamani
mittahalli,chintamani
ragimakalahalli,chintamani
nandanavana,chintamani
kattigenahalli,chintamani
nandanahosahalli,chintamani
rangenahalli,chintamani
yaramareddihalli,chintamani
pottarlahalli,chintamani
changavarahalli,chintamani
polanayakanahalli,chintamani
seegalagutta,chintamani
amitahalli,chintamani
gurrampalli,chintamani
yarrapalli,chintamani
gonenahalli,chintamani
gowdanahalli,chintamani
kencharlahalli,chintamani
marabahalli,chintamani
anakalamadagu,chintamani
billandlahalli,chintamani
kadadalamari,chintamani
bodigundlapalli,chintamani
sunnappagutta,chintamani
hanumaigaripalli,chintamani
gummasettihalli,chintamani
boyipapanahalli,chintamani
seeguttapalli,chintamani
kariyapalli,chintamani
mavukere,chintamani
kodigal,chintamani
cheemalagutta,chintamani
somakalahalli,chintamani
bodampalli,chintamani
channarayanahalli,chintamani
yenumalapadi,chintamani
kambalapalli,chintamani
munganahalli,chintamani
konapura,chintamani
batlahalli,chintamani
kamaguttahalli,chintamani
yesagalahalli,chintamani
konappalli,chintamani
madamangala,chintamani
yetigaddagollahalli,chintamani
kanikalahalli,chintamani
nagarajahosahalli,chintamani
kanchinayakanahalli,chintamani
kondliganahalli,chintamani
yerrapalli,chintamani
billagundlapalli,chintamani
gudivabanahalli,chintamani
eathamakalhalli,chintamani
siddepalli,chintamani
raghuttahalli,chintamani
brahmanahalli,chintamani
vegalapalli,chintamani
gollapalli,chintamani
yendapalli,chintamani
guttur,chintamani
mindigal,chintamani
bhoopanahalli,chintamani
seetharamapura,chintamani
nallagutlahalli,chintamani
chinnakurupalli,chintamani
iragampalli,chintamani
guntipalli,chintamani
chandurapalli,chintamani
mudalagollahalli,chintamani
guddampalli,chintamani
yerraigaripalli,chintamani
kappalli,chintamani
lakkepalli,chintamani
bathalapalli,chintamani
junjanahalli,chintamani
myakapothalahalli,chintamani
pasalanaikanahalli,chintamani
vempalli,chintamani
nagarajapalli,chintamani
guttapalya,chintamani
neelappalli,chintamani
pathakote,chintamani
gunthurugadde,chintamani
ampalli,chintamani
yegavakote,chintamani
kondavenakapalli,chintamani
naravamakalahalli,chintamani
puligundlahalli,chintamani
bandakote,chintamani
moogalamari,chintamani
gudisilahalli,chintamani
upparalahalli,chintamani
byrasandra,chintamani
alapalli,chintamani
gondivarihalli,chintamani
gudumarlahalli,chintamani
bhupamakalahalli,chintamani
bandarlahalli,chintamani
y.kurupalli,chintamani
gurralagadde,chintamani
hudyadadinne,chintamani
dokkachintalapalli,chintamani
maniganahalli,chintamani
guruganjigutta,chintamani
kadirappanaiakanakote,chintamani
pedduru,chintamani
bodigundlahalli,chintamani
gownicheruvapalli,chintamani
korakonahalli,chintamani
diguvapalli,chintamani
thummalapalli,chintamani
kothapalli,chintamani
ivaripalli,chintamani
kothahudya,chintamani
yerralakkenahalli,chintamani
kanagamakalapalli,chintamani
chikkallikunte,chintamani
pottepalli,chintamani
gundlahalli,chintamani
balampalli,chintamani
yerrakote,chintamani
agrahara,chintamani
domalapalli,chintamani
bhoomi setti halli,chintamani
somayajalahalli,chintamani
kanisettyhalli,chintamani
c. kurupalli,chintamani
nagarlamitte,chintamani
gudarlahalli,chintamani
gavipalli,chintamani
pemmganahalli,chintamani
bynahalli,chintamani
murugamalla,chintamani
guntapalli,chintamani
muddalahalli,chintamani
nimmakayalahalli,chintamani
annepalli,chintamani
doddakarakamakalahalli,chintamani
yerramantapalli,chintamani
duganarepalli,chintamani
chalamakote,chintamani
jogivarihalli,chintamani
kambampalli,chintamani
barlahalli,chintamani
gandraganahalli,chintamani
dandupalya,chintamani
marinaikanahalli,chintamani
racharlahalli,chintamani
seetharlapalli,chintamani
chikkakarakamakalahalli,chintamani
nandiganahalli,chintamani
kodigivaripalli,chintamani
jogyanahalli,chintamani
kolimivaripalli,chintamani
goppalli,chintamani
shettihalli,chintamani
jaladenahalli,chintamani
kurumarlahalli,chintamani
doddihalli,chintamani
bhatradinne,chintamani
gollahalli,chintamani
bodanamari,chintamani
kotagal,chintamani
narasapura,chintamani
sujjanahalli,chintamani
anakallu,chintamani
kottapalli,chintamani
thammepalli,chintamani
karakamakalagadde,chintamani
kethanaikanahalli,chintamani
yeshwanthapura,chintamani
bhaktarahalli,chintamani
ullappanahalli,chintamani
hussainpura,chintamani
kodigehalli,chintamani
nalamachanahalli,chintamani
chickamunimangala,chintamani
dusarakunte,chintamani
m0shilahalli,chintamani
chowdadenahalli,chintamani
cheemarajanahalli,chintamani
thippanahalli,chintamani
jagathanahalli,chintamani
veerapalli,chintamani
k.raguttahalli,chintamani
vasanthahalli,chintamani
donapalligadde,chintamani
adepalli,chintamani
gopalapura,chintamani
kurlapalligadde,chintamani
kothur,chintamani
gownipalli,chintamani
venkatapura,chintamani
doddamunimangala,chintamani
srinivasapura,chintamani
korlahalli,chintamani
lakshmidevikote,chintamani
kathriguppe,chintamani
mallikarjunapura,chintamani
thippenahalli,chintamani
yeraseegehalli,chintamani
thinakallu,chintamani
booragamakalahalli,chintamani
bommekallu,chintamani
kempadenahalli,chintamani
gubalahalli,chintamani
doddakondrahalli,chintamani
guttahalli,chintamani
ulavakayalahalli,chintamani
amitiganahalli,chintamani
rayapalli,chintamani
chandrahalli,chintamani
mohamadpura,chintamani
subbarayanapet,chintamani
chorapalli,chintamani
upparapete,chintamani
vaddahalli,chintamani
kavalaganahalli,chintamani
nayanahalli,chintamani
nagasandragadde,chintamani
dhanamittanahalli,chintamani
yerranayanahalli,chintamani
munthakadirenahalli,chintamani
bukkanahalli,chintamani
amani keelukuntekere,chintamani
hulugummanahalli,chintamani
bodaguru,chintamani
mylapura,chintamani
narayanahalli,chintamani
nagadenahalli,chintamani
kendanahalli,chintamani
perumachanahalli,chintamani
chapura,chintamani
shamarao hospete,chintamani
battiganahalli,chintamani
kaiwara,chintamani
masthenahalli,chintamani
jangamaseegehalli,chintamani
vaddihalli,chintamani
atturu,chintamani
gummanahalli,chintamani
kadirapura,chintamani
akkimangala,chintamani
bachhappanahalli,chintamani
santhekallahalli,chintamani
surrappanahalli,chintamani
hirepalya,chintamani
vaizakuru,chintamani
beerajenahalli,chintamani
lingadeeranahalli,chintamani
akkimangala bussanahalli,chintamani
virupakshapura,chintamani
subbarayanapete,chintamani
hosahalli (jodi),chintamani
talagavara,chintamani
mallikapura,chintamani
marapalli,chintamani
banahalli,chintamani
konganahalli,chintamani
gunnahalli,chintamani
muthukadahalli,chintamani
talagavara amanikere,chintamani
madabahalli,chintamani
nernakallu,chintamani
chikkakattigenahalli,chintamani
madarakallu,chintamani
byalahalli,chintamani
jangamapura,chintamani
rachapura,chintamani
hirekattigenahalli,chintamani
jeedarahalli,chintamani
gownigadde,chintamani
singasandra,chintamani
marimakalahalli,chintamani
badagavarahalli,chintamani
myakalasonnenahalli,chintamani
kongathimmanahalli,chintamani
diguru,chintamani
kagathi,chintamani
byreddihalli,chintamani
chokkareddihalli,chintamani
gopasandra,chintamani
oolavadi,chintamani
bachuvarihalli,chintamani
hiranyapalli,chintamani
bathalahalli,chintamani
hebbari,chintamani
imareddihalli,chintamani
dodda arjenahalli,chintamani
cheemanahalli,chintamani
gollapalligadde,chintamani
chikkaganjurgadde,chintamani
madikere,chintamani
chetlapalligadde,chintamani
kallahalli,chintamani
katamachnahalli,chintamani
chinnasandra,chintamani
kurutihalli,chintamani
kachihalli,chintamani
hadigere,chintamani
doddaganjur,chintamani
nakkalapalligadde,chintamani
siddimata,chintamani
kodadhavadi,chintamani
doddanatha,chintamani
brahmanagadde,chintamani
singanahalli,chintamani
hosuru,chintamani
kodihalli,chintamani
gidadakodihalli,chintamani
balapalahalli,chintamani
moodachintapalli,chintamani
anoor,chintamani
jodi brahmanadinne,chintamani
alambagiri,chintamani
suladenahalli,chintamani
naindrahalli,chintamani
channakeshavapura,chintamani
nidagurki,chintamani
nakkalahalli,chintamani
gajalahalli,chintamani
hosahalli,chintamani
kootharajanahalli,chintamani
ramenahalli,chintamani
gadadhasanahalli,chintamani
yadahalli,chintamani
kuruburu,chintamani
kuruburu amanikere,chintamani
mylandahalli,chintamani
seekallu,chintamani
viswanathapura,chintamani
doddapura,chintamani
krishnammanahosahalli,chintamani
chikkabommanahalli,chintamani
doddabommanahalli,chintamani
panasachowdenahalli,chintamani
halenahalli,nelamangala
jajoor,nelamangala
makenahalli,nelamangala
kuruvel thimmanahalli,nelamangala
yelekyathanahalli,nelamangala
bennegere,nelamangala
benchanahalli,nelamangala
maralakunte,nelamangala
chikkannanahalli,nelamangala
hulleharve,nelamangala
baragoor,nelamangala
madaga,nelamangala
chikkanapalya,nelamangala
giriyanapalya,nelamangala
kuntbommanahalli,nelamangala
dasenahalli,nelamangala
heggunda,nelamangala
bugadihalli,nelamangala
narasipura,nelamangala
bettadahosahalli,nelamangala
ramanahalli,nelamangala
halenijagal,nelamangala
devarahosahalli,nelamangala
kamalapura,nelamangala
biragondanahalli,nelamangala
kallunaikanahalli,nelamangala
agalakuppa,nelamangala
nijagal,nelamangala
nijagal kempohalli,nelamangala
channohalli,nelamangala
imchanahalli,nelamangala
govindapura,nelamangala
karimanne,nelamangala
thattekere,nelamangala
nidavanda,nelamangala
maddenahalli,nelamangala
lakkuru,nelamangala
sompura,nelamangala
thimmanaikanahalli,nelamangala
pemmanahalli,nelamangala
bharathipura,nelamangala
yedehalli,nelamangala
chandanahosahalli,nelamangala
kengal,nelamangala
veerasagara,nelamangala
sripathihalli,nelamangala
kuthagatta,nelamangala
bargenahalli,nelamangala
honnenahalli,nelamangala
srinivasapura,nelamangala
kengalkempohalli,nelamangala
hosahalli,nelamangala
billanakote,nelamangala
avverahalli,nelamangala
gottikere,nelamangala
shivagange,nelamangala
gowrapura,nelamangala
gangenapura,nelamangala
narayanapura,nelamangala
basavapatna,nelamangala
kambal,nelamangala
gantehosahalli,nelamangala
guruvanahalli,nelamangala
machenahalli,nelamangala
kasaragatta,nelamangala
maragondanahalli,nelamangala
dasanapura,nelamangala
melekattiganoor,nelamangala
kerekattiganoor,nelamangala
geddalahalli,nelamangala
aladahalli,nelamangala
gundenahalli,nelamangala
hanumanthapura,nelamangala
ananthapura,nelamangala
sirganahalli,nelamangala
mannerampura,nelamangala
venkatapura,nelamangala
somasagara,nelamangala
karimaranahalli,nelamangala
mavinakunte,nelamangala
goraghatta,nelamangala
jakkasandra,nelamangala
krishnarajapura,nelamangala
appagondanahalli,nelamangala
adihosahalli,nelamangala
manne,nelamangala
kannohalli,nelamangala
makanakuppe,nelamangala
muddalinganahalli,nelamangala
obalapura,nelamangala
kodigehalli,nelamangala
ballagere,nelamangala
kenchanapura,nelamangala
tadasigatta,nelamangala
mavinakommenahalli,nelamangala
doddachannohalli,nelamangala
tavarekere,nelamangala
lakshmanapura,nelamangala
biragundanahalli,nelamangala
hallurampura,nelamangala
thippasettihalli,nelamangala
karehalli,nelamangala
doddabele,nelamangala
gulapura,nelamangala
nimbenahalli,nelamangala
vadakunte,nelamangala
lakkappanahalli,nelamangala
byranaikanahalli,nelamangala
chikkanahalli,nelamangala
hasurahalli,nelamangala
guddegowdana channohalli,nelamangala
isuvanahalli,nelamangala
narasapura,nelamangala
thyamagondlu amanikere,nelamangala
thyamagondlu,nelamangala
totanahalli,nelamangala
kodipalya,nelamangala
bidalur,nelamangala
kodihalli,nelamangala
kalalghatta,nelamangala
harvesandra,nelamangala
alunaikanahalli,nelamangala
lakkenahalli,nelamangala
mahimapura,nelamangala
kuluvanahalli,nelamangala
karenahalli,nelamangala
sulkunte,nelamangala
kempapura agrahara,nelamangala
arebommanahalli,nelamangala
kodigebommanahalli,nelamangala
halkur,nelamangala
honnarayanahalli,nelamangala
thimmasandra,nelamangala
pallarahalli,nelamangala
lakkasandra,nelamangala
thalekere,nelamangala
byadarahalli,nelamangala
thippagundanahalli,nelamangala
chikkannanne,nelamangala
dodderi,nelamangala
govenahalli,nelamangala
minnapura,nelamangala
jakkanahalli,nelamangala
krishnarajapalya,nelamangala
varadanaikanahalli,nelamangala
t.begur,nelamangala
malonagathihalli,nelamangala
marohalli,nelamangala
byranahalli,nelamangala
yeramanchanahalli,nelamangala
mandigere,nelamangala
bardi,nelamangala
tyagadahalli,nelamangala
bettahalli,nelamangala
bolamaranahalli,nelamangala
byrasettihalli,nelamangala
arjunabettahalli,nelamangala
gollahalli,nelamangala
hydalu,nelamangala
k.g.  srinivasapura,nelamangala
mylanahalli,nelamangala
narasimanapalya,nelamangala
narayanaraopalya,nelamangala
machonaikanahalli,nelamangala
ahobalapalya,nelamangala
kachanahalli,nelamangala
deganahalli,nelamangala
kanugondanahalli,nelamangala
koolipura,nelamangala
vajarahalli,nelamangala
narasipalya,nelamangala
mallapura,nelamangala
nelamangala (rural),nelamangala
visveswarapura,nelamangala
basavanahalli,nelamangala
gangadharanapalya,nelamangala
virananjipura,nelamangala
budihal,nelamangala
tonachinakuppe,nelamangala
agasarahalli,nelamangala
araledibba,nelamangala
tirumalapura,nelamangala
koneripura,nelamangala
aralasandra,nelamangala
madalakote,nelamangala
kempohalli,nelamangala
huralihalli,nelamangala
bommanahalli,nelamangala
viraraghuvanapalya,nelamangala
ghandragulupura,nelamangala
yelachagere,nelamangala
kenchanahalli,nelamangala
byrasandra,nelamangala
chikmaranahalli,nelamangala
hajipalya,nelamangala
obanaikanahalli,nelamangala
k.kempalinganahalli,nelamangala
bhavikere,nelamangala
mallarabanavadi,nelamangala
vaddarapalya,nelamangala
kodappanahalli,nelamangala
hanchipura,nelamangala
doddakarenahalli,nelamangala
balaguruvanapalya,nelamangala
bhoosandra,nelamangala
mahadevapura,nelamangala
hanumanapalya,nelamangala
sitaram bhattarapalya,nelamangala
yentiganahalli,nelamangala
koratagere,nelamangala
lingenahalli,nelamangala
kadukarenahalli,nelamangala
honnasandra,nelamangala
bhattarahalli,nelamangala
manchenahalli,nelamangala
bidanapalya,nelamangala
chowdasandra,nelamangala
kothanahalli,nelamangala
avalakuppe,nelamangala
goravanahalli,nelamangala
soladevanahalli,nelamangala
narasimhapalya,nelamangala
kanuvanahalli,nelamangala
banasavadi,nelamangala
iregenahalli,nelamangala
gorinabele,nelamangala
h.kempalinganahalli,nelamangala
mantanakurchi,nelamangala
arasinakunte (ct),nelamangala
gowdanakunte,dod ballapur
dadighattamadagu,dod ballapur
kamakshihalli,dod ballapur
banavathi,dod ballapur
aroodi,dod ballapur
k.g.devapala,dod ballapur
kallukunte,dod ballapur
yaramuddenahalli,dod ballapur
tekalahalli,dod ballapur
jakkenahalli,dod ballapur
ujjani,dod ballapur
hosahalli,dod ballapur
hosakote,dod ballapur
bankenahalli,dod ballapur
vabasandra,dod ballapur
pura,dod ballapur
makali,dod ballapur
gundumgere,dod ballapur
ojenahalli,dod ballapur
hosanagenahalli,dod ballapur
sonnenahalli,dod ballapur
byadarahalli,dod ballapur
bommenahalli,dod ballapur
mallasandra,dod ballapur
kadakunte,dod ballapur
kukkalahalli,dod ballapur
kottige machenahalli,dod ballapur
k.g.thammaganahalli,dod ballapur
gummanahalli,dod ballapur
lingadaveeranahalli,dod ballapur
kilarlahalli,dod ballapur
harohalli,dod ballapur
sriramanahalli,dod ballapur
machenahalli,dod ballapur
garudagallu,dod ballapur
singenahalli,dod ballapur
ganadalu,dod ballapur
sasalu,dod ballapur
todalabande,dod ballapur
kanikenahalli,dod ballapur
alappanahalli,dod ballapur
lakkenahalli,dod ballapur
narasapura,dod ballapur
byappanahalli,dod ballapur
ankonahalli,dod ballapur
bhaktharahalli,dod ballapur
adakavala,dod ballapur
jyotipura,dod ballapur
k.g.lingenahalli,dod ballapur
mallegowdanahalli,dod ballapur
kadlapanahalli,dod ballapur
benakinamadugu,dod ballapur
sulikunte,dod ballapur
channaveeranahalli,dod ballapur
jaligere,dod ballapur
kadabyadarahalli,dod ballapur
byrapura,dod ballapur
suthahalli,dod ballapur
hulikunte state forest,dod ballapur
gunjur,dod ballapur
kelaginajuganahalli,dod ballapur
melinajuganahalli,dod ballapur
lagumenahalli,dod ballapur
mugachinnenahalli,dod ballapur
myakalathimmanahalli,dod ballapur
k.g.lakkasandra,dod ballapur
kallukote,dod ballapur
mukkadigatta,dod ballapur
myakalahalli,dod ballapur
hiremuddenahalli,dod ballapur
chikkamuddenahalli,dod ballapur
durgenahalli,dod ballapur
gedlapalya,dod ballapur
subraya nagenahalli,dod ballapur
kelaginanaikaradahalli,dod ballapur
melinanaikaradahalli,dod ballapur
chokkanahalli,dod ballapur
cheelenahalli,dod ballapur
kalludevanahalli,dod ballapur
somasettihalli,dod ballapur
srinivasapura,dod ballapur
siravara,dod ballapur
sevanagara,dod ballapur
majarahosahalli,dod ballapur
nellukunte,dod ballapur
karenahalli,dod ballapur
kamalur,dod ballapur
allalasandra,dod ballapur
antharahalli,dod ballapur
tapasihalli,dod ballapur
bachchahalli,dod ballapur
shivalinga pura,dod ballapur
thirumagondanahalli,dod ballapur
hadonahalli,dod ballapur
lakshmidevipura,dod ballapur
karnala,dod ballapur
naraganahalli,dod ballapur
tubagere,dod ballapur
sothenahalli,dod ballapur
yedlahalli,dod ballapur
kavalahalli,dod ballapur
bhumenahalli,dod ballapur
marahalli,dod ballapur
melekote,dod ballapur
doddarayappanahalli,dod ballapur
chikkarayappanahalli,dod ballapur
channapura,dod ballapur
heggadihalli,dod ballapur
acharlahalli,dod ballapur
tapasipura,dod ballapur
machagondahalli,dod ballapur
chowgondanahalli,dod ballapur
gantiganahalli,dod ballapur
kuruvigere,dod ballapur
dinnenahalli,dod ballapur
masthimmanahalli,dod ballapur
kachahalli,dod ballapur
muttugadahalli,dod ballapur
hireanaguddadahalli,dod ballapur
kanchiganala,dod ballapur
beedikere,dod ballapur
beedikere agrahara,dod ballapur
kurubarahalli,dod ballapur
dandu dasakodigehalli,dod ballapur
udanahalli,dod ballapur
gulyanandigunda,dod ballapur
sonnamaranahalli,dod ballapur
maralenahalli,dod ballapur
honnaghatta,dod ballapur
kolur plantation,dod ballapur
kolur,dod ballapur
kantanakunte,dod ballapur
vaddarahalli,dod ballapur
medihalli,dod ballapur
thogarighatta,dod ballapur
thimmasandra,dod ballapur
rajaghatta amanikere,dod ballapur
rajaghatta,dod ballapur
linganahalli,dod ballapur
dasagondanahalli,dod ballapur
konaghatta,dod ballapur
nagadenahalli,dod ballapur
adinarayana hosahalli,dod ballapur
ragunathapura,dod ballapur
thammasettihalli,dod ballapur
k.g.govindapura,dod ballapur
sonnappanahalli,dod ballapur
shivapura,dod ballapur
shivapura amanikere,dod ballapur
pindakuru thimmanahalli,dod ballapur
muthasandra,dod ballapur
mallathahalli,dod ballapur
palanjogihalli,dod ballapur
gangadharapura,dod ballapur
amani palankere,dod ballapur
hasanghatta,dod ballapur
madagondahalli,dod ballapur
talagavara,dod ballapur
galipuje,dod ballapur
neralaghatta,dod ballapur
mandibyadarahalli,dod ballapur
kesthur,dod ballapur
kodigehalli,dod ballapur
kakkehalli,dod ballapur
nagasandra,dod ballapur
alahalli,dod ballapur
aralamallige,dod ballapur
jakkasandra,dod ballapur
menasi,dod ballapur
kuntanahalli,dod ballapur
s.m. gollahalli,dod ballapur
ekasipura,dod ballapur
chikka tumkur,dod ballapur
jinkebachchahalli,dod ballapur
k.g. kuntanahalli,dod ballapur
hosahudya,dod ballapur
bisuvanahalli,dod ballapur
kasuvanahalli,dod ballapur
yellupura,dod ballapur
veerapura,dod ballapur
thippapura,dod ballapur
varadanahalli,dod ballapur
kolipura,dod ballapur
arehalli guddadahalli,dod ballapur
obadenahalli,dod ballapur
kadathippur,dod ballapur
sirigondanahalli,dod ballapur
badrapura,dod ballapur
konenahalli,dod ballapur
kangalapura,dod ballapur
sankarasanahalli,dod ballapur
buchanahalli,dod ballapur
thambenahalli,dod ballapur
halekote,dod ballapur
bommanahalli,dod ballapur
galibilikote,dod ballapur
byadarajakkasandra,dod ballapur
vanigarahalli,dod ballapur
thippur,dod ballapur
hanabe,dod ballapur
gundasandra,dod ballapur
madeswara,dod ballapur
k.g. basavanapura,dod ballapur
lingapura,dod ballapur
bheemarauthanahalli,dod ballapur
chikkakalenahalli,dod ballapur
sakkaregollahalli,dod ballapur
gundlahalli,dod ballapur
bommahalli,dod ballapur
mudlakalenahalli,dod ballapur
chigaranahalli,dod ballapur
kadathippenahalli,dod ballapur
chikkamankanala,dod ballapur
doddamankanala,dod ballapur
kamana agrahara,dod ballapur
koligere,dod ballapur
akkathammanahalli,dod ballapur
mallanaikanahalli,dod ballapur
ramapura,dod ballapur
jodi karapura,dod ballapur
chikkanahalli,dod ballapur
shravanur,dod ballapur
kugonahalli,dod ballapur
naranahalli,dod ballapur
doddabelavangala,dod ballapur
chikkabelavangala,dod ballapur
mugenahalli,dod ballapur
kattiihosahalli,dod ballapur
tubakunte,dod ballapur
appkarenahalli,dod ballapur
hulikunte,dod ballapur
joyis  agrahara,dod ballapur
tharabanahalli,dod ballapur
kasaghatta,dod ballapur
ambalagere,dod ballapur
karepura,dod ballapur
venkateshpura,dod ballapur
doddahejjaji,dod ballapur
chikkahejjaji amanikere,dod ballapur
chikkahejjaji,dod ballapur
hadripura,dod ballapur
madhurana hosahalli,dod ballapur
rameswara,dod ballapur
chunchegowdanahosahalli,dod ballapur
huskur,dod ballapur
bokipura,dod ballapur
honnadevipura,dod ballapur
puttaiana agrahara,dod ballapur
syakaldevanapura,dod ballapur
muppadighatta,dod ballapur
narasaihna agrahara,dod ballapur
madagondanahalli,dod ballapur
gejjigadahalli,dod ballapur
byrasandra,dod ballapur
dodda tumkur,dod ballapur
gowdahalli,dod ballapur
karim sonnenahalli,dod ballapur
kadanur,dod ballapur
mallohalli,dod ballapur
isthur,dod ballapur
gandragolipura,dod ballapur
simpadipura,dod ballapur
gulya,dod ballapur
purusanahalli,dod ballapur
halenahalli,dod ballapur
nallenahalli,dod ballapur
honnavara,dod ballapur
doddavadagere,dod ballapur
kammasandra,dod ballapur
chikkavadagere,dod ballapur
nagenahalli,dod ballapur
kenjiganahalli,dod ballapur
uddichikkanahalli,dod ballapur
kannamangala,dod ballapur
jodithimasandra,dod ballapur
puttenahalli,dod ballapur
kanasavadi,dod ballapur
marasandra,dod ballapur
ramadevanahalli,dod ballapur
kallodu,dod ballapur
k.g. sastry palya,dod ballapur
kukkanahalli,dod ballapur
kodihalli,dod ballapur
junnasandra,dod ballapur
madhure,dod ballapur
madhure amanikere,dod ballapur
channadevi agrahara,dod ballapur
basettihalli (ct),dod ballapur
dargajogihalli (og),dod ballapur
rabbanahalli,devanahalli
ramanathapura,devanahalli
meesaganahalli,devanahalli
thylagere,devanahalli
yerrappanahalli,devanahalli
kempathimmanahalli,devanahalli
moodiganahalli,devanahalli
karahalli,devanahalli
karahalli amanikere,devanahalli
kottigethimmanahalli,devanahalli
sonnenahalli,devanahalli
muddanayakanahalli,devanahalli
mayasandra,devanahalli
koira,devanahalli
koira hosur,devanahalli
chikkagollahalli,devanahalli
byadarahalli,devanahalli
shanappanahalli,devanahalli
vajarahalli,devanahalli
mangondanahalli,devanahalli
aruvanahalli,devanahalli
chapparadahalli,devanahalli
doddagollahalli,devanahalli
byradenahalli,devanahalli
chikkobanahalli,devanahalli
beerasandra,devanahalli
vishwanathapura,devanahalli
seekayanahalli,devanahalli
kundana,devanahalli
chinnakempanahalli,devanahalli
alurdoddanahalli,devanahalli
bannimangala,devanahalli
sunnagatta,devanahalli
bannimangala amanikere,devanahalli
bachahalli,devanahalli
sulakunte,devanahalli
venkatapura,devanahalli
lingadeeragollahalli,devanahalli
doddacheemanahalli,devanahalli
dyavarahalli,devanahalli
thindlu,devanahalli
pandithapura,devanahalli
juttanahalli,devanahalli
aradeshahalli,devanahalli
maragondanahalli,devanahalli
chikkannanahosahalli,devanahalli
jalige,devanahalli
bettenahalli,devanahalli
kamenahalli,devanahalli
indrasanahalli,devanahalli
hegganahalli,devanahalli
nagamangala,devanahalli
chowdenahalli,devanahalli
ilathore,devanahalli
singrahalli,devanahalli
neraganahalli,devanahalli
arasanahalli peddanahalli,devanahalli
devaganahalli,devanahalli
solur,devanahalli
solur dinne,devanahalli
doddasagarahalli,devanahalli
singawara,devanahalli
hurlagurki,devanahalli
bingipura,devanahalli
mudugurki,devanahalli
hosahudya,devanahalli
thatamachanahalli amanikere,devanahalli
venkatagirikote,devanahalli
irigenahalli,devanahalli
hosahalli,devanahalli
gollahalli,devanahalli
gonur,devanahalli
gururayana hosur,devanahalli
bijjawara,devanahalli
narayanapura,devanahalli
sambaragiddada kavalu,devanahalli
chinnappanayakana hosur,devanahalli
ranganathapura,devanahalli
p.ranganathapura,devanahalli
gudla muddenahalli,devanahalli
chikkenahalli,devanahalli
doddamuddenahalli,devanahalli
holerahalli,devanahalli
thimmahalli,devanahalli
harohalli,devanahalli
bullahalli,devanahalli
koramangala,devanahalli
byrapura,devanahalli
dandiganahalli,devanahalli
chikkanahalli,devanahalli
pura,devanahalli
kommasandra,devanahalli
haralur nagenahalli,devanahalli
bhattrenahalli,devanahalli
shettahalli,devanahalli
vijayapura amanikere,devanahalli
yaluvahalli,devanahalli
venkatenahalli,devanahalli
chandenahalli,devanahalli
kondenahalli,devanahalli
guduvanahalli,devanahalli
chikka thattamangala,devanahalli
dodda thattamangala,devanahalli
thimmanahalli,devanahalli
gaddadanagenahalli,devanahalli
mandibele,devanahalli
gejjaguppe,devanahalli
dharmapura,devanahalli
kodagurki,devanahalli
yambarahalli,devanahalli
dasarahalli,devanahalli
avathi,devanahalli
gobbarakunte,devanahalli
byrappanahalli,devanahalli
maligenahalli,devanahalli
vaderahalli,devanahalli
bidalur,devanahalli
gundlahalli,devanahalli
lakshmipura,devanahalli
setterahalli,devanahalli
savakanahalli,devanahalli
anighatta,devanahalli
devasthanada amanikere,devanahalli
devenahalli,devanahalli
attibele,devanahalli
abachikkanahalli,devanahalli
kurubarakunte,devanahalli
lalagondanahalli,devanahalli
binnamangala,devanahalli
gokare,devanahalli
boodihal,devanahalli
southegowdanahalli,devanahalli
hire amanikere,devanahalli
kasba plantation,devanahalli
bommawara,devanahalli
chikkachimanahalli,devanahalli
uganavadi,devanahalli
kempalingapura,devanahalli
mulli amanikere,devanahalli
thimmegowdana hosahalli,devanahalli
akkupet,devanahalli
upparahalli,devanahalli
sanne amanikere,devanahalli
chikkasanne,devanahalli
bandaramanahalli,devanahalli
palya,devanahalli
doddappanahalli,devanahalli
jogahalli,devanahalli
sadahalli,devanahalli
pujanahalli,devanahalli
kannamangala,devanahalli
udayagiri,devanahalli
akkalenahalli mallena - halli,devanahalli
yerthiganahalli,devanahalli
boovanahalli,devanahalli
doddasanne,devanahalli
hosathota,devanahalli
bychapura,devanahalli
anneswara,devanahalli
rayasandra,devanahalli
thammenahalli,devanahalli
yaleyur,devanahalli
chikkaramanahalli,devanahalli
hyadala,devanahalli
hiriganahalli,devanahalli
bediganahalli,devanahalli
channarayapatna amanikere,devanahalli
channarayapatna,devanahalli
gokere bachenahalli,devanahalli
mattabaralu,devanahalli
bammanahalli,devanahalli
thellohalli agrahara,devanahalli
srothreyathellohalli,devanahalli
polanahalli,devanahalli
naganayakanahalli,devanahalli
doddakurubarahalli,devanahalli
maradiane,devanahalli
ibasapura,devanahalli
gummanahalli,devanahalli
gopasandra,devanahalli
konaginabele,devanahalli
varadenahalli,devanahalli
papanahalli,devanahalli
cheemachanahalli,devanahalli
muddenahalli,devanahalli
haralur,devanahalli
channahalli,devanahalli
agalakote,devanahalli
bettakote amanikere,devanahalli
bettakote,devanahalli
reddihalli,devanahalli
nallur amari,devanahalli
nallur,devanahalli
nallappanahalli,devanahalli
mallepura,devanahalli
balepura,devanahalli
kachipura,devanahalli
bidalapura,devanahalli
bidalapura amanikere,devanahalli
devanayakanahalli,devanahalli
mallenahalli,devanahalli
jonnahalli,devanahalli
baladimmanahalli,devanahalli
kavadedasarahalli,devanahalli
bhatramarenahalli,devanahalli
kaggalahalli,devanahalli
kotnathevaru,devanahalli
budigere amanikere,devanahalli
budigere,devanahalli
handrahalli,devanahalli
gangavara chowdappana  halli,devanahalli
somathanahalli,devanahalli
thimmappanahalli,hosakote
theneyur,hosakote
chikkakurubarahalli,hosakote
imanahalli,hosakote
shivapura,hosakote
anupahalli,hosakote
esthur amanikere,hosakote
esthur  hosahalli,hosakote
ralkunte,hosakote
esthur,hosakote
cheemasandra,hosakote
dimbahalli,hosakote
balenahalli,hosakote
haniyur,hosakote
dyavasandra,hosakote
bendiganahalli,hosakote
chikkaralagere,hosakote
kachipuradakambada beedu,hosakote
mattabarlu,hosakote
shantanapura,hosakote
bathiganahalli,hosakote
nallaganahalli,hosakote
ankonahalli,hosakote
arasanahalli,hosakote
ramapura,hosakote
kadaranapura,hosakote
sulibele,hosakote
siddanahalli,hosakote
thammarasanahalli,hosakote
doddaralagere,hosakote
sashimakanahalli,hosakote
aralagere amanikere,hosakote
thammarayasandra agrahara,hosakote
srinivasapura,hosakote
bavapura,hosakote
hosadimbahalli,hosakote
bhuvanahalli,hosakote
pulimanchi,hosakote
gullahalli,hosakote
chowdasandra,hosakote
vanamanahalli,hosakote
bettahalli,hosakote
giddappanahalli,hosakote
kodipura,hosakote
valagerepura,hosakote
attibele,hosakote
yenagunte,hosakote
yethinavadeyarapura,hosakote
sadappanahalli,hosakote
m.sathyawara,hosakote
kammasandra,hosakote
hasigala,hosakote
thimmasandra,hosakote
shivadenahalli,hosakote
sonnahallipura,hosakote
kempapura,hosakote
kamblipura,hosakote
ekarajapura,hosakote
muthasandra,hosakote
venkateshapura,hosakote
nagarenahalli,hosakote
chikkakoliga,hosakote
doddakoliga,hosakote
muthukadahalli,hosakote
begur,hosakote
sonnebychanahalli,hosakote
bagalur,hosakote
gundrahalli,hosakote
bheemakkanahalli,hosakote
ittasandra,hosakote
doddaharadi plantation,hosakote
hosahardi,hosakote
hosavenkatapura,hosakote
hindiganala,hosakote
tharabahalli,hosakote
chikkondahalli,hosakote
dalasagere,hosakote
arehalli,hosakote
nelavagilu,hosakote
sarakanur,hosakote
banahalli,hosakote
geddalahallipura,hosakote
ramagovindapura,hosakote
nandagudi,hosakote
giddanahalli,hosakote
sarakar vaddahalli,hosakote
agrahara vaddahalli,hosakote
medur,hosakote
k.settihalli,hosakote
karahalli,hosakote
yeshvanthapura,hosakote
sonnekempanahalli,hosakote
korati,hosakote
doddaganahalli,hosakote
n.hosahalli,hosakote
muddenahalli,hosakote
chokkasandra,hosakote
mothakadahalli,hosakote
kondrahalli,hosakote
bylanarasapura,hosakote
hedakanahalli,hosakote
sathigenahalli,hosakote
bandahalli,hosakote
huluvanahalli,hosakote
oblahalli,hosakote
gullenahalli,hosakote
shivanapura,hosakote
karapanahalli,hosakote
mumynahosahalli,hosakote
k.sathyawara,hosakote
d.settihalli,hosakote
doddenahalli,hosakote
siddapura,hosakote
kembaliganahalli,hosakote
chinnathimmanagolla halli,hosakote
mallyappanahalli,hosakote
bisanahalli,hosakote
bheemapura,hosakote
chikkanahalli,hosakote
yelachahalli,hosakote
manchappanahalli,hosakote
kalappanahalli,hosakote
gerahalli,hosakote
thavarekere,hosakote
goravihalli,hosakote
lingapura,hosakote
beerahalli,hosakote
hethakki,hosakote
agasarahalli,hosakote
marasandahalli,hosakote
doddaramanahalli,hosakote
kolalachannenahalli,hosakote
guddadachannenahalli,hosakote
banamakanahalli,hosakote
gangapura,hosakote
venkatapura,hosakote
doddanallurahalli,hosakote
nakkanahalli,hosakote
mugabala,hosakote
poojaramanahalli,hosakote
chinnandahalli,hosakote
chikkanallala,hosakote
dabbagunte,hosakote
halasakaipura,hosakote
veerapura,hosakote
mugabala hosahalli,hosakote
mylapura,hosakote
channapura,hosakote
gottipura,hosakote
attur,hosakote
nidagatta,hosakote
doddanallala plantation,hosakote
doddanallala,hosakote
guguttahalli,hosakote
thimmapura,hosakote
ummalu,hosakote
doddadenahalli,hosakote
alagondahalli,hosakote
yelachammanahalli,hosakote
appasandra plantation,hosakote
appasandra,hosakote
injanahalli,hosakote
ambalipura,hosakote
thavatahalli,hosakote
attivatta,hosakote
solur,hosakote
mattanahalli,hosakote
jadigenahalli plantation,hosakote
orohalli,hosakote
doddathaggali,hosakote
chikkathaggali,hosakote
thaggali hosahalli,hosakote
thiratahalli,hosakote
gonakanahalli,hosakote
belamangala,hosakote
jadigenahalli,hosakote
haralur,hosakote
arlemakanahalli plantation,hosakote
arlemakanahalli,hosakote
arlemakanahalli district  plantation,hosakote
chandrapura,hosakote
vadigehalli,hosakote
karibeeranahosahalli,hosakote
bhakthagondahalli,hosakote
vijayapura,hosakote
kattigenahalli,hosakote
maragondanahalli,hosakote
kurubara gollahalli,hosakote
govindapura,hosakote
vagata,hosakote
vagata agrahara,hosakote
jinnagara,hosakote
devasettihalli,hosakote
kodihalli,hosakote
kacharakanahalli,hosakote
kanekallu,hosakote
hunasehalli,hosakote
makanahalli,hosakote
doddadasarahalli,hosakote
paramanahalli,hosakote
thindlu plantation,hosakote
thindlu,hosakote
khajihosahalli,hosakote
honachanahalli,hosakote
kamarasanahalli,hosakote
bommanabande,hosakote
devara gollahalli,hosakote
lakkondahalli,hosakote
vabasandra,hosakote
shankanipura,hosakote
alappanahalli,hosakote
upparahalli,hosakote
chikka amanikere,hosakote
kumbalahalli,hosakote
kallahalli,hosakote
kurubarahalli,hosakote
sompura,hosakote
sonnadenahalli,hosakote
yelachanayakanapura,hosakote
doddahullur,hosakote
chikkahullur,hosakote
chokkahalli,hosakote
cholappanahalli,hosakote
malimakanapura,hosakote
dasarathimmanahalli,hosakote
chikkanallurahalli,hosakote
pillagumpe,hosakote
dasarahalli,hosakote
halasahalli,hosakote
hullur amanikere,hosakote
kolathur,hosakote
kannurahalli,hosakote
ganagalu,hosakote
pethanahalli,hosakote
dodda amanikere,hosakote
sarakariguttahalli,hosakote
doddagattiganabbe,hosakote
bhaktharahalli,hosakote
mallasandra,hosakote
koralur,hosakote
appajipura,hosakote
naduvathi,hosakote
poojena agrahara,hosakote
chikkagattiganabbe,hosakote
cheemandahalli,hosakote
thirumalasettihalli,hosakote
samethanahalli,hosakote
bhodanahosahalli,hosakote
doddadunnasandra,hosakote
devalapura,hosakote
devanagondi,hosakote
lingadeeramallasandra,hosakote
somalapura,hosakote
medihalli,hosakote
devanagondi hosahalli,hosakote
obalapura,hosakote
anugondahalli,hosakote
hemmandahalli,hosakote
naganayakanakote,hosakote
harohalli,hosakote
thimmadahalli,hosakote
ajjagondahalli,hosakote
kotur,hosakote
gullakaipura,hosakote
bellikere,hosakote
bylahalli,hosakote
muthkur,hosakote
yedagondahalli,hosakote
byrahalli,hosakote
medimallasandra,hosakote
handenahalli,hosakote
basabathanahalli,hosakote
banarahalli,hosakote
s.narayanakere,hosakote
kalkunte agrahara,hosakote
muthakadahalli,hosakote
thathnur,hosakote
thiruvaranga,hosakote
bagur,hosakote
gundur,hosakote
siddanapura,hosakote
maramgere,hosakote
ganagalur,hosakote
thathnur plantation,hosakote
chikkahalli,magadi
honnapura,magadi
virupapura,magadi
mayasandra,magadi
doddahalli,magadi
basavanapalya,magadi
gangonahalli,magadi
raghuvanapalya,magadi
sannenahalli,magadi
tavarekere,magadi
yallapura,magadi
beechanahalli,magadi
hullenahalli,magadi
hebbalalu,magadi
muthagadahalli,magadi
palyadahalli,magadi
sankighatta kaval,magadi
neralekere,magadi
shankighatta,magadi
narayanapura,magadi
kalyani kaval,magadi
chikkakalya,magadi
kamasagara,magadi
thippasandra,magadi
annaiahsastripalya,magadi
raghunathapura,magadi
baganigerekaval,magadi
baganigere,magadi
dandenahalli,magadi
talekere,magadi
siddapura,magadi
machohalli,magadi
kempapura,magadi
angajanahalli,magadi
doddamudigere,magadi
iyandahalli,magadi
chikkamudigere,magadi
kalkere,magadi
kenchanahalli,magadi
marisomanahalli,magadi
doddasomanahalli,magadi
janigere,magadi
srinivasapura,magadi
mallasandra,magadi
shivanasandra,magadi
sugganahalli,magadi
kenkere,magadi
kannanur,magadi
chowdibegur,magadi
naganahalli,magadi
chikkamaskal,magadi
dollenahalli,magadi
hosahalli,magadi
veerasagara,magadi
srigiripura,magadi
mallappanahalli,magadi
marasandra,magadi
hulikal,magadi
gundigere,magadi
bettahalli,magadi
adarangi,magadi
veerapura,magadi
ajjahalli,magadi
kagimadu,magadi
thoreramanahalli,magadi
hanchibasavanapalya,magadi
thammenahalli,magadi
lakkenahalli,magadi
kodihalli,magadi
gollahalli,magadi
parvathapura,magadi
byrapura,magadi
kuthingere,magadi
mallligunte,magadi
kenchanapura,magadi
aladakatte,magadi
madigondanahalli,magadi
kannasandra,magadi
narasandra,magadi
bisalahalli,magadi
k.g.krishnapura,magadi
muthasagara,magadi
biskuru,magadi
kaduramanahalli,magadi
surappanahalli,magadi
marur,magadi
dommanakatte,magadi
kempohalli,magadi
manniganahalli,magadi
chilur,magadi
hanumapura,magadi
vajarahalli,magadi
mylanahalli,magadi
alur,magadi
mooganahalli,magadi
mallapura,magadi
shiraganahalli,magadi
banavadi,magadi
byrasandra,magadi
udakunte,magadi
kalluhattipalya,magadi
palanahalli,magadi
shanthapura,magadi
muppenahalli,magadi
narasapura,magadi
hemapura,magadi
rangenahalli,magadi
kuppemala,magadi
yannegere,magadi
chikkenahalli,magadi
vaddarahalli,magadi
gangenapura,magadi
bittasandra,magadi
mallikarjunapalya,magadi
kanikenahalli,magadi
goruru,magadi
ramanahalli,magadi
ranganabetta,magadi
thattekere,magadi
channohalli,magadi
thimmasandra,magadi
arasinakunte,magadi
ombathanakunte,magadi
tubarapalya,magadi
soluru,magadi
lingenahalli,magadi
parvathapalya,magadi
koramangala,magadi
beeravara,magadi
kudaluru,magadi
chikkasoluru,magadi
kalyanapura,magadi
somedevanahalli,magadi
hyaganahalli,magadi
byadarahalli,magadi
uddandahalli,magadi
gudemaranahalli,magadi
garageswarapura,magadi
hakkinalu,magadi
marikuppe,magadi
basavenahalli,magadi
pemmanahalli,magadi
thirumalapura,magadi
kothagondanahalli,magadi
thorechannohalli,magadi
malluru,magadi
marenahalli,magadi
motagondanahalli,magadi
bommanahalli,magadi
bhantrakuppe,magadi
mummenahalli,magadi
varadohalli,magadi
kalari,magadi
kodipalya,magadi
honge kaval,magadi
halasinganahalli,magadi
hujagal,magadi
nagasettihalli,magadi
byalakere,magadi
shidaganahalli,magadi
harthi,magadi
kanchugaranahalli,magadi
gudepalya,magadi
dubbagottige,magadi
thaggikuppe,magadi
mayanaikanahalli,magadi
vitalapura,magadi
kalya,magadi
basavapatna,magadi
kalari kaval,magadi
upparthi,magadi
sripathihalli,magadi
halashettihalli,magadi
juttanahalli,magadi
harohalli,magadi
voddarapalya,magadi
chandurayanahalli,magadi
aladakattepalya,magadi
karagadahalli,magadi
bychapura,magadi
bettadasipalya,magadi
nasarumavinakatte,magadi
singripalya,magadi
belagumba,magadi
panakanakallu,magadi
thirumale,magadi
magadi (rural),magadi
thatavalu,magadi
viswanathapura,magadi
kempasagara,magadi
sathanur,magadi
donakuppe,magadi
halasabele,magadi
agalakote,magadi
dandigepura,magadi
tubinakere,magadi
kondahalli,magadi
balekatte,magadi
udavigere,magadi
nethenahalli,magadi
gummasandra,magadi
melanahalli,magadi
somakkanamutta,magadi
vengalappanahalli,magadi
maralagondala,magadi
chikkathorepalya,magadi
gollarapalya,magadi
thagachaguppe,magadi
bachenahatti,magadi
adakamaranahalli,magadi
varadenahalli,magadi
shanubhoganahalli,magadi
kallur,magadi
singadasanahalli,magadi
managallu,magadi
settarahalli,magadi
madabal,magadi
shambhudevanahalli,magadi
pura (gattipura),magadi
subbasastripalya,magadi
karlahalli,magadi
thyagadarepalya,magadi
nagamangala,magadi
siddedevarabetta state forest,magadi
channapura,magadi
balenahalli,magadi
huluvenahalli,magadi
heligehalli,magadi
mathikere,magadi
maraludevanapura,magadi
hulikatte,magadi
varthenahalli,magadi
mallenahalli,magadi
alalakuppe,magadi
yalagadahalli,magadi
chakrabavi,magadi
gattipura,magadi
sadamaranahalli,magadi
seegekuppe,magadi
kalludevanahalli,magadi
t.channapura,magadi
s.bydarahalli,magadi
belagavadi,magadi
gejjagaraguppe,magadi
lakkasandra,magadi
neralavadi,magadi
kotagarahalli,magadi
gerahalli,magadi
guddalahalli,magadi
ajjanahalli,magadi
annekaranahalli,magadi
attingere,magadi
matha,magadi
kalyanadevramatha,magadi
nayakanapalya,magadi
hanchikuppe,magadi
rangacharipalya,magadi
papasastripalya,magadi
karlamangala,magadi
guddahalli,magadi
polohalli,magadi
savanadurga state forest,magadi
nelapatna,magadi
doddamaskal,magadi
awerahalli,magadi
dabbaguli,magadi
manchanabele,magadi
kudur (ct),magadi
kadaramangala,channapatna
makali state forest,channapatna
makali,channapatna
nayidolle,channapatna
dasavara,channapatna
kelagere,channapatna
harohallidoddi,channapatna
byranayakanahalli,channapatna
ammallydoddi,channapatna
gowdagere,channapatna
siddanahalli,channapatna
mandya bommanayakanahalli,channapatna
aralapura,channapatna
honnayakanahalli,channapatna
thimmasandra,channapatna
bevooru,channapatna
kannasandra,channapatna
thavatanahallidoddi,channapatna
thavatanahalli,channapatna
byadarahalli,channapatna
guddehosuru,channapatna
thenkanahalli,channapatna
huluvady,channapatna
mankunda,channapatna
devarahalli,channapatna
anigere,channapatna
seebanahalli,channapatna
koluru,channapatna
dhabanagunda,channapatna
mudigere,channapatna
settihalli,channapatna
malur,channapatna
hottiganahosahalli,channapatna
chakkere,channapatna
sankalagere,channapatna
kadukothanahalli,channapatna
kadukothanahalli plantation,channapatna
mathikere,channapatna
mudigere plantation,channapatna
belakere,channapatna
marchanahalli,channapatna
kukkur,channapatna
koornagere state forest,channapatna
govindanahalli,channapatna
koornagere,channapatna
thubinakere,channapatna
chakkalur,channapatna
malurpatna,channapatna
nagavara,channapatna
chikkenahalli,channapatna
mogenahalli,channapatna
mylanayakanahalli,channapatna
thore hosur,channapatna
patlu,channapatna
komananahalli,channapatna
abbur,channapatna
yelehosahalli,channapatna
kannamangala,channapatna
vandaraguppe,channapatna
cholamaranahalli,channapatna
devarahosahalli,channapatna
rampura,channapatna
gendemadu,channapatna
honniganahalli,channapatna
chikkamannugudde state forest,channapatna
bommanahalli,channapatna
thagachakere,channapatna
thattekere,channapatna
lalaghatta,channapatna
kothanahalli,channapatna
mangalawarpet,channapatna
chikka maluru,channapatna
mylanathapura,channapatna
neelakantanahalli,channapatna
kudlur,channapatna
santhemogenahalli,channapatna
honganur,channapatna
sunnaghatta,channapatna
neelasandra,channapatna
kodipura,channapatna
sanabanahalli,channapatna
attiguppe,channapatna
brahmanipura,channapatna
mallamgere,channapatna
doddanahalli,channapatna
ankushanahalli,channapatna
agrahara valagerehalli,channapatna
sulleri,channapatna
avverahalli,channapatna
malagalu,channapatna
hosahalli,channapatna
akkur,channapatna
nagapura,channapatna
somanathapura,channapatna
virupakshipura,channapatna
chagaredoddi,channapatna
banduru valagerehalli,channapatna
dyavapatna,channapatna
aralalasandra,channapatna
menasiganahalli,channapatna
vitalenahalli,channapatna
virupasandra,channapatna
soudahalli,channapatna
mangadahalli,channapatna
ballapatna,channapatna
hunasanahalli,channapatna
kondapura,channapatna
banagahalli,channapatna
sogala,channapatna
sadahalli,channapatna
krishnapura,channapatna
garakahalli,channapatna
harokoppa,channapatna
madapura,channapatna
bananthahalli,channapatna
halehalli,channapatna
ambadahalli,channapatna
nunnuru,channapatna
neralur,channapatna
iggaluru,channapatna
saraguru,channapatna
nelamakanahalli,channapatna
yalethotadahalli,channapatna
yaliyur,channapatna
siddapura,channapatna
kallapura,channapatna
jagadapura,channapatna
bachahalli,channapatna
kodamballi,channapatna
neralapura,channapatna
voddarahalli,channapatna
bychapura,channapatna
karekoppa,channapatna
shanubhoganahalli,channapatna
byrasettihalli,channapatna
singarajapura,channapatna
haniyur,channapatna
kodihosahalli,channapatna
bhoohalli,channapatna
ujjanahalli,channapatna
bukkasagara,channapatna
kethara vaderahalli,channapatna
kanivekatte,kanakapura
pichanakere,kanakapura
gollahalli,kanakapura
kolliganahalli,kanakapura
anedoddi,kanakapura
kadasikoppa,kanakapura
sontenahalli,kanakapura
yerehalli,kanakapura
medamaranahalli,kanakapura
mudenahalli,kanakapura
hosakote,kanakapura
gabbadi kaval,kanakapura
gabbadi,kanakapura
hosagabbadi,kanakapura
kaggalahalli,kanakapura
vaderahalli,kanakapura
yadamadu,kanakapura
bettahalli kaval,kanakapura
gottigehalli,kanakapura
ragihalli state forest,kanakapura
gullahatti kaval,kanakapura
kadujakkasandra,kanakapura
marasandra,kanakapura
harohalli,kanakapura
thamasandra,kanakapura
hulugondanahalli,kanakapura
kurubarhalli,kanakapura
doddakalbalu,kanakapura
kottagalu,kanakapura
singasandra,kanakapura
doddamuduwadi,kanakapura
bandiganahalli,kanakapura
googaredoddi,kanakapura
dimbadahalli,kanakapura
haravathipalya,kanakapura
aratabele,kanakapura
belaguli,kanakapura
chikkakalbalu,kanakapura
bannikuppe,kanakapura
hebbidarametlu,kanakapura
devarakaggalahalli,kanakapura
maralagere,kanakapura
chulakanakere kaval,kanakapura
bheemasandra,kanakapura
dyavasandra,kanakapura
konasandra,kanakapura
cheeluru,kanakapura
jakkasandra,kanakapura
keeranagere,kanakapura
chikkadevarahalli,kanakapura
t.hosahalli,kanakapura
balechannanavalse,kanakapura
paduvanagere,kanakapura
doddasadenahalli,kanakapura
chakkasadenahalli,kanakapura
agara,kanakapura
malligemetlu,kanakapura
ballagere,kanakapura
marigowdanadoddi,kanakapura
guthalahonase,kanakapura
ajjegowdanavalase,kanakapura
mavathoor,kanakapura
bachahalli,kanakapura
m.maniyambal,kanakapura
dunnasandra,kanakapura
thokasandra,kanakapura
hosathokasandra,kanakapura
hosahalli,kanakapura
devarahalli,kanakapura
chikkamaralavadi,kanakapura
anehosahalli,kanakapura
rampura gatthalkere kaval,kanakapura
avaremala,kanakapura
gundanagollahalli,kanakapura
ramapura k.h.kaval,kanakapura
gadaranahalli,kanakapura
attikuppe,kanakapura
goduru,kanakapura
billiganakuppe,kanakapura
thattekere,kanakapura
kolalugundi,kanakapura
t.maniyambal,kanakapura
banavasi,kanakapura
arekadakalu,kanakapura
marasarahalli,kanakapura
doddamaralawadi,kanakapura
huyalappanahalli,kanakapura
kallanakuppe,kanakapura
sheetalavadi,kanakapura
kattarinatha,kanakapura
yalachavadi,kanakapura
linganapura,kanakapura
bantanalu,kanakapura
therubeedi,kanakapura
sundagatta,kanakapura
bilikal forest,kanakapura
byalalu,kanakapura
anajawadi,kanakapura
chikkamuduwadi,kanakapura
vadedoddi,kanakapura
udarahalli,kanakapura
murkani,kanakapura
h.kothanur,kanakapura
belikothanur,kanakapura
basavanahalli,kanakapura
somedyapanahalli,kanakapura
mallappana hosahalli,kanakapura
muradihosahalli,kanakapura
banthamari state forest,kanakapura
allimaranahalli,kanakapura
dollahalli,kanakapura
ganalu,kanakapura
konamanahalli,kanakapura
ramapura,kanakapura
tungani,kanakapura
rayasandra,kanakapura
anmanahalli,kanakapura
agrahara,kanakapura
aralalusandra,kanakapura
tigalarahalli,kanakapura
thammasandra,kanakapura
kallahalli,kanakapura
aranakuppe,kanakapura
baradanahalli,kanakapura
virupasandra,kanakapura
chakanahalli,kanakapura
gowdahalli,kanakapura
kerelallusandra,kanakapura
cheeranakuppe,kanakapura
dyapegowdanadoddi,kanakapura
aralalu,kanakapura
shivanahalli,kanakapura
gadasahalli,kanakapura
doddathandya,kanakapura
kanakapura (rural),kanakapura
boodiguppa,kanakapura
boramanadoddi,kanakapura
ramanahalli,kanakapura
kuthagondanahalli,kanakapura
hanumanahalli,kanakapura
anjanapura,kanakapura
seegekote,kanakapura
chokasandra,kanakapura
bekuppe,kanakapura
jogammanahosahalli,kanakapura
tigalarahosahalli,kanakapura
therinadoddi,kanakapura
horalagallu,kanakapura
kunuru,kanakapura
hulibele,kanakapura
nidagallu,kanakapura
nidagallu aralasandra,kanakapura
narayanapura,kanakapura
kebbehalli,kanakapura
chikkabettahalli,kanakapura
goravinapura,kanakapura
kanchanahalli,kanakapura
kabbal forest,kanakapura
alur,kanakapura
maradevanahalli,kanakapura
tailuru  forest,kanakapura
somanathapura,kanakapura
choodahalli,kanakapura
kurubarahalli,kanakapura
thenganayakanahalli,kanakapura
honnahalli,kanakapura
suranahalli,kanakapura
kambasagara,kanakapura
kabbal,kanakapura
hoskabbalu,kanakapura
arekattedoddi,kanakapura
attihalli,kanakapura
medanahalli,kanakapura
gerahalli,kanakapura
yalavalli,kanakapura
bommanahalli,kanakapura
thotahalli,kanakapura
mallapura,kanakapura
arehosahalli,kanakapura
kachavanahalli,kanakapura
dalimba,kanakapura
vaddaradoddi,kanakapura
anamanahalli,kanakapura
naripura,kanakapura
halasinamaradahalli,kanakapura
sasalapura,kanakapura
mudalaswamikuppe,kanakapura
honniganahalli,kanakapura
kemmale,kanakapura
sathanur,kanakapura
sorekayidoddi,kanakapura
yadugowdanahalli,kanakapura
achalu,kanakapura
deshohalli,kanakapura
nagarasanakote,kanakapura
halasuru,kanakapura
kunchitigarapalya,kanakapura
kadahalli,kanakapura
harihara,kanakapura
kempegowdana doddi,kanakapura
sambapura,kanakapura
sooligere,kanakapura
bannane,kanakapura
konanagundi,kanakapura
boohalli,kanakapura
dunthuru,kanakapura
chikkalahalli,kanakapura
makkalandha,kanakapura
chikkamudude,kanakapura
nayakanahalli,kanakapura
yadamaranahalli,kanakapura
puradadoddi,kanakapura
marale bekuppe,kanakapura
margadevanagundi,kanakapura
kuthagale,kanakapura
kokkarehosahalli,kanakapura
hukundha,kanakapura
chikkakoppa,kanakapura
mullahalli,kanakapura
nallahalli,kanakapura
mahimanahalli,kanakapura
alahalli,kanakapura
uyyamballi,kanakapura
cheelandvadi,kanakapura
hoolya,kanakapura
cheelandavadi forest,kanakapura
veerasandra,kanakapura
hyra,kanakapura
hegganuru,kanakapura
heligehalli,kanakapura
vadakekatte,kanakapura
purushagondanahalli,kanakapura
madarahalli,kanakapura
doddakoppa,kanakapura
thagadegowdanadoddi,kanakapura
kotekoppa,kanakapura
arekoppa,kanakapura
shuivanegowdanadoddi,kanakapura
haroshivanahalli,kanakapura
bennegodlu,kanakapura
mahalli,kanakapura
mugguru  forest,kanakapura
mugguru,kanakapura
garalapura,kanakapura
arakere,kanakapura
doddaguli,kanakapura
hanchiguli,kanakapura
kebre,kanakapura
k.gollahalli,kanakapura
yerahalli,kanakapura
herandyappanahalli,kanakapura
gulliganahalli,kanakapura
thippur,kanakapura
yakkuli,kanakapura
ajjabasavanahalli,kanakapura
doddakabbahalli,kanakapura
aralimarada doddi,kanakapura
tattiguppe,kanakapura
bijjahalli,kanakapura
gattigunda,kanakapura
kadushivanahalli,kanakapura
kolagondanahalli,kanakapura
aralagadakallu,kanakapura
manjilnatha,kanakapura
yalachahalli,kanakapura
basavapatna veerasandra,kanakapura
belidale,kanakapura
chamundipura,kanakapura
bommasandra,kanakapura
yeramgere,kanakapura
kodihalli,kanakapura
hosadoddi,kanakapura
t.gollahalli,kanakapura
channasandra,kanakapura
balepura,kanakapura
hosadurga,kanakapura
bheemagondanahalli,kanakapura
cheekalegowdanadoddi,kanakapura
hanakadaburu,kanakapura
salabanni,kanakapura
guddaveerana hosahalli,kanakapura
kempalanatha,kanakapura
halanatha,kanakapura
hunasalanatha,kanakapura
kudigalane,kanakapura
irlapodu,kanakapura
bannimukkodlu,kanakapura
chikkmukodlu,kanakapura
thattikere,kanakapura
balagondanahalli,kanakapura
hunsanahalli,kanakapura
ganganahalli,kanakapura
hunasanakodihalli,kanakapura
